order_id,customer_id,customer_country,order_date,category,product,quantity,unit_price,discount_pct,discount_amount,gross_amount,net_amount,channel,payment_method,order_status
ORD000001,CUST00883,India,2024-09-07 01:00:00,Clothing,Hoodie,2,53.96,0.0,0.0,107.92,107.92,Paid Ads,Credit Card,Completed
ORD000002,CUST00846,USA,2024-10-29 05:00:00,Clothing,Jeans,1,33.27,0.0,0.0,33.27,33.27,Organic Search,UPI,Completed
ORD000003,CUST00760,Germany,2025-05-10 07:00:00,Toys,Action Figure,4,38.99,5.0,7.8,155.96,148.16,Paid Ads,UPI,Completed
ORD000004,CUST01019,Canada,2024-10-29 11:00:00,Sports,Dumbbells,1,14.2,0.0,0.0,14.2,14.2,Social Media,PayPal,Completed
ORD000005,CUST01438,UK,2024-11-16 16:00:00,Clothing,Hoodie,1,52.7,0.0,0.0,52.7,52.7,Organic Search,UPI,Completed
ORD000006,CUST00560,UK,2024-01-04 17:00:00,Beauty,Face Cream,1,34.81,0.0,0.0,34.81,34.81,Social Media,Credit Card,Completed
ORD000007,CUST00054,Canada,2024-06-12 20:00:00,Electronics,Wireless Earbuds,1,49.93,0.0,0.0,49.93,49.93,Social Media,Credit Card,Completed
ORD000008,CUST01135,UK,2025-01-04 00:00:00,Clothing,T-Shirt,1,73.78,0.0,0.0,73.78,73.78,Paid Ads,Debit Card,Completed
ORD000009,CUST00275,USA,2024-09-03 06:00:00,Sports,Running Shoes,1,38.43,0.0,0.0,38.43,38.43,Organic Search,PayPal,Returned
ORD000010,CUST00549,USA,2024-11-29 18:00:00,Home & Kitchen,Bed Sheets,2,55.95,0.0,0.0,111.9,111.9,Email,Debit Card,Completed
ORD000011,CUST00772,Canada,2024-10-22 09:00:00,Home & Kitchen,Storage Box,1,13.01,5.0,0.65,13.01,12.36,Direct,Debit Card,Completed
ORD000012,CUST00621,India,2025-02-17 10:00:00,Books,Novel,1,25.71,0.0,0.0,25.71,25.71,Direct,Cash on Delivery,Completed
ORD000013,CUST01201,Germany,2024-09-09 21:00:00,Books,Biography,3,27.11,0.0,0.0,81.33,81.33,Paid Ads,Credit Card,Completed
ORD000014,CUST00653,USA,2024-12-26 08:00:00,Home & Kitchen,Bed Sheets,1,76.45,0.0,0.0,76.45,76.45,Email,Debit Card,Completed
ORD000015,CUST01020,India,2024-10-18 02:00:00,Electronics,Bluetooth Speaker,1,22.79,0.0,0.0,22.79,22.79,Paid Ads,UPI,Completed
ORD000016,CUST00175,UK,2025-01-11 04:00:00,Clothing,Jacket,2,47.28,5.0,4.73,94.56,89.83,Organic Search,Cash on Delivery,Completed
ORD000017,CUST01475,India,2024-04-12 11:00:00,Clothing,T-Shirt,1,57.13,5.0,2.86,57.13,54.27,Social Media,Credit Card,Completed
ORD000018,CUST00336,India,2024-04-11 02:00:00,Clothing,Jacket,1,71.78,0.0,0.0,71.78,71.78,Organic Search,PayPal,Completed
ORD000019,CUST00292,India,2025-02-27 12:00:00,Toys,Puzzle,1,22.72,0.0,0.0,22.72,22.72,Organic Search,PayPal,Completed
ORD000020,CUST00843,India,2024-11-24 16:00:00,Electronics,Bluetooth Speaker,2,128.71,0.0,0.0,257.42,257.42,Paid Ads,Cash on Delivery,Completed
ORD000021,CUST01338,UK,2025-01-14 00:00:00,Electronics,USB-C Cable,2,37.93,5.0,3.79,75.86,72.07,Email,Cash on Delivery,Completed
ORD000022,CUST00938,Canada,2024-06-02 09:00:00,Sports,Running Shoes,1,69.15,0.0,0.0,69.15,69.15,Paid Ads,Debit Card,Returned
ORD000023,CUST01393,India,2024-05-15 15:00:00,Clothing,Hoodie,1,28.87,5.0,1.44,28.87,27.43,Email,PayPal,Completed
ORD000024,CUST00887,UK,2024-04-03 02:00:00,Beauty,Perfume,1,27.84,10.0,2.78,27.84,25.06,Email,Credit Card,Completed
ORD000025,CUST00455,India,2025-05-13 18:00:00,Books,Self-Help Book,2,25.03,0.0,0.0,50.06,50.06,Paid Ads,Cash on Delivery,Completed
ORD000026,CUST00803,USA,2024-01-12 08:00:00,Sports,Running Shoes,1,83.16,0.0,0.0,83.16,83.16,Paid Ads,Debit Card,Completed
ORD000027,CUST01232,India,2024-07-26 09:00:00,Clothing,Sneakers,4,40.96,15.0,24.58,163.84,139.26,Paid Ads,Cash on Delivery,Completed
ORD000028,CUST00901,India,2025-05-12 22:00:00,Beauty,Face Cream,1,50.81,15.0,7.62,50.81,43.19,Social Media,Credit Card,Completed
ORD000029,CUST00857,India,2024-11-20 06:00:00,Electronics,USB-C Cable,1,42.56,0.0,0.0,42.56,42.56,Organic Search,PayPal,Completed
ORD000030,CUST00532,Australia,2025-04-25 12:00:00,Home & Kitchen,Bed Sheets,1,93.08,0.0,0.0,93.08,93.08,Paid Ads,Credit Card,Completed
ORD000031,CUST00628,Germany,2024-05-03 15:00:00,Beauty,Sunscreen,4,53.65,5.0,10.73,214.6,203.87,Social Media,Credit Card,Completed
ORD000032,CUST00607,India,2025-01-22 02:00:00,Clothing,Jacket,4,69.68,0.0,0.0,278.72,278.72,Paid Ads,Debit Card,Completed
ORD000033,CUST00783,India,2024-03-14 22:00:00,Sports,Water Bottle,1,18.63,5.0,0.93,18.63,17.7,Organic Search,Cash on Delivery,Completed
ORD000034,CUST01247,India,2025-01-23 01:00:00,Toys,Puzzle,2,21.09,0.0,0.0,42.18,42.18,Organic Search,Credit Card,Completed
ORD000035,CUST00735,USA,2024-06-02 18:00:00,Electronics,Smartphone Case,1,112.88,10.0,11.29,112.88,101.59,Direct,Credit Card,Returned
ORD000036,CUST01242,Germany,2024-04-07 11:00:00,Sports,Water Bottle,1,34.92,0.0,0.0,34.92,34.92,Organic Search,Credit Card,Completed
ORD000037,CUST01414,India,2024-10-10 13:00:00,Home & Kitchen,Storage Box,4,36.59,0.0,0.0,146.36,146.36,Paid Ads,Cash on Delivery,Completed
ORD000038,CUST00247,USA,2024-10-12 03:00:00,Clothing,Hoodie,3,33.62,0.0,0.0,100.86,100.86,Paid Ads,PayPal,Completed
ORD000039,CUST01430,Canada,2025-01-10 14:00:00,Beauty,Face Cream,1,24.32,0.0,0.0,24.32,24.32,Organic Search,UPI,Completed
ORD000040,CUST00699,India,2024-10-21 00:00:00,Sports,Resistance Bands,1,71.09,0.0,0.0,71.09,71.09,Organic Search,Cash on Delivery,Completed
ORD000041,CUST00849,USA,2024-09-12 14:00:00,Toys,Puzzle,2,41.43,5.0,4.14,82.86,78.72,Organic Search,PayPal,Completed
ORD000042,CUST00974,India,2025-04-02 04:00:00,Toys,Building Blocks,1,36.45,0.0,0.0,36.45,36.45,Direct,Debit Card,Completed
ORD000043,CUST00493,India,2025-02-17 12:00:00,Sports,Running Shoes,1,60.24,0.0,0.0,60.24,60.24,Organic Search,Cash on Delivery,Completed
ORD000044,CUST01242,Germany,2025-04-01 07:00:00,Home & Kitchen,Coffee Maker,2,99.13,0.0,0.0,198.26,198.26,Paid Ads,Credit Card,Returned
ORD000045,CUST00968,India,2025-04-14 10:00:00,Electronics,Bluetooth Speaker,1,36.98,0.0,0.0,36.98,36.98,Social Media,Debit Card,Completed
ORD000046,CUST01384,India,2024-10-15 20:00:00,Books,Cookbook,3,26.4,5.0,3.96,79.2,75.24,Organic Search,Credit Card,Completed
ORD000047,CUST00670,India,2025-04-15 13:00:00,Books,Comic,1,19.9,0.0,0.0,19.9,19.9,Organic Search,Cash on Delivery,Completed
ORD000048,CUST00875,India,2024-06-20 16:00:00,Beauty,Shampoo,1,27.6,0.0,0.0,27.6,27.6,Email,Debit Card,Completed
ORD000049,CUST00311,USA,2024-06-29 02:00:00,Beauty,Sunscreen,1,41.23,0.0,0.0,41.23,41.23,Organic Search,Cash on Delivery,Completed
ORD000050,CUST00732,Germany,2025-05-06 05:00:00,Toys,RC Car,1,32.13,0.0,0.0,32.13,32.13,Social Media,Debit Card,Completed
ORD000051,CUST01233,India,2024-02-08 20:00:00,Sports,Yoga Mat,1,76.95,10.0,7.7,76.95,69.25,Email,UPI,Completed
ORD000052,CUST00415,UK,2024-05-31 21:00:00,Electronics,Smartphone Case,1,86.76,0.0,0.0,86.76,86.76,Social Media,Cash on Delivery,Completed
ORD000053,CUST00556,USA,2024-02-28 14:00:00,Toys,Building Blocks,1,26.4,10.0,2.64,26.4,23.76,Direct,UPI,Completed
ORD000054,CUST01165,India,2024-09-22 12:00:00,Clothing,Sneakers,1,73.51,0.0,0.0,73.51,73.51,Direct,Credit Card,Completed
ORD000055,CUST00962,UK,2025-03-19 21:00:00,Toys,Puzzle,1,26.64,10.0,2.66,26.64,23.98,Social Media,Debit Card,Completed
ORD000056,CUST00620,Germany,2024-07-08 21:00:00,Clothing,Jeans,1,29.21,5.0,1.46,29.21,27.75,Social Media,PayPal,Completed
ORD000057,CUST00979,USA,2024-06-21 15:00:00,Books,Novel,1,21.49,0.0,0.0,21.49,21.49,Direct,Debit Card,Completed
ORD000058,CUST01199,Germany,2024-07-28 11:00:00,Toys,Action Figure,1,12.21,0.0,0.0,12.21,12.21,Social Media,PayPal,Completed
ORD000059,CUST00099,India,2024-04-27 19:00:00,Toys,Action Figure,1,24.5,0.0,0.0,24.5,24.5,Social Media,Credit Card,Completed
ORD000060,CUST00431,India,2024-05-03 16:00:00,Clothing,Sneakers,4,29.27,0.0,0.0,117.08,117.08,Paid Ads,UPI,Completed
ORD000061,CUST00253,Canada,2024-06-07 05:00:00,Electronics,Smartphone Case,1,75.76,0.0,0.0,75.76,75.76,Paid Ads,UPI,Completed
ORD000062,CUST01455,India,2024-09-21 03:00:00,Beauty,Sunscreen,2,24.86,0.0,0.0,49.72,49.72,Paid Ads,Debit Card,Completed
ORD000063,CUST00830,USA,2025-05-03 07:00:00,Clothing,Sneakers,1,55.37,0.0,0.0,55.37,55.37,Social Media,UPI,Completed
ORD000064,CUST00989,India,2025-05-09 00:00:00,Home & Kitchen,Storage Box,4,62.85,0.0,0.0,251.4,251.4,Paid Ads,PayPal,Completed
ORD000065,CUST00144,India,2024-11-18 00:00:00,Home & Kitchen,Blender,1,58.08,5.0,2.9,58.08,55.18,Email,Debit Card,Completed
ORD000066,CUST01132,USA,2024-01-31 06:00:00,Electronics,Bluetooth Speaker,2,58.78,0.0,0.0,117.56,117.56,Email,Cash on Delivery,Completed
ORD000067,CUST00298,India,2024-04-26 14:00:00,Sports,Dumbbells,1,17.3,0.0,0.0,17.3,17.3,Paid Ads,Credit Card,Completed
ORD000068,CUST00201,UK,2024-11-07 18:00:00,Books,Comic,2,14.95,0.0,0.0,29.9,29.9,Organic Search,Cash on Delivery,Completed
ORD000069,CUST00846,USA,2025-02-23 02:00:00,Books,Cookbook,1,27.51,5.0,1.38,27.51,26.13,Social Media,Debit Card,Completed
ORD000070,CUST00663,UK,2024-01-01 06:00:00,Electronics,USB-C Cable,1,32.25,0.0,0.0,32.25,32.25,Email,Credit Card,Completed
ORD000071,CUST00495,USA,2024-09-06 07:00:00,Books,Self-Help Book,1,7.3,10.0,0.73,7.3,6.57,Email,Cash on Delivery,Completed
ORD000072,CUST00326,Germany,2025-02-10 08:00:00,Beauty,Sunscreen,1,10.32,0.0,0.0,10.32,10.32,Email,UPI,Completed
ORD000073,CUST00193,Canada,2024-06-09 10:00:00,Clothing,Jeans,1,32.07,5.0,1.6,32.07,30.47,Email,PayPal,Completed
ORD000074,CUST01126,USA,2024-02-16 17:00:00,Beauty,Face Cream,1,15.79,0.0,0.0,15.79,15.79,Social Media,PayPal,Completed
ORD000075,CUST00440,India,2024-01-29 02:00:00,Beauty,Lipstick,1,42.91,10.0,4.29,42.91,38.62,Email,UPI,Completed
ORD000076,CUST00376,India,2024-02-07 20:00:00,Toys,Building Blocks,2,40.19,5.0,4.02,80.38,76.36,Paid Ads,PayPal,Completed
ORD000077,CUST00305,Germany,2024-12-04 07:00:00,Clothing,T-Shirt,1,50.92,0.0,0.0,50.92,50.92,Social Media,Credit Card,Completed
ORD000078,CUST01438,UK,2025-04-15 20:00:00,Home & Kitchen,Blender,1,50.9,0.0,0.0,50.9,50.9,Direct,Credit Card,Completed
ORD000079,CUST01465,Australia,2024-10-27 13:00:00,Clothing,Sneakers,1,57.29,0.0,0.0,57.29,57.29,Organic Search,Cash on Delivery,Completed
ORD000080,CUST00292,India,2024-09-27 01:00:00,Home & Kitchen,Blender,1,25.33,5.0,1.27,25.33,24.06,Social Media,PayPal,Completed
ORD000081,CUST01302,Australia,2024-08-26 14:00:00,Books,Cookbook,1,14.85,10.0,1.48,14.85,13.37,Paid Ads,Debit Card,Completed
ORD000082,CUST01381,India,2024-01-06 20:00:00,Electronics,USB-C Cable,4,17.98,0.0,0.0,71.92,71.92,Paid Ads,Debit Card,Completed
ORD000083,CUST00422,Germany,2024-04-18 10:00:00,Electronics,Smartphone Case,1,41.92,0.0,0.0,41.92,41.92,Organic Search,UPI,Returned
ORD000084,CUST01436,India,2024-07-26 00:00:00,Home & Kitchen,Coffee Maker,1,79.2,0.0,0.0,79.2,79.2,Organic Search,UPI,Completed
ORD000085,CUST00029,USA,2024-07-12 01:00:00,Clothing,Jacket,4,28.94,0.0,0.0,115.76,115.76,Direct,Credit Card,Completed
ORD000086,CUST01357,Canada,2024-02-26 21:00:00,Sports,Dumbbells,1,77.06,0.0,0.0,77.06,77.06,Organic Search,Debit Card,Completed
ORD000087,CUST00937,India,2024-03-24 01:00:00,Beauty,Sunscreen,3,9.22,,0.0,27.66,27.66,Paid Ads,PayPal,Completed
ORD000088,CUST01092,UK,2024-03-29 02:00:00,Toys,RC Car,1,46.74,0.0,0.0,46.74,46.74,Organic Search,Credit Card,Completed
ORD000089,CUST01171,UK,2025-05-11 05:00:00,Books,Biography,1,13.35,0.0,0.0,13.35,13.35,Social Media,UPI,Completed
ORD000090,CUST00692,USA,2025-03-09 01:00:00,Beauty,Shampoo,1,36.27,20.0,7.25,36.27,29.02,Organic Search,Cash on Delivery,Completed
ORD000091,CUST00085,India,2025-05-10 04:00:00,Clothing,Hoodie,2,75.71,0.0,0.0,151.42,151.42,Organic Search,UPI,Completed
ORD000092,CUST01074,India,2024-01-22 16:00:00,Clothing,Jacket,1,61.45,0.0,0.0,61.45,61.45,Paid Ads,Credit Card,Completed
ORD000093,CUST00297,Germany,2024-09-05 06:00:00,Sports,Resistance Bands,1,10.54,0.0,0.0,10.54,10.54,Organic Search,Credit Card,Completed
ORD000094,CUST00429,USA,2024-09-04 02:00:00,Beauty,Shampoo,1,19.07,5.0,0.95,19.07,18.12,Paid Ads,Credit Card,Completed
ORD000095,CUST00021,UK,2024-08-01 14:00:00,Electronics,Smartphone Case,2,111.51,0.0,0.0,223.02,223.02,Organic Search,Credit Card,Completed
ORD000096,CUST01093,UK,2024-08-17 12:00:00,Beauty,Shampoo,2,12.31,0.0,0.0,24.62,24.62,Organic Search,Cash on Delivery,Completed
ORD000097,CUST01188,India,2024-09-07 15:00:00,Clothing,T-Shirt,2,38.75,,3.88,77.5,73.62,Email,Credit Card,Completed
ORD000098,CUST00788,USA,2024-07-15 03:00:00,Beauty,Sunscreen,1,13.1,0.0,0.0,13.1,13.1,Organic Search,Credit Card,Completed
ORD000099,CUST00217,India,2024-06-10 17:00:00,Electronics,Bluetooth Speaker,4,65.85,10.0,26.34,263.4,237.06,Email,Cash on Delivery,Completed
ORD000100,CUST01179,Germany,2025-01-27 06:00:00,Toys,Puzzle,3,21.11,10.0,6.33,63.33,57.0,Email,UPI,Returned
ORD000101,CUST00021,UK,2024-12-07 05:00:00,Toys,Board Game,3,18.6,10.0,5.58,55.8,50.22,Organic Search,UPI,Returned
ORD000102,CUST00464,USA,2025-02-28 08:00:00,Electronics,Bluetooth Speaker,1,100.87,,15.13,100.87,85.74,Direct,UPI,Completed
ORD000103,CUST00447,Australia,2024-12-18 21:00:00,Electronics,USB-C Cable,2,30.2,0.0,0.0,60.4,60.4,Organic Search,Cash on Delivery,Completed
ORD000104,CUST00984,India,2025-05-03 13:00:00,Toys,Building Blocks,1,44.96,0.0,0.0,44.96,44.96,Paid Ads,UPI,Completed
ORD000105,CUST01233,India,2024-08-13 19:00:00,Home & Kitchen,Storage Box,1,84.18,5.0,4.21,84.18,79.97,Paid Ads,Debit Card,Completed
ORD000106,CUST00593,India,2025-05-12 10:00:00,Toys,Board Game,1,39.18,0.0,0.0,39.18,39.18,Organic Search,Credit Card,Completed
ORD000107,CUST00961,India,2024-04-25 16:00:00,Clothing,Jacket,1,53.49,0.0,0.0,53.49,53.49,Organic Search,Credit Card,Completed
ORD000108,CUST01042,Germany,2024-08-14 16:00:00,Beauty,Sunscreen,1,47.79,20.0,9.56,47.79,38.23,Email,Debit Card,Completed
ORD000109,CUST00494,India,2024-07-18 19:00:00,Clothing,Jeans,1,38.24,0.0,0.0,38.24,38.24,Organic Search,UPI,Completed
ORD000110,CUST00951,UK,2024-04-21 08:00:00,Home & Kitchen,Cutlery Set,3,21.4,0.0,0.0,64.2,64.2,Organic Search,UPI,Completed
ORD000111,CUST00569,Canada,2024-02-05 20:00:00,Electronics,USB-C Cable,2,31.02,0.0,0.0,62.04,62.04,Organic Search,PayPal,Returned
ORD000112,CUST00171,UK,2024-01-08 18:00:00,Toys,RC Car,1,15.04,0.0,0.0,15.04,15.04,Paid Ads,Credit Card,Completed
ORD000113,CUST00438,Canada,2024-02-29 09:00:00,Sports,Resistance Bands,1,68.25,0.0,0.0,68.25,68.25,Social Media,Debit Card,Completed
ORD000114,CUST00848,Australia,2025-05-05 08:00:00,Sports,Dumbbells,2,69.15,15.0,20.74,138.3,117.56,Email,Cash on Delivery,Completed
ORD000115,CUST00518,Germany,2024-06-26 03:00:00,Beauty,Perfume,1,41.18,0.0,0.0,41.18,41.18,Email,PayPal,Completed
ORD000116,CUST00187,Germany,2025-02-04 04:00:00,Electronics,Power Bank,1,107.32,0.0,0.0,107.32,107.32,Organic Search,Credit Card,Completed
ORD000117,CUST00229,Canada,2025-02-28 09:00:00,Clothing,T-Shirt,1,49.93,0.0,0.0,49.93,49.93,Email,Debit Card,Completed
ORD000118,CUST00101,India,2024-10-26 04:00:00,Books,Biography,1,11.43,0.0,0.0,11.43,11.43,Social Media,PayPal,Completed
ORD000119,CUST01178,India,2024-06-20 22:00:00,Home & Kitchen,Bed Sheets,1,38.33,10.0,3.83,38.33,34.5,Direct,PayPal,Returned
ORD000120,CUST01070,India,2025-01-05 18:00:00,Books,Novel,1,20.87,5.0,1.04,20.87,19.83,Paid Ads,Debit Card,Completed
ORD000121,CUST01185,India,2025-01-09 11:00:00,Electronics,USB-C Cable,1,68.43,5.0,3.42,68.43,65.01,Social Media,Cash on Delivery,Completed
ORD000122,CUST00996,India,2024-01-27 00:00:00,Clothing,Jacket,1,48.55,20.0,9.71,48.55,38.84,Social Media,Debit Card,Returned
ORD000123,CUST00238,India,2024-02-04 20:00:00,Electronics,USB-C Cable,2,97.91,0.0,0.0,195.82,195.82,Paid Ads,Cash on Delivery,Completed
ORD000124,CUST00192,Canada,2025-02-17 17:00:00,Sports,Yoga Mat,1,53.9,0.0,0.0,53.9,53.9,Direct,Debit Card,Returned
ORD000125,CUST00364,USA,2024-02-16 12:00:00,Books,Novel,1,14.49,20.0,2.9,14.49,11.59,Social Media,Debit Card,Completed
ORD000126,CUST00330,India,2024-10-22 04:00:00,Beauty,Face Cream,1,33.56,0.0,0.0,33.56,33.56,Paid Ads,Debit Card,Completed
ORD000127,CUST00236,Germany,2024-06-22 21:00:00,Toys,Action Figure,1,31.22,5.0,1.56,31.22,29.66,Paid Ads,Debit Card,Completed
ORD000128,CUST01272,Canada,2024-03-30 06:00:00,Home & Kitchen,Blender,1,85.7,0.0,0.0,85.7,85.7,Social Media,UPI,Completed
ORD000129,CUST00057,India,2024-01-27 19:00:00,Electronics,Wireless Earbuds,2,50.43,0.0,0.0,100.86,100.86,Organic Search,PayPal,Completed
ORD000130,CUST00343,India,2025-01-18 22:00:00,Toys,Building Blocks,1,19.14,0.0,0.0,19.14,19.14,Organic Search,Debit Card,Completed
ORD000131,CUST00057,India,2024-09-30 03:00:00,Electronics,Bluetooth Speaker,1,130.03,0.0,0.0,130.03,130.03,Organic Search,Cash on Delivery,Completed
ORD000132,CUST00986,USA,2024-10-14 02:00:00,Beauty,Perfume,2,44.56,0.0,0.0,89.12,89.12,Social Media,PayPal,Completed
ORD000133,CUST00255,India,2024-11-08 03:00:00,Clothing,Sneakers,1,12.82,0.0,0.0,12.82,12.82,Organic Search,Cash on Delivery,Cancelled
ORD000134,CUST00616,Australia,2024-10-09 00:00:00,Electronics,USB-C Cable,1,55.74,20.0,11.15,55.74,44.59,Organic Search,Debit Card,Completed
ORD000135,CUST00570,India,2024-06-30 21:00:00,Clothing,T-Shirt,1,74.66,0.0,0.0,74.66,74.66,Organic Search,PayPal,Returned
ORD000136,CUST00848,Australia,2024-12-24 22:00:00,Clothing,Sneakers,1,69.54,0.0,0.0,69.54,69.54,Organic Search,Debit Card,Completed
ORD000137,CUST00682,India,2025-04-07 05:00:00,Clothing,T-Shirt,1,38.0,5.0,1.9,38.0,36.1,Paid Ads,Credit Card,Completed
ORD000138,CUST00836,USA,2024-09-09 00:00:00,Beauty,Lipstick,1,34.49,0.0,0.0,34.49,34.49,Paid Ads,UPI,Completed
ORD000139,CUST00854,Canada,2025-03-07 22:00:00,Home & Kitchen,Storage Box,1,29.95,0.0,0.0,29.95,29.95,Organic Search,Debit Card,Completed
ORD000140,CUST00403,USA,2024-06-01 04:00:00,Electronics,USB-C Cable,2,146.39,0.0,0.0,292.78,292.78,Paid Ads,Cash on Delivery,Completed
ORD000141,CUST01382,USA,2024-06-24 16:00:00,Home & Kitchen,Blender,2,15.46,0.0,0.0,30.92,30.92,Paid Ads,UPI,Completed
ORD000142,CUST01016,Australia,2025-03-22 09:00:00,Home & Kitchen,Coffee Maker,1,81.1,0.0,0.0,81.1,81.1,Paid Ads,Credit Card,Returned
ORD000143,CUST00632,Canada,2024-08-24 07:00:00,Toys,Board Game,1,29.44,0.0,0.0,29.44,29.44,Paid Ads,Cash on Delivery,Completed
ORD000144,CUST01208,USA,2025-04-28 21:00:00,Clothing,Jacket,1,53.77,5.0,2.69,53.77,51.08,Organic Search,Debit Card,Completed
ORD000145,CUST00612,Germany,2025-01-09 04:00:00,Books,Self-Help Book,1,26.13,0.0,0.0,26.13,26.13,Organic Search,Cash on Delivery,Completed
ORD000146,CUST01081,Germany,2024-11-30 03:00:00,Books,Self-Help Book,1,24.85,0.0,0.0,24.85,24.85,Email,Credit Card,Completed
ORD000147,CUST00109,India,2024-09-09 05:00:00,Electronics,USB-C Cable,1,129.05,15.0,19.36,129.05,109.69,Social Media,PayPal,Completed
ORD000148,CUST01062,Australia,2024-05-11 13:00:00,Sports,Running Shoes,4,44.36,5.0,8.87,177.44,168.57,Organic Search,PayPal,Completed
ORD000149,CUST01335,Australia,2024-01-25 08:00:00,Clothing,T-Shirt,1,59.78,0.0,0.0,59.78,59.78,Email,Credit Card,Completed
ORD000150,CUST01276,India,2024-07-09 11:00:00,Electronics,Smartphone Case,1,114.84,0.0,0.0,114.84,114.84,Direct,UPI,Completed
ORD000151,CUST01117,India,2024-06-22 14:00:00,Home & Kitchen,Storage Box,1,78.91,10.0,7.89,78.91,71.02,Email,UPI,Completed
ORD000152,CUST01017,India,2024-05-31 16:00:00,Clothing,Sneakers,1,62.26,20.0,12.45,62.26,49.81,Email,Debit Card,Completed
ORD000153,CUST00171,UK,2025-03-09 10:00:00,Electronics,Bluetooth Speaker,1,75.25,15.0,11.29,75.25,63.96,Organic Search,Cash on Delivery,Completed
ORD000154,CUST00517,USA,2024-09-16 16:00:00,Electronics,Smartphone Case,1,85.03,0.0,0.0,85.03,85.03,Organic Search,Credit Card,Completed
ORD000155,CUST00395,India,2024-03-22 06:00:00,Beauty,Shampoo,2,32.48,0.0,0.0,64.96,64.96,Email,Cash on Delivery,Completed
ORD000156,CUST00479,Australia,2024-05-28 06:00:00,Home & Kitchen,Storage Box,2,24.81,0.0,0.0,49.62,49.62,Email,Cash on Delivery,Completed
ORD000157,CUST01213,India,2024-02-07 02:00:00,Electronics,Smartphone Case,2,33.03,15.0,9.91,66.06,56.15,Email,Debit Card,Completed
ORD000158,CUST00772,Canada,2024-08-20 18:00:00,Beauty,Lipstick,1,58.59,0.0,0.0,58.59,58.59,Social Media,UPI,Completed
ORD000159,CUST01436,India,2025-05-06 20:00:00,Home & Kitchen,Cutlery Set,1,64.16,15.0,9.62,64.16,54.54,Organic Search,PayPal,Completed
ORD000160,CUST00049,USA,2024-06-18 21:00:00,Toys,RC Car,1,35.53,0.0,0.0,35.53,35.53,Social Media,PayPal,Completed
ORD000161,CUST00525,Canada,2024-08-12 10:00:00,Electronics,Bluetooth Speaker,2,48.03,0.0,0.0,96.06,96.06,Direct,Cash on Delivery,Completed
ORD000162,CUST00788,USA,2024-09-14 13:00:00,Beauty,Sunscreen,1,15.26,0.0,0.0,15.26,15.26,Email,PayPal,Completed
ORD000163,CUST00159,India,2025-02-13 07:00:00,Clothing,Hoodie,1,61.47,0.0,0.0,61.47,61.47,Organic Search,Debit Card,Completed
ORD000164,CUST00923,Canada,2025-04-26 14:00:00,Electronics,Power Bank,2,93.13,10.0,18.63,186.26,167.63,Organic Search,Credit Card,Completed
ORD000165,CUST00763,India,2025-04-23 00:00:00,Beauty,Lipstick,2,55.32,0.0,0.0,110.64,110.64,Direct,UPI,Completed
ORD000166,CUST01231,Canada,2024-03-19 15:00:00,Beauty,Shampoo,1,21.07,0.0,0.0,21.07,21.07,Direct,Credit Card,Completed
ORD000167,CUST00176,India,2024-11-24 20:00:00,Electronics,USB-C Cable,1,107.34,0.0,0.0,107.34,107.34,Paid Ads,UPI,Completed
ORD000168,CUST00307,USA,2024-03-06 14:00:00,Electronics,Power Bank,1,26.72,0.0,0.0,26.72,26.72,Organic Search,Cash on Delivery,Completed
ORD000169,CUST00785,India,2025-03-21 13:00:00,Books,Novel,1,11.09,0.0,0.0,11.09,11.09,Email,Cash on Delivery,Completed
ORD000170,CUST01412,India,2024-11-11 09:00:00,Home & Kitchen,Cutlery Set,1,94.76,10.0,9.48,94.76,85.28,Organic Search,Cash on Delivery,Completed
ORD000171,CUST00462,UK,2024-06-23 07:00:00,Sports,Resistance Bands,1,88.34,0.0,0.0,88.34,88.34,Social Media,Debit Card,Completed
ORD000172,CUST00570,India,2024-01-04 18:00:00,Electronics,Wireless Earbuds,4,138.63,0.0,0.0,554.52,554.52,Organic Search,PayPal,Completed
ORD000173,CUST00474,Canada,2024-07-08 02:00:00,Clothing,Hoodie,1,21.66,0.0,0.0,21.66,21.66,Social Media,Debit Card,Completed
ORD000174,CUST00058,India,2024-02-01 14:00:00,Toys,Action Figure,2,44.08,0.0,0.0,88.16,88.16,Paid Ads,Credit Card,Completed
ORD000175,CUST00450,India,2024-05-04 20:00:00,Electronics,USB-C Cable,1,17.25,0.0,0.0,17.25,17.25,Direct,PayPal,Completed
ORD000176,CUST01299,UK,2024-07-22 17:00:00,Electronics,Bluetooth Speaker,1,94.19,5.0,4.71,94.19,89.48,Organic Search,Debit Card,Completed
ORD000177,CUST01096,India,2024-04-28 14:00:00,Books,Cookbook,1,6.39,5.0,0.32,6.39,6.07,Paid Ads,Credit Card,Completed
ORD000178,CUST01393,India,2025-03-10 20:00:00,Electronics,Smartphone Case,1,81.47,0.0,0.0,81.47,81.47,Social Media,UPI,Completed
ORD000179,CUST00455,India,2024-03-15 21:00:00,Home & Kitchen,Coffee Maker,2,47.76,,0.0,95.52,95.52,Direct,Credit Card,Completed
ORD000180,CUST01234,India,2025-04-27 04:00:00,Beauty,Lipstick,1,27.7,0.0,0.0,27.7,27.7,Organic Search,PayPal,Cancelled
ORD000181,CUST01198,Australia,2025-02-26 14:00:00,Electronics,Smartphone Case,3,64.43,0.0,0.0,193.29,193.29,Direct,Debit Card,Completed
ORD000182,CUST00793,USA,2024-01-16 02:00:00,Beauty,Shampoo,1,57.09,10.0,5.71,57.09,51.38,Direct,Debit Card,Returned
ORD000183,CUST00076,Germany,2025-02-10 04:00:00,Home & Kitchen,Bed Sheets,1,25.19,20.0,5.04,25.19,20.15,Organic Search,Credit Card,Completed
ORD000184,CUST00617,India,2024-01-08 01:00:00,Beauty,Shampoo,1,8.97,0.0,0.0,8.97,8.97,Organic Search,Credit Card,Completed
ORD000185,CUST00773,India,2025-03-12 14:00:00,Electronics,Bluetooth Speaker,1,117.94,0.0,0.0,117.94,117.94,Social Media,Credit Card,Completed
ORD000186,CUST00212,UK,2024-09-30 02:00:00,Clothing,Jacket,1,74.23,0.0,0.0,74.23,74.23,Direct,Debit Card,Completed
ORD000187,CUST00831,India,2024-05-17 07:00:00,Sports,Dumbbells,1,21.19,0.0,0.0,21.19,21.19,Paid Ads,Credit Card,Completed
ORD000188,CUST01303,India,2024-09-13 21:00:00,Home & Kitchen,Storage Box,1,82.88,15.0,12.43,82.88,70.45,Social Media,UPI,Completed
ORD000189,CUST00995,USA,2024-10-29 12:00:00,Home & Kitchen,Coffee Maker,1,26.86,0.0,0.0,26.86,26.86,Social Media,PayPal,Completed
ORD000190,CUST00021,UK,2025-04-27 08:00:00,Clothing,T-Shirt,1,61.17,5.0,3.06,61.17,58.11,Direct,Cash on Delivery,Completed
ORD000191,CUST00463,Germany,2024-08-19 18:00:00,Beauty,Shampoo,1,33.56,0.0,0.0,33.56,33.56,Social Media,UPI,Returned
ORD000192,CUST00338,UK,2024-03-04 21:00:00,Home & Kitchen,Cutlery Set,4,16.58,5.0,3.32,66.32,63.0,Paid Ads,UPI,Completed
ORD000193,CUST00415,UK,2024-11-29 04:00:00,Books,Self-Help Book,1,25.05,0.0,0.0,25.05,25.05,Organic Search,Cash on Delivery,Completed
ORD000194,CUST01298,India,2024-03-25 11:00:00,Home & Kitchen,Cutlery Set,4,27.26,5.0,5.45,109.04,103.59,Direct,Cash on Delivery,Completed
ORD000195,CUST00818,USA,2024-12-30 20:00:00,Electronics,Wireless Earbuds,1,91.48,10.0,9.15,91.48,82.33,Organic Search,PayPal,Completed
ORD000196,CUST01261,India,2024-06-14 16:00:00,Home & Kitchen,Storage Box,1,43.69,0.0,0.0,43.69,43.69,Direct,UPI,Completed
ORD000197,CUST01048,India,2024-05-01 19:00:00,Electronics,USB-C Cable,1,15.17,0.0,0.0,15.17,15.17,Email,Debit Card,Completed
ORD000198,CUST00309,Germany,2024-07-19 08:00:00,Sports,Yoga Mat,1,37.65,0.0,0.0,37.65,37.65,Organic Search,Cash on Delivery,Completed
ORD000199,CUST01388,India,2024-07-14 13:00:00,Toys,Board Game,1,35.96,,0.0,35.96,35.96,Organic Search,UPI,Completed
ORD000200,CUST01328,Germany,2024-07-26 03:00:00,Electronics,Wireless Earbuds,2,26.63,0.0,0.0,53.26,53.26,Social Media,Credit Card,Completed
ORD000201,CUST00339,USA,2025-03-01 03:00:00,Toys,Board Game,3,35.91,0.0,0.0,107.73,107.73,Email,PayPal,Completed
ORD000202,CUST00444,USA,2024-10-30 19:00:00,Home & Kitchen,Bed Sheets,1,30.26,0.0,0.0,30.26,30.26,Organic Search,UPI,Cancelled
ORD000203,CUST01487,USA,2024-06-08 19:00:00,Books,Comic,1,20.78,0.0,0.0,20.78,20.78,Paid Ads,PayPal,Completed
ORD000204,CUST01103,Canada,2025-02-08 08:00:00,Home & Kitchen,Storage Box,2,29.11,5.0,2.91,58.22,55.31,Paid Ads,PayPal,Completed
ORD000205,CUST00302,USA,2024-08-09 15:00:00,Clothing,Hoodie,1,12.63,0.0,0.0,12.63,12.63,Organic Search,PayPal,Returned
ORD000206,CUST00780,UK,2024-05-03 14:00:00,Beauty,Lipstick,2,43.38,0.0,0.0,86.76,86.76,Organic Search,Debit Card,Completed
ORD000207,CUST00090,USA,2024-09-27 10:00:00,Toys,Building Blocks,2,29.15,0.0,0.0,58.3,58.3,Direct,Cash on Delivery,Completed
ORD000208,CUST01294,UK,2024-04-14 00:00:00,Sports,Resistance Bands,4,28.23,0.0,0.0,112.92,112.92,Social Media,Cash on Delivery,Completed
ORD000209,CUST00598,India,2024-02-14 09:00:00,Sports,Yoga Mat,4,78.27,0.0,0.0,313.08,313.08,Email,Credit Card,Completed
ORD000210,CUST00376,India,2024-06-13 07:00:00,Home & Kitchen,Blender,2,28.68,5.0,2.87,57.36,54.49,Email,Debit Card,Completed
ORD000211,CUST00116,Canada,2024-01-30 06:00:00,Home & Kitchen,Bed Sheets,3,63.99,5.0,9.6,191.97,182.37,Social Media,Cash on Delivery,Completed
ORD000212,CUST01338,UK,2024-03-04 12:00:00,Clothing,Hoodie,1,20.08,0.0,0.0,20.08,20.08,Organic Search,Credit Card,Completed
ORD000213,CUST01019,Canada,2024-01-21 07:00:00,Clothing,Sneakers,2,44.07,5.0,4.41,88.14,83.73,Organic Search,UPI,Completed
ORD000214,CUST01403,India,2024-09-30 14:00:00,Sports,Yoga Mat,1,59.05,0.0,0.0,59.05,59.05,Direct,UPI,Completed
ORD000215,CUST00689,Germany,2024-05-18 01:00:00,Sports,Yoga Mat,1,50.99,20.0,10.2,50.99,40.79,Email,Credit Card,Completed
ORD000216,CUST00447,Australia,2024-05-23 12:00:00,Clothing,Hoodie,1,64.8,5.0,3.24,64.8,61.56,Direct,UPI,Completed
ORD000217,CUST00196,India,2024-04-15 18:00:00,Electronics,Power Bank,3,113.52,0.0,0.0,340.56,340.56,Organic Search,Credit Card,Completed
ORD000218,CUST00326,Germany,2024-09-06 01:00:00,Sports,Water Bottle,1,15.06,0.0,0.0,15.06,15.06,Paid Ads,Credit Card,Completed
ORD000219,CUST00869,Canada,2024-10-19 00:00:00,Sports,Running Shoes,1,57.84,0.0,0.0,57.84,57.84,Email,Cash on Delivery,Completed
ORD000220,CUST00601,India,2025-01-08 12:00:00,Home & Kitchen,Storage Box,1,17.28,15.0,2.59,17.28,14.69,Email,Debit Card,Completed
ORD000221,CUST00558,India,2024-06-18 16:00:00,Clothing,Jacket,2,31.12,0.0,0.0,62.24,62.24,Direct,Credit Card,Completed
ORD000222,CUST01365,Germany,2024-10-25 08:00:00,Books,Novel,1,7.17,0.0,0.0,7.17,7.17,Social Media,Debit Card,Completed
ORD000223,CUST01149,Canada,2024-07-30 04:00:00,Clothing,Jacket,1,63.7,0.0,0.0,63.7,63.7,Email,Credit Card,Returned
ORD000224,CUST01449,Australia,2024-11-15 07:00:00,Toys,RC Car,1,25.25,10.0,2.52,25.25,22.73,Email,Credit Card,Completed
ORD000225,CUST00071,Germany,2024-04-09 10:00:00,Clothing,Jeans,1,27.58,0.0,0.0,27.58,27.58,Social Media,Cash on Delivery,Completed
ORD000226,CUST00396,Australia,2025-01-07 03:00:00,Electronics,Wireless Earbuds,1,132.9,0.0,0.0,132.9,132.9,Organic Search,Credit Card,Completed
ORD000227,CUST00947,India,2024-01-09 11:00:00,Home & Kitchen,Coffee Maker,1,81.53,5.0,4.08,81.53,77.45,Social Media,Cash on Delivery,Completed
ORD000228,CUST01154,UK,2024-06-01 00:00:00,Electronics,Bluetooth Speaker,1,77.01,0.0,0.0,77.01,77.01,Social Media,PayPal,Completed
ORD000229,CUST01191,India,2024-07-26 02:00:00,Home & Kitchen,Bed Sheets,1,77.62,0.0,0.0,77.62,77.62,Email,PayPal,Completed
ORD000230,CUST01387,Germany,2025-04-11 07:00:00,Electronics,USB-C Cable,2,39.01,10.0,7.8,78.02,70.22,Social Media,Debit Card,Completed
ORD000231,CUST00700,USA,2025-01-08 22:00:00,Sports,Dumbbells,1,76.62,0.0,0.0,76.62,76.62,Organic Search,UPI,Completed
ORD000232,CUST01311,India,2025-05-01 12:00:00,Home & Kitchen,Storage Box,1,21.93,0.0,0.0,21.93,21.93,Social Media,Cash on Delivery,Completed
ORD000233,CUST01130,India,2024-03-10 09:00:00,Home & Kitchen,Storage Box,1,94.83,0.0,0.0,94.83,94.83,Organic Search,Cash on Delivery,Completed
ORD000234,CUST00540,India,2025-04-25 07:00:00,Electronics,Wireless Earbuds,1,93.27,10.0,9.33,93.27,83.94,Social Media,Debit Card,Completed
ORD000235,CUST01044,UK,2025-02-07 11:00:00,Electronics,USB-C Cable,3,131.03,10.0,39.31,393.09,353.78,Organic Search,Debit Card,Completed
ORD000236,CUST00001,USA,2024-07-21 21:00:00,Electronics,Power Bank,1,141.25,0.0,0.0,141.25,141.25,Social Media,Debit Card,Completed
ORD000237,CUST01225,USA,2024-06-14 19:00:00,Clothing,Jacket,1,25.87,0.0,0.0,25.87,25.87,Organic Search,UPI,Completed
ORD000238,CUST00666,India,2024-04-23 20:00:00,Books,Cookbook,1,17.58,0.0,0.0,17.58,17.58,Paid Ads,UPI,Completed
ORD000239,CUST01254,India,2024-04-05 17:00:00,Clothing,T-Shirt,1,47.5,0.0,0.0,47.5,47.5,Social Media,Credit Card,Returned
ORD000240,CUST01298,India,2025-02-21 17:00:00,Home & Kitchen,Coffee Maker,1,54.38,5.0,2.72,54.38,51.66,Paid Ads,PayPal,Completed
ORD000241,CUST00499,Australia,2024-07-07 20:00:00,Electronics,Bluetooth Speaker,3,102.54,10.0,30.76,307.62,276.86,Organic Search,PayPal,Completed
ORD000242,CUST00836,USA,2024-10-01 15:00:00,Clothing,T-Shirt,1,32.44,0.0,0.0,32.44,32.44,Email,Debit Card,Completed
ORD000243,CUST00717,Canada,2025-02-09 19:00:00,Beauty,Perfume,1,44.1,15.0,6.62,44.1,37.48,Organic Search,Cash on Delivery,Completed
ORD000244,CUST01040,India,2024-11-16 09:00:00,Clothing,Hoodie,1,77.83,10.0,7.78,77.83,70.05,Paid Ads,PayPal,Completed
ORD000245,CUST00064,USA,2024-01-31 09:00:00,Home & Kitchen,Cutlery Set,1,23.66,0.0,0.0,23.66,23.66,Paid Ads,Cash on Delivery,Completed
ORD000246,CUST00272,Germany,2024-07-03 19:00:00,Books,Novel,1,13.64,0.0,0.0,13.64,13.64,Organic Search,Credit Card,Completed
ORD000247,CUST00083,India,2024-06-24 08:00:00,Home & Kitchen,Bed Sheets,1,13.36,0.0,0.0,13.36,13.36,Direct,UPI,Completed
ORD000248,CUST01076,USA,2024-04-24 17:00:00,Clothing,Hoodie,2,44.53,0.0,0.0,89.06,89.06,Social Media,Credit Card,Completed
ORD000249,CUST00402,Canada,2025-05-13 03:00:00,Books,Novel,2,23.24,0.0,0.0,46.48,46.48,Paid Ads,Cash on Delivery,Completed
ORD000250,CUST00147,UK,2024-08-29 11:00:00,Electronics,Wireless Earbuds,1,90.05,0.0,0.0,90.05,90.05,Paid Ads,Debit Card,Completed
ORD000251,CUST00074,Germany,2024-04-01 08:00:00,Home & Kitchen,Storage Box,4,17.13,0.0,0.0,68.52,68.52,Paid Ads,Cash on Delivery,Completed
ORD000252,CUST01404,Germany,2024-01-17 13:00:00,Home & Kitchen,Coffee Maker,1,72.66,0.0,0.0,72.66,72.66,Organic Search,Credit Card,Cancelled
ORD000253,CUST00204,Canada,2024-04-10 22:00:00,Beauty,Perfume,1,58.32,5.0,2.92,58.32,55.4,Organic Search,Cash on Delivery,Returned
ORD000254,CUST00836,USA,2024-06-12 00:00:00,Sports,Resistance Bands,1,13.78,15.0,2.07,13.78,11.71,Organic Search,Debit Card,Completed
ORD000255,CUST00030,India,2024-03-22 11:00:00,Sports,Yoga Mat,1,46.68,0.0,0.0,46.68,46.68,Social Media,Cash on Delivery,Completed
ORD000256,CUST00800,Australia,2025-01-19 02:00:00,Toys,Puzzle,1,25.26,0.0,0.0,25.26,25.26,Social Media,Credit Card,Completed
ORD000257,CUST01333,India,2025-03-05 10:00:00,Clothing,Jacket,1,36.48,0.0,0.0,36.48,36.48,Paid Ads,Credit Card,Cancelled
ORD000258,CUST01005,Germany,2025-01-25 17:00:00,Clothing,Hoodie,1,45.14,10.0,4.51,45.14,40.63,Paid Ads,Credit Card,Completed
ORD000259,CUST00271,Germany,2025-04-11 21:00:00,Clothing,Jeans,2,74.06,15.0,22.22,148.12,125.9,Direct,Cash on Delivery,Completed
ORD000260,CUST00550,Germany,2025-01-25 02:00:00,Electronics,Wireless Earbuds,3,138.15,10.0,41.44,414.45,373.01,Organic Search,Debit Card,Completed
ORD000261,CUST00124,India,2024-05-22 20:00:00,Clothing,T-Shirt,1,56.33,0.0,0.0,56.33,56.33,Organic Search,UPI,Completed
ORD000262,CUST00207,India,2024-03-22 18:00:00,Books,Novel,2,29.58,5.0,2.96,59.16,56.2,Paid Ads,Credit Card,Completed
ORD000263,CUST00205,UK,2024-06-12 17:00:00,Electronics,Bluetooth Speaker,1,80.46,10.0,8.05,80.46,72.41,Paid Ads,PayPal,Completed
ORD000264,CUST00577,India,2024-10-30 13:00:00,Electronics,Bluetooth Speaker,2,86.21,20.0,34.48,172.42,137.94,Paid Ads,Credit Card,Completed
ORD000265,CUST00672,Canada,2024-10-20 20:00:00,Beauty,Lipstick,1,20.11,10.0,2.01,20.11,18.1,Organic Search,PayPal,Completed
ORD000266,CUST01317,USA,2025-04-28 12:00:00,Clothing,Sneakers,1,12.75,0.0,0.0,12.75,12.75,Social Media,UPI,Completed
ORD000267,CUST00074,Germany,2024-11-26 05:00:00,Electronics,Wireless Earbuds,1,22.59,0.0,0.0,22.59,22.59,Paid Ads,Credit Card,Completed
ORD000268,CUST00926,India,2024-03-02 14:00:00,Beauty,Lipstick,1,59.17,5.0,2.96,59.17,56.21,Social Media,PayPal,Completed
ORD000269,CUST00868,India,2024-07-14 04:00:00,Sports,Resistance Bands,1,59.93,0.0,0.0,59.93,59.93,Organic Search,UPI,Completed
ORD000270,CUST00653,USA,2024-10-21 02:00:00,Home & Kitchen,Coffee Maker,2,36.89,0.0,0.0,73.78,73.78,Organic Search,PayPal,Completed
ORD000271,CUST00464,USA,2024-03-22 20:00:00,Beauty,Face Cream,1,32.74,0.0,0.0,32.74,32.74,Organic Search,Debit Card,Completed
ORD000272,CUST00557,India,2024-05-07 18:00:00,Home & Kitchen,Coffee Maker,2,22.22,0.0,0.0,44.44,44.44,Social Media,Credit Card,Completed
ORD000273,CUST00586,India,2024-11-27 15:00:00,Clothing,Hoodie,1,67.23,15.0,10.08,67.23,57.15,Email,Credit Card,Completed
ORD000274,CUST00417,India,2024-06-18 16:00:00,Home & Kitchen,Storage Box,1,50.47,0.0,0.0,50.47,50.47,Paid Ads,Cash on Delivery,Completed
ORD000275,CUST00790,Australia,2024-07-02 21:00:00,Clothing,T-Shirt,1,55.56,0.0,0.0,55.56,55.56,Paid Ads,Cash on Delivery,Completed
ORD000276,CUST00472,Australia,2024-01-07 20:00:00,Home & Kitchen,Coffee Maker,1,75.05,10.0,7.5,75.05,67.55,Direct,Cash on Delivery,Completed
ORD000277,CUST00286,India,2024-05-15 04:00:00,Beauty,Face Cream,2,50.81,15.0,15.24,101.62,86.38,Paid Ads,Debit Card,Completed
ORD000278,CUST00200,Germany,2025-02-22 22:00:00,Electronics,Smartphone Case,1,125.78,0.0,0.0,125.78,125.78,Social Media,Cash on Delivery,Completed
ORD000279,CUST00481,UK,2024-05-17 19:00:00,Home & Kitchen,Bed Sheets,1,85.96,0.0,0.0,85.96,85.96,Organic Search,Debit Card,Completed
ORD000280,CUST01044,UK,2025-05-09 03:00:00,Electronics,USB-C Cable,1,142.15,0.0,0.0,142.15,142.15,Social Media,UPI,Completed
ORD000281,CUST00854,Canada,2024-10-13 18:00:00,Electronics,Power Bank,1,112.28,0.0,0.0,112.28,112.28,Paid Ads,Credit Card,Completed
ORD000282,CUST00192,Canada,2024-07-25 05:00:00,Toys,Board Game,3,36.36,0.0,0.0,109.08,109.08,Social Media,UPI,Completed
ORD000283,CUST00204,Canada,2024-04-06 19:00:00,Sports,Dumbbells,4,68.26,5.0,13.65,273.04,259.39,Paid Ads,Debit Card,Completed
ORD000284,CUST01255,UK,2024-04-03 14:00:00,Clothing,Hoodie,1,68.84,20.0,13.77,68.84,55.07,Organic Search,Cash on Delivery,Completed
ORD000285,CUST00033,India,2024-09-13 14:00:00,Books,Novel,1,25.95,15.0,3.89,25.95,22.06,Organic Search,Cash on Delivery,Completed
ORD000286,CUST01162,India,2024-08-13 07:00:00,Home & Kitchen,Bed Sheets,1,29.61,0.0,0.0,29.61,29.61,Email,UPI,Completed
ORD000287,CUST00260,India,2024-02-25 16:00:00,Electronics,Power Bank,1,57.74,0.0,0.0,57.74,57.74,Paid Ads,UPI,Cancelled
ORD000288,CUST01444,USA,2024-10-15 17:00:00,Toys,RC Car,1,19.44,0.0,0.0,19.44,19.44,Social Media,Credit Card,Completed
ORD000289,CUST00889,India,2024-03-11 20:00:00,Beauty,Face Cream,1,20.25,0.0,0.0,20.25,20.25,Organic Search,PayPal,Completed
ORD000290,CUST00900,India,2024-08-27 00:00:00,Electronics,Power Bank,1,47.0,20.0,9.4,47.0,37.6,Social Media,UPI,Completed
ORD000291,CUST01046,UK,2024-10-10 21:00:00,Electronics,Bluetooth Speaker,2,77.46,0.0,0.0,154.92,154.92,Paid Ads,UPI,Completed
ORD000292,CUST00024,USA,2024-10-28 03:00:00,Sports,Running Shoes,1,62.31,0.0,0.0,62.31,62.31,Paid Ads,Credit Card,Completed
ORD000293,CUST00174,India,2024-05-11 20:00:00,Books,Comic,1,18.2,10.0,1.82,18.2,16.38,Social Media,Cash on Delivery,Completed
ORD000294,CUST00797,Australia,2024-06-11 07:00:00,Electronics,Bluetooth Speaker,1,116.2,0.0,0.0,116.2,116.2,Paid Ads,Cash on Delivery,Completed
ORD000295,CUST00769,India,2024-07-14 06:00:00,Toys,Puzzle,1,9.59,0.0,0.0,9.59,9.59,Direct,Cash on Delivery,Completed
ORD000296,CUST00325,Australia,2024-02-23 16:00:00,Books,Comic,2,14.06,0.0,0.0,28.12,28.12,Social Media,UPI,Completed
ORD000297,CUST00530,Canada,2024-07-09 09:00:00,Sports,Resistance Bands,2,41.23,0.0,0.0,82.46,82.46,Paid Ads,Credit Card,Completed
ORD000298,CUST01110,India,2024-12-11 08:00:00,Books,Self-Help Book,1,17.35,0.0,0.0,17.35,17.35,Paid Ads,Credit Card,Completed
ORD000299,CUST01084,Canada,2024-05-27 11:00:00,Home & Kitchen,Bed Sheets,1,37.51,0.0,0.0,37.51,37.51,Paid Ads,PayPal,Completed
ORD000300,CUST00135,Australia,2024-10-26 17:00:00,Sports,Running Shoes,1,39.87,0.0,0.0,39.87,39.87,Paid Ads,UPI,Completed
ORD000301,CUST00931,India,2024-04-15 09:00:00,Clothing,T-Shirt,1,40.91,10.0,4.09,40.91,36.82,Social Media,UPI,Completed
ORD000302,CUST00983,India,2025-02-05 01:00:00,Toys,Action Figure,2,33.58,5.0,3.36,67.16,63.8,Paid Ads,Cash on Delivery,Completed
ORD000303,CUST00396,Australia,2025-04-30 00:00:00,Clothing,T-Shirt,1,70.44,0.0,0.0,70.44,70.44,Organic Search,UPI,Completed
ORD000304,CUST00029,USA,2025-05-14 20:00:00,Electronics,Smartphone Case,1,43.29,0.0,0.0,43.29,43.29,Organic Search,Debit Card,Completed
ORD000305,CUST00550,Germany,2025-03-22 12:00:00,Beauty,Perfume,4,19.37,0.0,0.0,77.48,77.48,Social Media,Cash on Delivery,Completed
ORD000306,CUST01317,USA,2025-05-06 14:00:00,Electronics,Bluetooth Speaker,1,138.51,5.0,6.93,138.51,131.58,Paid Ads,PayPal,Completed
ORD000307,CUST00269,USA,2025-01-26 10:00:00,Sports,Resistance Bands,1,86.81,0.0,0.0,86.81,86.81,Social Media,Credit Card,Completed
ORD000308,CUST00221,UK,2025-05-10 02:00:00,Clothing,Sneakers,2,58.55,5.0,5.86,117.1,111.24,Email,Debit Card,Completed
ORD000309,CUST00492,UK,2025-03-23 11:00:00,Books,Comic,1,25.54,0.0,0.0,25.54,25.54,Paid Ads,Credit Card,Completed
ORD000310,CUST00959,India,2025-03-01 17:00:00,Clothing,Jeans,1,41.99,0.0,0.0,41.99,41.99,Paid Ads,PayPal,Completed
ORD000311,CUST00761,India,2024-02-26 16:00:00,Toys,RC Car,2,26.21,0.0,0.0,52.42,52.42,Direct,Credit Card,Completed
ORD000312,CUST00049,USA,2025-02-14 04:00:00,Clothing,Hoodie,1,58.01,0.0,0.0,58.01,58.01,Paid Ads,Credit Card,Completed
ORD000313,CUST00292,India,2025-03-22 10:00:00,Home & Kitchen,Coffee Maker,1,32.27,0.0,0.0,32.27,32.27,Social Media,Credit Card,Completed
ORD000314,CUST00986,USA,2025-05-09 08:00:00,Electronics,USB-C Cable,3,144.91,0.0,0.0,434.73,434.73,Paid Ads,PayPal,Completed
ORD000315,CUST00167,India,2024-06-05 19:00:00,Beauty,Shampoo,4,23.6,0.0,0.0,94.4,94.4,Paid Ads,PayPal,Completed
ORD000316,CUST00446,Australia,2024-07-05 15:00:00,Electronics,USB-C Cable,1,108.28,5.0,5.41,108.28,102.87,Organic Search,UPI,Returned
ORD000317,CUST00831,India,2024-07-01 05:00:00,Beauty,Perfume,1,44.16,20.0,8.83,44.16,35.33,Organic Search,Credit Card,Completed
ORD000318,CUST00175,UK,2024-02-15 00:00:00,Books,Self-Help Book,4,27.74,0.0,0.0,110.96,110.96,Organic Search,Credit Card,Completed
ORD000319,CUST00249,Australia,2024-01-01 05:00:00,Clothing,Sneakers,1,75.53,0.0,0.0,75.53,75.53,Paid Ads,Cash on Delivery,Completed
ORD000320,CUST01240,India,2024-10-10 15:00:00,Electronics,Wireless Earbuds,3,65.93,0.0,0.0,197.79,197.79,Email,Cash on Delivery,Completed
ORD000321,CUST01036,UK,2024-07-08 11:00:00,Home & Kitchen,Coffee Maker,4,82.78,0.0,0.0,331.12,331.12,Direct,UPI,Completed
ORD000322,CUST00719,India,2024-06-05 12:00:00,Clothing,Jacket,2,54.04,0.0,0.0,108.08,108.08,Social Media,Cash on Delivery,Completed
ORD000323,CUST01471,USA,2024-07-14 18:00:00,Books,Cookbook,1,13.19,0.0,0.0,13.19,13.19,Paid Ads,PayPal,Completed
ORD000324,CUST00620,Germany,2024-06-08 13:00:00,Beauty,Sunscreen,1,8.83,0.0,0.0,8.83,8.83,Paid Ads,Credit Card,Completed
ORD000325,CUST00930,India,2024-06-16 22:00:00,Books,Cookbook,2,15.92,0.0,0.0,31.84,31.84,Paid Ads,PayPal,Completed
ORD000326,CUST00867,India,2025-04-23 16:00:00,Electronics,Power Bank,2,49.97,0.0,0.0,99.94,99.94,Paid Ads,Debit Card,Cancelled
ORD000327,CUST00653,USA,2025-03-06 21:00:00,Toys,Board Game,2,26.53,0.0,0.0,53.06,53.06,Email,PayPal,Completed
ORD000328,CUST00040,USA,2024-08-20 17:00:00,Beauty,Sunscreen,1,31.75,0.0,0.0,31.75,31.75,Organic Search,Debit Card,Cancelled
ORD000329,CUST01055,Australia,2024-01-23 16:00:00,Books,Cookbook,1,12.93,0.0,0.0,12.93,12.93,Organic Search,Credit Card,Cancelled
ORD000330,CUST01048,India,2024-03-07 05:00:00,Home & Kitchen,Bed Sheets,2,87.94,0.0,0.0,175.88,175.88,Paid Ads,Debit Card,Completed
ORD000331,CUST00554,USA,2024-05-18 11:00:00,Electronics,Bluetooth Speaker,1,38.04,0.0,0.0,38.04,38.04,Organic Search,Cash on Delivery,Completed
ORD000332,CUST01043,India,2025-01-08 04:00:00,Electronics,USB-C Cable,1,75.74,0.0,0.0,75.74,75.74,Organic Search,Cash on Delivery,Completed
ORD000333,CUST00492,UK,2024-07-08 10:00:00,Toys,Board Game,1,32.02,0.0,0.0,32.02,32.02,Organic Search,UPI,Completed
ORD000334,CUST00680,Canada,2024-02-28 22:00:00,Clothing,T-Shirt,1,13.24,5.0,0.66,13.24,12.58,Social Media,UPI,Completed
ORD000335,CUST00348,India,2024-07-27 04:00:00,Beauty,Face Cream,2,29.29,0.0,0.0,58.58,58.58,Direct,Cash on Delivery,Cancelled
ORD000336,CUST00552,Canada,2024-05-15 18:00:00,Toys,RC Car,1,15.19,10.0,1.52,15.19,13.67,Social Media,Debit Card,Completed
ORD000337,CUST01018,USA,2024-11-22 21:00:00,Electronics,Power Bank,1,71.63,0.0,0.0,71.63,71.63,Email,Credit Card,Completed
ORD000338,CUST00477,India,2025-03-09 06:00:00,Clothing,Jacket,1,70.84,5.0,3.54,70.84,67.3,Organic Search,PayPal,Returned
ORD000339,CUST01149,Canada,2025-04-06 20:00:00,Home & Kitchen,Coffee Maker,1,54.54,5.0,2.73,54.54,51.81,Social Media,Debit Card,Completed
ORD000340,CUST01032,USA,2024-08-10 17:00:00,Beauty,Face Cream,3,34.77,0.0,0.0,104.31,104.31,Email,PayPal,Completed
ORD000341,CUST01112,India,2024-11-25 09:00:00,Home & Kitchen,Storage Box,2,97.3,20.0,38.92,194.6,155.68,Social Media,Debit Card,Completed
ORD000342,CUST00027,India,2024-05-08 15:00:00,Clothing,T-Shirt,1,43.97,0.0,0.0,43.97,43.97,Paid Ads,PayPal,Completed
ORD000343,CUST00242,Australia,2024-02-04 15:00:00,Electronics,Power Bank,1,44.13,5.0,2.21,44.13,41.92,Email,UPI,Completed
ORD000344,CUST01283,USA,2025-01-03 13:00:00,Beauty,Sunscreen,1,41.05,0.0,0.0,41.05,41.05,Paid Ads,UPI,Completed
ORD000345,CUST01017,India,2024-03-18 08:00:00,Clothing,Jacket,4,26.31,20.0,21.05,105.24,84.19,Organic Search,Credit Card,Cancelled
ORD000346,CUST00564,India,2025-02-21 18:00:00,Clothing,Jeans,1,57.2,10.0,5.72,57.2,51.48,Paid Ads,UPI,Completed
ORD000347,CUST00763,India,2024-07-08 09:00:00,Home & Kitchen,Blender,1,20.02,0.0,0.0,20.02,20.02,Social Media,Debit Card,Completed
ORD000348,CUST00132,India,2024-09-25 04:00:00,Electronics,Power Bank,1,146.46,5.0,7.32,146.46,139.14,Organic Search,UPI,Returned
ORD000349,CUST01290,India,2024-09-13 12:00:00,Electronics,Smartphone Case,1,35.03,5.0,1.75,35.03,33.28,Paid Ads,Cash on Delivery,Completed
ORD000350,CUST00353,UK,2024-08-02 15:00:00,Clothing,Hoodie,1,36.33,0.0,0.0,36.33,36.33,Email,Credit Card,Completed
ORD000351,CUST01189,India,2025-03-28 19:00:00,Beauty,Lipstick,2,28.46,5.0,2.85,56.92,54.07,Email,Credit Card,Completed
ORD000352,CUST00917,India,2024-12-16 16:00:00,Toys,Building Blocks,2,18.59,0.0,0.0,37.18,37.18,Paid Ads,PayPal,Completed
ORD000353,CUST00043,India,2024-02-14 13:00:00,Beauty,Shampoo,2,31.44,0.0,0.0,62.88,62.88,Email,PayPal,Returned
ORD000354,CUST01482,India,2024-04-16 08:00:00,Sports,Resistance Bands,2,10.16,15.0,3.05,20.32,17.27,Email,UPI,Completed
ORD000355,CUST00524,Canada,2024-09-24 16:00:00,Clothing,Jacket,1,33.73,0.0,0.0,33.73,33.73,Paid Ads,UPI,Completed
ORD000356,CUST00864,USA,2024-06-19 22:00:00,Home & Kitchen,Coffee Maker,2,24.05,0.0,0.0,48.1,48.1,Paid Ads,Debit Card,Completed
ORD000357,CUST01480,USA,2025-02-24 09:00:00,Sports,Dumbbells,1,61.68,0.0,0.0,61.68,61.68,Social Media,UPI,Completed
ORD000358,CUST00536,Australia,2025-05-11 02:00:00,Electronics,Smartphone Case,1,67.03,5.0,3.35,67.03,63.68,Social Media,Cash on Delivery,Completed
ORD000359,CUST00245,India,2024-01-25 13:00:00,Books,Biography,2,6.12,0.0,0.0,12.24,12.24,Organic Search,Credit Card,Returned
ORD000360,CUST01486,USA,2024-03-03 04:00:00,Electronics,USB-C Cable,1,76.32,0.0,0.0,76.32,76.32,Paid Ads,Cash on Delivery,Completed
ORD000361,CUST00511,UK,2024-03-07 15:00:00,Electronics,Bluetooth Speaker,1,35.77,15.0,5.37,35.77,30.4,Paid Ads,PayPal,Completed
ORD000362,CUST00742,India,2024-01-31 09:00:00,Clothing,Sneakers,1,69.42,0.0,0.0,69.42,69.42,Paid Ads,Debit Card,Returned
ORD000363,CUST01458,UK,2024-10-30 14:00:00,Beauty,Perfume,1,52.99,0.0,0.0,52.99,52.99,Email,Credit Card,Completed
ORD000364,CUST00601,India,2024-01-20 14:00:00,Books,Self-Help Book,1,10.69,5.0,0.53,10.69,10.16,Social Media,PayPal,Completed
ORD000365,CUST00520,India,2024-07-13 07:00:00,Home & Kitchen,Storage Box,1,35.42,0.0,0.0,35.42,35.42,Paid Ads,Debit Card,Completed
ORD000366,CUST00293,Canada,2025-03-13 00:00:00,Home & Kitchen,Coffee Maker,1,68.17,0.0,0.0,68.17,68.17,Organic Search,UPI,Completed
ORD000367,CUST00580,India,2024-10-25 06:00:00,Electronics,USB-C Cable,1,108.67,0.0,0.0,108.67,108.67,Social Media,PayPal,Completed
ORD000368,CUST00435,India,2025-04-16 18:00:00,Beauty,Face Cream,1,10.31,0.0,0.0,10.31,10.31,Organic Search,Debit Card,Completed
ORD000369,CUST00061,USA,2024-12-10 19:00:00,Home & Kitchen,Blender,1,78.94,0.0,0.0,78.94,78.94,Email,Credit Card,Completed
ORD000370,CUST00407,USA,2024-12-07 18:00:00,Electronics,USB-C Cable,1,84.88,5.0,4.24,84.88,80.64,Paid Ads,Credit Card,Completed
ORD000371,CUST01130,India,2024-12-25 02:00:00,Books,Biography,1,21.59,0.0,0.0,21.59,21.59,Paid Ads,Debit Card,Completed
ORD000372,CUST01162,India,2024-06-02 02:00:00,Books,Novel,1,25.3,5.0,1.26,25.3,24.04,Organic Search,Debit Card,Completed
ORD000373,CUST00620,Germany,2024-01-16 03:00:00,Books,Self-Help Book,1,6.13,5.0,0.31,6.13,5.82,Social Media,Cash on Delivery,Completed
ORD000374,CUST00705,India,2024-08-08 16:00:00,Beauty,Sunscreen,2,10.61,0.0,0.0,21.22,21.22,Direct,PayPal,Completed
ORD000375,CUST00582,Australia,2025-01-31 07:00:00,Sports,Dumbbells,3,65.76,0.0,0.0,197.28,197.28,Social Media,PayPal,Cancelled
ORD000376,CUST01327,India,2025-03-20 10:00:00,Beauty,Sunscreen,4,42.91,5.0,8.58,171.64,163.06,Social Media,Debit Card,Completed
ORD000377,CUST00097,USA,2025-02-01 10:00:00,Sports,Running Shoes,1,68.18,0.0,0.0,68.18,68.18,Paid Ads,Debit Card,Completed
ORD000378,CUST00938,Canada,2024-09-05 03:00:00,Home & Kitchen,Bed Sheets,1,40.01,0.0,0.0,40.01,40.01,Organic Search,UPI,Completed
ORD000379,CUST01489,USA,2024-09-24 08:00:00,Electronics,USB-C Cable,1,130.48,0.0,0.0,130.48,130.48,Organic Search,Credit Card,Completed
ORD000380,CUST00873,UK,2024-02-26 15:00:00,Sports,Running Shoes,1,53.48,0.0,0.0,53.48,53.48,Email,PayPal,Completed
ORD000381,CUST00686,USA,2024-10-12 21:00:00,Home & Kitchen,Cutlery Set,1,93.56,0.0,0.0,93.56,93.56,Social Media,UPI,Completed
ORD000382,CUST00536,Australia,2024-08-13 05:00:00,Sports,Water Bottle,1,84.04,0.0,0.0,84.04,84.04,Social Media,Debit Card,Completed
ORD000383,CUST00084,India,2025-04-08 10:00:00,Sports,Running Shoes,1,9.21,0.0,0.0,9.21,9.21,Organic Search,PayPal,Completed
ORD000384,CUST00549,USA,2024-04-09 07:00:00,Electronics,USB-C Cable,2,133.35,0.0,0.0,266.7,266.7,Email,UPI,Completed
ORD000385,CUST01487,USA,2024-03-30 17:00:00,Sports,Resistance Bands,4,26.44,20.0,21.15,105.76,84.61,Social Media,Credit Card,Completed
ORD000386,CUST01373,Canada,2024-09-13 18:00:00,Books,Cookbook,2,29.23,0.0,0.0,58.46,58.46,Paid Ads,Credit Card,Completed
ORD000387,CUST00326,Germany,2025-02-04 21:00:00,Electronics,USB-C Cable,2,49.92,0.0,0.0,99.84,99.84,Organic Search,Cash on Delivery,Completed
ORD000388,CUST00395,India,2024-10-04 20:00:00,Beauty,Lipstick,2,16.53,0.0,0.0,33.06,33.06,Direct,UPI,Completed
ORD000389,CUST01446,India,2025-02-08 16:00:00,Sports,Running Shoes,1,56.4,5.0,2.82,56.4,53.58,Email,Credit Card,Completed
ORD000390,CUST00218,Germany,2024-05-05 13:00:00,Books,Novel,1,6.96,10.0,0.7,6.96,6.26,Organic Search,Debit Card,Completed
ORD000391,CUST00923,Canada,2024-02-26 12:00:00,Sports,Water Bottle,1,44.34,0.0,0.0,44.34,44.34,Email,Debit Card,Completed
ORD000392,CUST00947,India,2024-07-23 20:00:00,Clothing,T-Shirt,1,60.06,0.0,0.0,60.06,60.06,Organic Search,Cash on Delivery,Completed
ORD000393,CUST00697,India,2024-12-29 08:00:00,Electronics,Bluetooth Speaker,1,32.42,0.0,0.0,32.42,32.42,Organic Search,Credit Card,Completed
ORD000394,CUST01333,India,2024-10-25 01:00:00,Sports,Water Bottle,2,29.68,15.0,8.9,59.36,50.46,Paid Ads,Credit Card,Cancelled
ORD000395,CUST00025,USA,2025-01-23 06:00:00,Books,Cookbook,1,11.58,5.0,0.58,11.58,11.0,Organic Search,Debit Card,Completed
ORD000396,CUST00944,Canada,2024-07-08 10:00:00,Electronics,Wireless Earbuds,1,33.19,0.0,0.0,33.19,33.19,Social Media,Cash on Delivery,Completed
ORD000397,CUST00289,India,2024-06-19 15:00:00,Electronics,Wireless Earbuds,1,76.78,5.0,3.84,76.78,72.94,Organic Search,Credit Card,Completed
ORD000398,CUST01254,India,2024-10-23 14:00:00,Clothing,T-Shirt,1,17.86,0.0,0.0,17.86,17.86,Organic Search,Cash on Delivery,Completed
ORD000399,CUST00511,UK,2024-05-28 16:00:00,Electronics,USB-C Cable,1,77.68,0.0,0.0,77.68,77.68,Direct,Cash on Delivery,Returned
ORD000400,CUST00078,India,2024-10-31 06:00:00,Electronics,Bluetooth Speaker,1,25.24,0.0,0.0,25.24,25.24,Paid Ads,PayPal,Cancelled
ORD000401,CUST00960,Germany,2024-12-01 01:00:00,Home & Kitchen,Storage Box,4,76.19,0.0,0.0,304.76,304.76,Social Media,Credit Card,Completed
ORD000402,CUST00579,USA,2024-02-04 04:00:00,Clothing,Sneakers,1,17.52,15.0,2.63,17.52,14.89,Social Media,Debit Card,Completed
ORD000403,CUST00426,USA,2024-05-17 11:00:00,Sports,Dumbbells,2,35.9,0.0,0.0,71.8,71.8,Email,Debit Card,Completed
ORD000404,CUST01079,India,2024-01-31 01:00:00,Clothing,Jeans,2,13.56,15.0,4.07,27.12,23.05,Email,UPI,Completed
ORD000405,CUST00790,Australia,2025-01-18 15:00:00,Home & Kitchen,Coffee Maker,1,55.8,5.0,2.79,55.8,53.01,Organic Search,Debit Card,Completed
ORD000406,CUST00937,India,2025-01-21 18:00:00,Home & Kitchen,Coffee Maker,1,47.57,0.0,0.0,47.57,47.57,Organic Search,PayPal,Completed
ORD000407,CUST01455,India,2024-08-23 21:00:00,Clothing,Hoodie,2,26.35,15.0,7.9,52.7,44.8,Organic Search,Cash on Delivery,Returned
ORD000408,CUST01450,UK,2024-08-06 00:00:00,Home & Kitchen,Blender,1,26.28,0.0,0.0,26.28,26.28,Paid Ads,PayPal,Completed
ORD000409,CUST00117,Germany,2025-04-05 08:00:00,Toys,Puzzle,3,10.36,0.0,0.0,31.08,31.08,Social Media,Cash on Delivery,Completed
ORD000410,CUST00454,Canada,2024-12-15 08:00:00,Electronics,Power Bank,1,34.01,15.0,5.1,34.01,28.91,Organic Search,UPI,Completed
ORD000411,CUST00978,India,2024-07-25 05:00:00,Electronics,Wireless Earbuds,1,104.08,0.0,0.0,104.08,104.08,Organic Search,Cash on Delivery,Completed
ORD000412,CUST01400,UK,2025-02-04 07:00:00,Electronics,USB-C Cable,1,62.58,0.0,0.0,62.58,62.58,Organic Search,PayPal,Completed
ORD000413,CUST00395,India,2025-01-31 03:00:00,Home & Kitchen,Bed Sheets,1,60.81,10.0,6.08,60.81,54.73,Paid Ads,Cash on Delivery,Completed
ORD000414,CUST00215,UK,2024-09-12 14:00:00,Clothing,Sneakers,1,68.23,10.0,6.82,68.23,61.41,Social Media,Debit Card,Completed
ORD000415,CUST00451,Germany,2024-04-20 06:00:00,Clothing,T-Shirt,1,75.75,10.0,7.58,75.75,68.17,Organic Search,Cash on Delivery,Cancelled
ORD000416,CUST00355,India,2024-08-26 18:00:00,Clothing,Jacket,1,42.54,0.0,0.0,42.54,42.54,Social Media,Cash on Delivery,Completed
ORD000417,CUST00050,India,2025-01-19 02:00:00,Electronics,Wireless Earbuds,1,49.14,0.0,0.0,49.14,49.14,Paid Ads,PayPal,Completed
ORD000418,CUST01225,USA,2024-04-10 03:00:00,Beauty,Perfume,1,5.87,0.0,0.0,5.87,5.87,Organic Search,Cash on Delivery,Completed
ORD000419,CUST00090,USA,2024-07-01 08:00:00,Beauty,Shampoo,2,53.52,0.0,0.0,107.04,107.04,Organic Search,PayPal,Completed
ORD000420,CUST00618,India,2025-04-03 01:00:00,Electronics,Wireless Earbuds,2,124.49,10.0,24.9,248.98,224.08,Paid Ads,UPI,Completed
ORD000421,CUST00732,Germany,2024-11-18 22:00:00,Electronics,Power Bank,1,90.67,5.0,4.53,90.67,86.14,Organic Search,Cash on Delivery,Completed
ORD000422,CUST01357,Canada,2024-05-24 17:00:00,Electronics,Wireless Earbuds,1,43.33,0.0,0.0,43.33,43.33,Social Media,Cash on Delivery,Completed
ORD000423,CUST00691,India,2024-12-02 20:00:00,Books,Biography,1,19.33,10.0,1.93,19.33,17.4,Social Media,Credit Card,Completed
ORD000424,CUST01331,USA,2024-07-24 21:00:00,Clothing,Hoodie,2,21.8,0.0,0.0,43.6,43.6,Direct,PayPal,Completed
ORD000425,CUST00015,India,2024-08-04 06:00:00,Books,Novel,1,27.34,0.0,0.0,27.34,27.34,Organic Search,PayPal,Completed
ORD000426,CUST00463,Germany,2025-01-28 14:00:00,Electronics,Power Bank,1,41.85,15.0,6.28,41.85,35.57,Paid Ads,Credit Card,Completed
ORD000427,CUST01434,UK,2024-09-22 08:00:00,Sports,Water Bottle,1,72.51,0.0,0.0,72.51,72.51,Paid Ads,Cash on Delivery,Completed
ORD000428,CUST00962,UK,2025-01-09 03:00:00,Electronics,Bluetooth Speaker,2,140.89,0.0,0.0,281.78,281.78,Social Media,PayPal,Completed
ORD000429,CUST00913,UK,2025-03-11 12:00:00,Clothing,T-Shirt,1,43.96,0.0,0.0,43.96,43.96,Social Media,PayPal,Completed
ORD000430,CUST01008,Canada,2024-10-30 10:00:00,Books,Novel,3,17.25,0.0,0.0,51.75,51.75,Paid Ads,Cash on Delivery,Completed
ORD000431,CUST00394,Germany,2024-03-29 00:00:00,Toys,Puzzle,1,48.97,0.0,0.0,48.97,48.97,Direct,Debit Card,Completed
ORD000432,CUST00107,USA,2024-06-04 17:00:00,Books,Biography,4,14.19,0.0,0.0,56.76,56.76,Email,Cash on Delivery,Completed
ORD000433,CUST00645,India,2024-08-20 11:00:00,Electronics,Smartphone Case,1,119.65,0.0,0.0,119.65,119.65,Social Media,PayPal,Completed
ORD000434,CUST00578,Australia,2025-03-25 18:00:00,Toys,Puzzle,1,49.1,0.0,0.0,49.1,49.1,Social Media,Credit Card,Completed
ORD000435,CUST00465,Australia,2024-11-21 07:00:00,Clothing,Sneakers,2,36.8,0.0,0.0,73.6,73.6,Direct,Credit Card,Completed
ORD000436,CUST01172,Australia,2024-04-21 06:00:00,Home & Kitchen,Cutlery Set,1,37.07,5.0,1.85,37.07,35.22,Direct,Cash on Delivery,Completed
ORD000437,CUST01051,Canada,2025-05-10 15:00:00,Beauty,Lipstick,1,38.04,0.0,0.0,38.04,38.04,Paid Ads,PayPal,Completed
ORD000438,CUST00441,India,2024-02-29 14:00:00,Home & Kitchen,Coffee Maker,1,44.57,10.0,4.46,44.57,40.11,Paid Ads,Cash on Delivery,Completed
ORD000439,CUST00052,Germany,2024-09-01 12:00:00,Clothing,Hoodie,3,48.75,0.0,0.0,146.25,146.25,Paid Ads,Credit Card,Completed
ORD000440,CUST00755,India,2024-04-23 10:00:00,Home & Kitchen,Cutlery Set,1,67.14,0.0,0.0,67.14,67.14,Social Media,PayPal,Completed
ORD000441,CUST00047,India,2025-03-13 03:00:00,Electronics,Smartphone Case,1,85.2,0.0,0.0,85.2,85.2,Social Media,UPI,Completed
ORD000442,CUST01396,Canada,2025-03-01 09:00:00,Toys,Board Game,1,45.41,20.0,9.08,45.41,36.33,Social Media,Cash on Delivery,Completed
ORD000443,CUST00161,USA,2024-12-18 06:00:00,Clothing,Jacket,4,11.29,0.0,0.0,45.16,45.16,Paid Ads,UPI,Completed
ORD000444,CUST00227,Australia,2025-02-03 13:00:00,Sports,Dumbbells,1,35.59,0.0,0.0,35.59,35.59,Email,UPI,Cancelled
ORD000445,CUST00896,India,2025-04-10 07:00:00,Toys,Building Blocks,1,36.62,5.0,1.83,36.62,34.79,Social Media,Credit Card,Returned
ORD000446,CUST00148,USA,2024-01-21 10:00:00,Clothing,Jeans,1,52.81,0.0,0.0,52.81,52.81,Social Media,PayPal,Completed
ORD000447,CUST00570,India,2024-07-06 21:00:00,Books,Biography,4,21.44,0.0,0.0,85.76,85.76,Paid Ads,Cash on Delivery,Cancelled
ORD000448,CUST01060,UK,2024-09-29 03:00:00,Clothing,Hoodie,2,79.85,0.0,0.0,159.7,159.7,Direct,Credit Card,Returned
ORD000449,CUST00561,UK,2024-07-13 21:00:00,Home & Kitchen,Storage Box,1,82.45,0.0,0.0,82.45,82.45,Email,Credit Card,Completed
ORD000450,CUST01170,India,2024-12-22 13:00:00,Electronics,Smartphone Case,1,34.84,20.0,6.97,34.84,27.87,Paid Ads,PayPal,Returned
ORD000451,CUST00610,UK,2025-03-12 05:00:00,Electronics,Smartphone Case,1,42.17,5.0,2.11,42.17,40.06,Organic Search,UPI,Returned
ORD000452,CUST00488,India,2024-07-10 07:00:00,Home & Kitchen,Storage Box,1,44.12,0.0,0.0,44.12,44.12,Organic Search,Cash on Delivery,Completed
ORD000453,CUST01139,USA,2025-01-23 18:00:00,Sports,Yoga Mat,1,54.67,10.0,5.47,54.67,49.2,Paid Ads,PayPal,Completed
ORD000454,CUST00586,India,2024-06-15 09:00:00,Home & Kitchen,Blender,4,68.76,0.0,0.0,275.04,275.04,Email,PayPal,Returned
ORD000455,CUST01217,India,2024-05-24 21:00:00,Books,Cookbook,1,23.64,0.0,0.0,23.64,23.64,Paid Ads,UPI,Completed
ORD000456,CUST00517,USA,2024-05-28 20:00:00,Toys,Board Game,4,47.1,0.0,0.0,188.4,188.4,Paid Ads,UPI,Completed
ORD000457,CUST00473,India,2024-12-04 10:00:00,Toys,Puzzle,1,32.42,0.0,0.0,32.42,32.42,Paid Ads,Cash on Delivery,Completed
ORD000458,CUST01097,India,2024-01-09 11:00:00,Beauty,Face Cream,1,51.23,15.0,7.68,51.23,43.55,Paid Ads,UPI,Completed
ORD000459,CUST00761,India,2024-05-05 15:00:00,Sports,Running Shoes,1,51.76,5.0,2.59,51.76,49.17,Social Media,UPI,Completed
ORD000460,CUST00847,India,2024-09-11 17:00:00,Home & Kitchen,Cutlery Set,2,58.8,0.0,0.0,117.6,117.6,Organic Search,Credit Card,Completed
ORD000461,CUST01453,Canada,2024-08-09 14:00:00,Home & Kitchen,Blender,1,59.01,5.0,2.95,59.01,56.06,Social Media,PayPal,Completed
ORD000462,CUST01054,Germany,2024-01-16 17:00:00,Sports,Dumbbells,1,54.14,0.0,0.0,54.14,54.14,Social Media,PayPal,Completed
ORD000463,CUST00314,Australia,2024-07-23 21:00:00,Books,Self-Help Book,1,17.75,10.0,1.78,17.75,15.97,Paid Ads,Debit Card,Completed
ORD000464,CUST00739,USA,2024-04-05 21:00:00,Home & Kitchen,Blender,2,93.71,0.0,0.0,187.42,187.42,Direct,UPI,Cancelled
ORD000465,CUST00046,UK,2025-03-04 06:00:00,Electronics,USB-C Cable,4,78.76,0.0,0.0,315.04,315.04,Email,UPI,Completed
ORD000466,CUST00698,USA,2024-05-07 19:00:00,Sports,Water Bottle,1,85.81,,12.87,85.81,72.94,Paid Ads,Cash on Delivery,Completed
ORD000467,CUST01043,India,2024-03-11 08:00:00,Clothing,Sneakers,1,73.79,0.0,0.0,73.79,73.79,Paid Ads,Credit Card,Completed
ORD000468,CUST00576,Australia,2024-09-01 13:00:00,Beauty,Sunscreen,1,56.27,0.0,0.0,56.27,56.27,Paid Ads,Credit Card,Returned
ORD000469,CUST01052,USA,2024-05-25 15:00:00,Home & Kitchen,Blender,4,84.77,0.0,0.0,339.08,339.08,Paid Ads,Debit Card,Completed
ORD000470,CUST01006,UK,2024-08-23 01:00:00,Books,Cookbook,2,16.54,5.0,1.65,33.08,31.43,Organic Search,UPI,Completed
ORD000471,CUST00092,UK,2025-03-13 14:00:00,Electronics,Wireless Earbuds,1,62.64,0.0,0.0,62.64,62.64,Direct,PayPal,Completed
ORD000472,CUST01371,Australia,2024-04-06 20:00:00,Books,Comic,1,11.59,0.0,0.0,11.59,11.59,Email,Debit Card,Completed
ORD000473,CUST00976,India,2024-02-28 12:00:00,Clothing,Jeans,2,12.63,0.0,0.0,25.26,25.26,Paid Ads,Debit Card,Completed
ORD000474,CUST00216,India,2024-07-16 08:00:00,Home & Kitchen,Blender,1,78.58,0.0,0.0,78.58,78.58,Organic Search,Cash on Delivery,Completed
ORD000475,CUST00987,UK,2025-01-23 05:00:00,Home & Kitchen,Bed Sheets,1,27.37,5.0,1.37,27.37,26.0,Organic Search,Credit Card,Completed
ORD000476,CUST00437,India,2024-05-21 11:00:00,Electronics,Power Bank,1,110.18,0.0,0.0,110.18,110.18,Paid Ads,Cash on Delivery,Completed
ORD000477,CUST01228,India,2025-03-20 06:00:00,Beauty,Sunscreen,2,32.63,0.0,0.0,65.26,65.26,Organic Search,PayPal,Completed
ORD000478,CUST01482,India,2024-06-21 18:00:00,Clothing,Jacket,2,23.73,0.0,0.0,47.46,47.46,Paid Ads,UPI,Returned
ORD000479,CUST00679,Australia,2024-11-24 01:00:00,Electronics,Bluetooth Speaker,1,101.99,5.0,5.1,101.99,96.89,Organic Search,PayPal,Completed
ORD000480,CUST00516,India,2024-01-28 21:00:00,Electronics,Smartphone Case,1,18.46,0.0,0.0,18.46,18.46,Paid Ads,Credit Card,Completed
ORD000481,CUST01422,USA,2024-07-18 17:00:00,Electronics,Wireless Earbuds,2,85.56,5.0,8.56,171.12,162.56,Paid Ads,Cash on Delivery,Completed
ORD000482,CUST01285,India,2024-05-20 12:00:00,Sports,Water Bottle,2,49.53,0.0,0.0,99.06,99.06,Email,Debit Card,Completed
ORD000483,CUST01232,India,2025-05-14 22:00:00,Sports,Resistance Bands,1,38.71,0.0,0.0,38.71,38.71,Paid Ads,PayPal,Completed
ORD000484,CUST01144,USA,2024-05-22 18:00:00,Electronics,Power Bank,1,108.24,20.0,21.65,108.24,86.59,Email,Credit Card,Completed
ORD000485,CUST00180,India,2024-11-24 14:00:00,Clothing,Sneakers,1,20.75,0.0,0.0,20.75,20.75,Paid Ads,Debit Card,Completed
ORD000486,CUST01074,India,2024-11-17 10:00:00,Toys,Puzzle,1,18.75,0.0,0.0,18.75,18.75,Organic Search,UPI,Completed
ORD000487,CUST00093,Germany,2024-04-06 20:00:00,Electronics,Smartphone Case,1,15.4,0.0,0.0,15.4,15.4,Direct,UPI,Cancelled
ORD000488,CUST00348,India,2024-05-10 12:00:00,Electronics,Wireless Earbuds,2,130.93,0.0,0.0,261.86,261.86,Paid Ads,Debit Card,Returned
ORD000489,CUST00695,India,2024-12-26 03:00:00,Clothing,Hoodie,1,61.81,5.0,3.09,61.81,58.72,Social Media,PayPal,Completed
ORD000490,CUST01119,India,2024-04-16 00:00:00,Electronics,Wireless Earbuds,1,123.19,5.0,6.16,123.19,117.03,Paid Ads,UPI,Completed
ORD000491,CUST01361,Canada,2024-10-22 07:00:00,Electronics,Smartphone Case,1,133.38,10.0,13.34,133.38,120.04,Direct,PayPal,Completed
ORD000492,CUST00013,Canada,2025-04-21 16:00:00,Electronics,USB-C Cable,1,110.34,0.0,0.0,110.34,110.34,Organic Search,Debit Card,Completed
ORD000493,CUST00333,India,2025-04-17 13:00:00,Clothing,Sneakers,1,72.1,0.0,0.0,72.1,72.1,Email,Credit Card,Completed
ORD000494,CUST00352,Canada,2024-11-23 18:00:00,Toys,Puzzle,1,38.27,0.0,0.0,38.27,38.27,Social Media,Debit Card,Completed
ORD000495,CUST00149,India,2024-05-30 05:00:00,Home & Kitchen,Bed Sheets,3,38.42,10.0,11.53,115.26,103.73,Direct,Cash on Delivery,Completed
ORD000496,CUST01289,India,2024-07-09 10:00:00,Home & Kitchen,Cutlery Set,1,95.85,0.0,0.0,95.85,95.85,Social Media,Cash on Delivery,Completed
ORD000497,CUST00575,Canada,2025-05-11 01:00:00,Electronics,Wireless Earbuds,4,58.02,10.0,23.21,232.08,208.87,Direct,PayPal,Completed
ORD000498,CUST01037,India,2025-02-11 09:00:00,Toys,RC Car,1,43.09,0.0,0.0,43.09,43.09,Paid Ads,Credit Card,Completed
ORD000499,CUST00568,USA,2025-01-06 21:00:00,Toys,Building Blocks,1,16.59,0.0,0.0,16.59,16.59,Social Media,Credit Card,Completed
ORD000500,CUST01196,Canada,2024-01-08 17:00:00,Books,Comic,2,6.19,0.0,0.0,12.38,12.38,Social Media,PayPal,Completed
ORD000501,CUST01226,UK,2024-06-13 12:00:00,Electronics,Power Bank,1,99.5,0.0,0.0,99.5,99.5,Organic Search,Cash on Delivery,Completed
ORD000502,CUST01358,USA,2024-12-27 20:00:00,Sports,Dumbbells,1,60.49,0.0,0.0,60.49,60.49,Social Media,Credit Card,Completed
ORD000503,CUST00047,India,2025-02-21 07:00:00,Home & Kitchen,Coffee Maker,1,78.47,0.0,0.0,78.47,78.47,Paid Ads,Cash on Delivery,Completed
ORD000504,CUST01362,India,2024-11-26 01:00:00,Books,Self-Help Book,1,7.55,5.0,0.38,7.55,7.17,Organic Search,Debit Card,Completed
ORD000505,CUST00403,USA,2024-01-06 14:00:00,Clothing,Hoodie,1,53.94,0.0,0.0,53.94,53.94,Organic Search,Cash on Delivery,Completed
ORD000506,CUST00512,USA,2024-07-31 04:00:00,Sports,Running Shoes,4,88.61,15.0,53.17,354.44,301.27,Social Media,Credit Card,Completed
ORD000507,CUST00761,India,2024-07-18 00:00:00,Books,Self-Help Book,1,28.32,0.0,0.0,28.32,28.32,Organic Search,PayPal,Completed
ORD000508,CUST00759,Canada,2024-03-10 06:00:00,Clothing,Sneakers,2,28.37,15.0,8.51,56.74,48.23,Paid Ads,PayPal,Completed
ORD000509,CUST00662,Australia,2025-03-28 10:00:00,Clothing,Jeans,1,42.06,0.0,0.0,42.06,42.06,Organic Search,PayPal,Completed
ORD000510,CUST00988,USA,2024-12-20 01:00:00,Electronics,Power Bank,1,143.46,0.0,0.0,143.46,143.46,Social Media,Cash on Delivery,Completed
ORD000511,CUST01385,UK,2025-04-17 07:00:00,Home & Kitchen,Cutlery Set,2,35.05,0.0,0.0,70.1,70.1,Organic Search,Debit Card,Completed
ORD000512,CUST01179,Germany,2025-04-03 19:00:00,Home & Kitchen,Storage Box,2,50.54,20.0,20.22,101.08,80.86,Paid Ads,UPI,Completed
ORD000513,CUST00444,USA,2024-03-04 17:00:00,Toys,Puzzle,2,49.22,0.0,0.0,98.44,98.44,Direct,Debit Card,Completed
ORD000514,CUST00298,India,2024-08-05 03:00:00,Clothing,Hoodie,1,23.95,0.0,0.0,23.95,23.95,Organic Search,PayPal,Completed
ORD000515,CUST01311,India,2024-07-22 00:00:00,Electronics,Power Bank,1,121.36,0.0,0.0,121.36,121.36,Email,UPI,Completed
ORD000516,CUST00037,India,2024-11-10 11:00:00,Books,Novel,1,12.63,0.0,0.0,12.63,12.63,Email,Cash on Delivery,Completed
ORD000517,CUST00085,India,2024-05-10 21:00:00,Home & Kitchen,Coffee Maker,1,72.21,0.0,0.0,72.21,72.21,Direct,Credit Card,Completed
ORD000518,CUST00319,India,2025-04-10 20:00:00,Sports,Running Shoes,1,65.84,0.0,0.0,65.84,65.84,Email,Debit Card,Completed
ORD000519,CUST00393,USA,2024-07-18 22:00:00,Electronics,USB-C Cable,1,78.42,15.0,11.76,78.42,66.66,Social Media,Cash on Delivery,Completed
ORD000520,CUST01104,Australia,2025-02-28 09:00:00,Books,Comic,4,12.86,0.0,0.0,51.44,51.44,Paid Ads,Cash on Delivery,Completed
ORD000521,CUST01375,India,2025-03-20 15:00:00,Clothing,Jacket,3,58.26,0.0,0.0,174.78,174.78,Organic Search,Cash on Delivery,Completed
ORD000522,CUST01387,Germany,2024-06-10 11:00:00,Books,Cookbook,2,26.37,5.0,2.64,52.74,50.1,Social Media,PayPal,Completed
ORD000523,CUST00421,Germany,2025-03-03 15:00:00,Electronics,Smartphone Case,2,64.67,0.0,0.0,129.34,129.34,Email,Cash on Delivery,Completed
ORD000524,CUST00758,USA,2024-06-25 14:00:00,Home & Kitchen,Coffee Maker,1,52.68,10.0,5.27,52.68,47.41,Social Media,Credit Card,Completed
ORD000525,CUST00782,USA,2025-01-15 12:00:00,Clothing,Jacket,1,33.49,0.0,0.0,33.49,33.49,Social Media,Cash on Delivery,Completed
ORD000526,CUST00991,Germany,2024-08-09 02:00:00,Clothing,Hoodie,3,76.36,0.0,0.0,229.08,229.08,Social Media,Debit Card,Completed
ORD000527,CUST01076,USA,2024-06-16 19:00:00,Home & Kitchen,Bed Sheets,4,83.43,0.0,0.0,333.72,333.72,Direct,Credit Card,Returned
ORD000528,CUST00162,UK,2024-12-17 20:00:00,Beauty,Lipstick,1,18.14,5.0,0.91,18.14,17.23,Paid Ads,Debit Card,Completed
ORD000529,CUST00599,India,2024-10-02 06:00:00,Electronics,Smartphone Case,1,24.63,5.0,1.23,24.63,23.4,Email,Credit Card,Completed
ORD000530,CUST00509,Australia,2024-11-02 14:00:00,Home & Kitchen,Blender,1,89.93,5.0,4.5,89.93,85.43,Organic Search,Credit Card,Completed
ORD000531,CUST00238,India,2024-09-07 21:00:00,Sports,Resistance Bands,1,78.39,5.0,3.92,78.39,74.47,Email,Debit Card,Completed
ORD000532,CUST00420,Germany,2025-02-20 15:00:00,Electronics,Wireless Earbuds,2,116.0,0.0,0.0,232.0,232.0,Organic Search,Debit Card,Completed
ORD000533,CUST00009,UK,2025-01-09 06:00:00,Books,Cookbook,2,26.62,0.0,0.0,53.24,53.24,Organic Search,UPI,Returned
ORD000534,CUST00491,USA,2025-04-30 12:00:00,Home & Kitchen,Coffee Maker,1,95.56,0.0,0.0,95.56,95.56,Social Media,UPI,Completed
ORD000535,CUST01121,Canada,2024-11-22 03:00:00,Home & Kitchen,Bed Sheets,1,55.42,5.0,2.77,55.42,52.65,Organic Search,UPI,Completed
ORD000536,CUST00181,India,2024-12-15 20:00:00,Books,Biography,1,12.69,10.0,1.27,12.69,11.42,Organic Search,Debit Card,Completed
ORD000537,CUST00416,USA,2024-12-23 00:00:00,Home & Kitchen,Bed Sheets,1,83.3,0.0,0.0,83.3,83.3,Social Media,UPI,Completed
ORD000538,CUST00665,India,2024-11-13 05:00:00,Electronics,USB-C Cable,1,16.13,0.0,0.0,16.13,16.13,Email,PayPal,Completed
ORD000539,CUST00525,Canada,2024-10-07 16:00:00,Sports,Yoga Mat,1,42.69,5.0,2.13,42.69,40.56,Social Media,Credit Card,Completed
ORD000540,CUST00106,India,2024-12-02 22:00:00,Sports,Water Bottle,1,67.53,0.0,0.0,67.53,67.53,Direct,PayPal,Completed
ORD000541,CUST01288,USA,2025-02-12 05:00:00,Clothing,Sneakers,1,40.11,0.0,0.0,40.11,40.11,Organic Search,Debit Card,Completed
ORD000542,CUST01022,India,2025-01-20 21:00:00,Home & Kitchen,Coffee Maker,2,34.98,0.0,0.0,69.96,69.96,Paid Ads,UPI,Returned
ORD000543,CUST01158,Canada,2024-06-06 22:00:00,Clothing,Jacket,2,18.4,0.0,0.0,36.8,36.8,Email,Cash on Delivery,Completed
ORD000544,CUST01176,USA,2024-10-27 18:00:00,Sports,Resistance Bands,1,75.7,0.0,0.0,75.7,75.7,Social Media,Credit Card,Completed
ORD000545,CUST00169,India,2024-04-18 03:00:00,Electronics,Bluetooth Speaker,2,144.39,0.0,0.0,288.78,288.78,Email,Cash on Delivery,Completed
ORD000546,CUST00131,USA,2024-08-28 12:00:00,Books,Self-Help Book,1,24.5,0.0,0.0,24.5,24.5,Organic Search,PayPal,Completed
ORD000547,CUST00075,UK,2024-04-11 21:00:00,Toys,Building Blocks,1,15.43,0.0,0.0,15.43,15.43,Social Media,Credit Card,Completed
ORD000548,CUST01199,Germany,2024-08-20 05:00:00,Beauty,Face Cream,2,47.44,15.0,14.23,94.88,80.65,Organic Search,UPI,Completed
ORD000549,CUST00501,UK,2025-01-10 08:00:00,Electronics,Bluetooth Speaker,1,89.14,10.0,8.91,89.14,80.23,Social Media,PayPal,Completed
ORD000550,CUST01090,India,2024-01-23 03:00:00,Electronics,Wireless Earbuds,1,89.0,0.0,0.0,89.0,89.0,Paid Ads,PayPal,Completed
ORD000551,CUST01169,India,2025-03-06 10:00:00,Toys,RC Car,2,48.65,5.0,4.86,97.3,92.44,Paid Ads,PayPal,Returned
ORD000552,CUST00907,Germany,2024-03-18 22:00:00,Electronics,Smartphone Case,3,57.79,0.0,0.0,173.37,173.37,Email,Cash on Delivery,Completed
ORD000553,CUST00589,India,2025-04-24 07:00:00,Books,Cookbook,2,13.22,5.0,1.32,26.44,25.12,Email,PayPal,Completed
ORD000554,CUST00771,India,2024-11-29 00:00:00,Clothing,Hoodie,1,12.11,5.0,0.61,12.11,11.5,Organic Search,Debit Card,Completed
ORD000555,CUST00039,UK,2025-02-26 10:00:00,Sports,Running Shoes,1,35.04,5.0,1.75,35.04,33.29,Paid Ads,UPI,Completed
ORD000556,CUST00996,India,2024-03-02 12:00:00,Toys,RC Car,1,34.75,20.0,6.95,34.75,27.8,Organic Search,UPI,Completed
ORD000557,CUST00777,India,2024-07-21 20:00:00,Electronics,Smartphone Case,1,105.6,0.0,0.0,105.6,105.6,Organic Search,Cash on Delivery,Completed
ORD000558,CUST00814,Australia,2025-01-07 14:00:00,Sports,Dumbbells,2,68.9,0.0,0.0,137.8,137.8,Direct,Debit Card,Completed
ORD000559,CUST00444,USA,2024-05-24 19:00:00,Home & Kitchen,Coffee Maker,1,35.54,10.0,3.55,35.54,31.99,Email,UPI,Completed
ORD000560,CUST00587,India,2024-08-14 13:00:00,Toys,Puzzle,3,19.52,0.0,0.0,58.56,58.56,Organic Search,UPI,Completed
ORD000561,CUST01180,USA,2024-10-30 02:00:00,Books,Biography,1,28.94,5.0,1.45,28.94,27.49,Social Media,Cash on Delivery,Returned
ORD000562,CUST00111,India,2024-12-02 13:00:00,Clothing,Jeans,1,20.78,0.0,0.0,20.78,20.78,Email,Cash on Delivery,Completed
ORD000563,CUST00998,India,2024-02-22 01:00:00,Clothing,T-Shirt,1,12.66,0.0,0.0,12.66,12.66,Paid Ads,Credit Card,Completed
ORD000564,CUST00129,India,2024-12-17 14:00:00,Home & Kitchen,Bed Sheets,1,63.81,0.0,0.0,63.81,63.81,Social Media,Credit Card,Completed
ORD000565,CUST01029,India,2025-01-16 01:00:00,Electronics,Power Bank,3,135.68,0.0,0.0,407.04,407.04,Organic Search,Debit Card,Completed
ORD000566,CUST00513,Australia,2024-10-01 07:00:00,Electronics,Smartphone Case,1,60.37,0.0,0.0,60.37,60.37,Organic Search,Cash on Delivery,Completed
ORD000567,CUST00349,USA,2024-01-17 13:00:00,Beauty,Sunscreen,1,52.06,0.0,0.0,52.06,52.06,Organic Search,Credit Card,Completed
ORD000568,CUST00959,India,2024-11-29 17:00:00,Sports,Resistance Bands,1,32.56,0.0,0.0,32.56,32.56,Paid Ads,PayPal,Completed
ORD000569,CUST01484,India,2024-02-04 03:00:00,Sports,Yoga Mat,1,35.04,0.0,0.0,35.04,35.04,Social Media,UPI,Completed
ORD000570,CUST01443,UK,2024-04-16 09:00:00,Clothing,Sneakers,1,33.73,0.0,0.0,33.73,33.73,Direct,Credit Card,Completed
ORD000571,CUST01356,Canada,2024-07-10 21:00:00,Beauty,Lipstick,1,28.26,10.0,2.83,28.26,25.43,Email,Cash on Delivery,Completed
ORD000572,CUST00389,Germany,2024-07-28 04:00:00,Electronics,Smartphone Case,1,145.86,15.0,21.88,145.86,123.98,Organic Search,Credit Card,Cancelled
ORD000573,CUST01362,India,2024-02-15 04:00:00,Beauty,Face Cream,1,41.29,0.0,0.0,41.29,41.29,Email,UPI,Completed
ORD000574,CUST00169,India,2024-01-26 21:00:00,Toys,Board Game,1,27.48,5.0,1.37,27.48,26.11,Paid Ads,PayPal,Completed
ORD000575,CUST01289,India,2024-10-31 03:00:00,Books,Novel,1,9.13,10.0,0.91,9.13,8.22,Email,Credit Card,Completed
ORD000576,CUST00495,USA,2024-06-05 13:00:00,Home & Kitchen,Coffee Maker,1,51.72,5.0,2.59,51.72,49.13,Email,Cash on Delivery,Completed
ORD000577,CUST00453,USA,2024-09-24 05:00:00,Sports,Running Shoes,1,55.28,0.0,0.0,55.28,55.28,Social Media,PayPal,Completed
ORD000578,CUST00063,Canada,2024-07-19 04:00:00,Electronics,Smartphone Case,1,120.43,10.0,12.04,120.43,108.39,Paid Ads,Credit Card,Completed
ORD000579,CUST00638,India,2024-11-18 22:00:00,Electronics,USB-C Cable,1,17.11,0.0,0.0,17.11,17.11,Paid Ads,Cash on Delivery,Completed
ORD000580,CUST00016,India,2024-03-18 13:00:00,Books,Biography,1,12.51,,0.0,12.51,12.51,Paid Ads,Debit Card,Completed
ORD000581,CUST01147,Germany,2025-05-10 17:00:00,Clothing,Jeans,1,48.59,5.0,2.43,48.59,46.16,Paid Ads,Credit Card,Completed
ORD000582,CUST00694,India,2024-05-16 02:00:00,Books,Cookbook,1,10.66,10.0,1.07,10.66,9.59,Organic Search,Debit Card,Completed
ORD000583,CUST00567,USA,2025-04-03 06:00:00,Beauty,Perfume,1,41.72,0.0,0.0,41.72,41.72,Organic Search,UPI,Completed
ORD000584,CUST00371,India,2025-05-09 03:00:00,Home & Kitchen,Cutlery Set,1,49.43,0.0,0.0,49.43,49.43,Organic Search,Debit Card,Completed
ORD000585,CUST00119,Canada,2024-01-01 14:00:00,Electronics,USB-C Cable,4,59.96,0.0,0.0,239.84,239.84,Email,UPI,Completed
ORD000586,CUST01014,India,2024-11-08 06:00:00,Clothing,Jacket,1,55.01,0.0,0.0,55.01,55.01,Paid Ads,UPI,Completed
ORD000587,CUST01405,UK,2025-03-16 13:00:00,Sports,Resistance Bands,1,31.38,5.0,1.57,31.38,29.81,Paid Ads,UPI,Completed
ORD000588,CUST00669,India,2024-06-21 00:00:00,Home & Kitchen,Cutlery Set,1,45.56,5.0,2.28,45.56,43.28,Paid Ads,Cash on Delivery,Completed
ORD000589,CUST00691,India,2024-11-15 08:00:00,Home & Kitchen,Coffee Maker,1,80.23,0.0,0.0,80.23,80.23,Organic Search,Credit Card,Completed
ORD000590,CUST00657,India,2024-10-26 21:00:00,Sports,Running Shoes,1,61.24,0.0,0.0,61.24,61.24,Social Media,PayPal,Completed
ORD000591,CUST00265,Canada,2025-04-15 04:00:00,Clothing,T-Shirt,1,15.52,0.0,0.0,15.52,15.52,Organic Search,Credit Card,Completed
ORD000592,CUST01255,UK,2024-12-23 13:00:00,Toys,Building Blocks,2,46.52,0.0,0.0,93.04,93.04,Organic Search,Cash on Delivery,Completed
ORD000593,CUST01170,India,2024-04-26 16:00:00,Electronics,Smartphone Case,1,69.18,10.0,6.92,69.18,62.26,Organic Search,Credit Card,Completed
ORD000594,CUST00128,Canada,2024-10-06 08:00:00,Books,Cookbook,2,23.69,0.0,0.0,47.38,47.38,Paid Ads,PayPal,Completed
ORD000595,CUST01147,Germany,2024-03-27 15:00:00,Home & Kitchen,Cutlery Set,1,73.22,0.0,0.0,73.22,73.22,Social Media,UPI,Completed
ORD000596,CUST00074,Germany,2024-04-11 18:00:00,Sports,Running Shoes,2,62.28,0.0,0.0,124.56,124.56,Organic Search,Credit Card,Completed
ORD000597,CUST00896,India,2024-01-30 12:00:00,Electronics,USB-C Cable,1,19.26,0.0,0.0,19.26,19.26,Social Media,Debit Card,Cancelled
ORD000598,CUST01346,USA,2024-08-22 05:00:00,Beauty,Lipstick,1,46.96,0.0,0.0,46.96,46.96,Paid Ads,PayPal,Completed
ORD000599,CUST00217,India,2024-03-09 03:00:00,Electronics,Power Bank,2,105.58,0.0,0.0,211.16,211.16,Paid Ads,PayPal,Completed
ORD000600,CUST00524,Canada,2024-05-09 07:00:00,Electronics,Bluetooth Speaker,2,97.53,5.0,9.75,195.06,185.31,Paid Ads,Debit Card,Completed
ORD000601,CUST00405,India,2024-03-09 05:00:00,Home & Kitchen,Blender,1,43.61,0.0,0.0,43.61,43.61,Direct,Credit Card,Completed
ORD000602,CUST01051,Canada,2024-12-03 10:00:00,Home & Kitchen,Blender,1,84.6,0.0,0.0,84.6,84.6,Social Media,PayPal,Completed
ORD000603,CUST01317,USA,2025-05-12 04:00:00,Toys,Building Blocks,1,16.22,5.0,0.81,16.22,15.41,Organic Search,PayPal,Completed
ORD000604,CUST01175,UK,2025-04-18 01:00:00,Beauty,Perfume,1,30.21,20.0,6.04,30.21,24.17,Email,Credit Card,Returned
ORD000605,CUST00821,Germany,2024-08-27 12:00:00,Home & Kitchen,Cutlery Set,1,41.41,0.0,0.0,41.41,41.41,Paid Ads,Cash on Delivery,Completed
ORD000606,CUST00627,USA,2024-03-10 19:00:00,Clothing,Jacket,1,56.56,,0.0,56.56,56.56,Social Media,PayPal,Completed
ORD000607,CUST01058,USA,2024-04-12 17:00:00,Books,Novel,2,8.52,0.0,0.0,17.04,17.04,Paid Ads,PayPal,Cancelled
ORD000608,CUST00732,Germany,2024-07-31 09:00:00,Books,Self-Help Book,2,26.6,0.0,0.0,53.2,53.2,Email,PayPal,Completed
ORD000609,CUST00076,Germany,2024-05-26 09:00:00,Sports,Dumbbells,1,79.41,15.0,11.91,79.41,67.5,Paid Ads,PayPal,Completed
ORD000610,CUST00728,Germany,2024-09-16 14:00:00,Books,Novel,2,20.54,0.0,0.0,41.08,41.08,Direct,Credit Card,Completed
ORD000611,CUST00921,Canada,2025-01-12 06:00:00,Clothing,Jacket,1,23.25,0.0,0.0,23.25,23.25,Organic Search,Credit Card,Completed
ORD000612,CUST01332,UK,2024-09-23 10:00:00,Toys,RC Car,1,29.14,15.0,4.37,29.14,24.77,Email,PayPal,Completed
ORD000613,CUST00736,Canada,2024-12-20 01:00:00,Electronics,Bluetooth Speaker,1,139.36,10.0,13.94,139.36,125.42,Organic Search,PayPal,Completed
ORD000614,CUST00014,India,2024-09-16 01:00:00,Electronics,USB-C Cable,3,35.97,10.0,10.79,107.91,97.12,Organic Search,Debit Card,Completed
ORD000615,CUST01497,UK,2024-03-21 04:00:00,Home & Kitchen,Bed Sheets,2,40.29,0.0,0.0,80.58,80.58,Email,Debit Card,Returned
ORD000616,CUST00622,India,2024-11-11 05:00:00,Home & Kitchen,Coffee Maker,1,38.83,5.0,1.94,38.83,36.89,Paid Ads,PayPal,Completed
ORD000617,CUST01057,Germany,2024-09-30 12:00:00,Toys,RC Car,3,31.73,0.0,0.0,95.19,95.19,Organic Search,UPI,Completed
ORD000618,CUST01391,India,2024-07-11 05:00:00,Beauty,Shampoo,1,38.08,5.0,1.9,38.08,36.18,Paid Ads,Credit Card,Completed
ORD000619,CUST00444,USA,2024-02-20 06:00:00,Toys,Puzzle,1,17.54,0.0,0.0,17.54,17.54,Paid Ads,Cash on Delivery,Completed
ORD000620,CUST00902,India,2024-07-19 04:00:00,Clothing,Jacket,2,18.96,0.0,0.0,37.92,37.92,Email,Cash on Delivery,Completed
ORD000621,CUST00544,UK,2024-10-09 19:00:00,Electronics,Bluetooth Speaker,4,38.44,0.0,0.0,153.76,153.76,Paid Ads,UPI,Returned
ORD000622,CUST00839,USA,2024-01-22 01:00:00,Home & Kitchen,Blender,1,46.69,0.0,0.0,46.69,46.69,Organic Search,Credit Card,Cancelled
ORD000623,CUST01478,Germany,2024-06-25 18:00:00,Clothing,Jacket,1,16.41,5.0,0.82,16.41,15.59,Organic Search,PayPal,Completed
ORD000624,CUST00017,India,2024-06-24 05:00:00,Electronics,Smartphone Case,1,50.64,10.0,5.06,50.64,45.58,Paid Ads,Debit Card,Completed
ORD000625,CUST01130,India,2024-12-12 12:00:00,Home & Kitchen,Cutlery Set,2,46.1,0.0,0.0,92.2,92.2,Social Media,Debit Card,Returned
ORD000626,CUST00517,USA,2025-02-28 05:00:00,Toys,Board Game,1,14.43,5.0,0.72,14.43,13.71,Paid Ads,Cash on Delivery,Completed
ORD000627,CUST00166,Canada,2024-06-02 11:00:00,Clothing,Hoodie,1,20.38,0.0,0.0,20.38,20.38,Paid Ads,PayPal,Completed
ORD000628,CUST00518,Germany,2025-02-23 08:00:00,Home & Kitchen,Coffee Maker,2,32.6,0.0,0.0,65.2,65.2,Paid Ads,Debit Card,Completed
ORD000629,CUST00987,UK,2024-12-03 21:00:00,Clothing,Jacket,1,75.65,0.0,0.0,75.65,75.65,Social Media,Credit Card,Completed
ORD000630,CUST00391,Australia,2024-12-30 10:00:00,Clothing,Jeans,1,16.64,5.0,0.83,16.64,15.81,Social Media,UPI,Completed
ORD000631,CUST00811,Australia,2025-01-04 22:00:00,Books,Comic,1,20.03,15.0,3.0,20.03,17.03,Organic Search,Cash on Delivery,Completed
ORD000632,CUST00346,UK,2024-08-11 18:00:00,Books,Biography,1,5.03,0.0,0.0,5.03,5.03,Direct,Debit Card,Completed
ORD000633,CUST00825,USA,2024-11-20 15:00:00,Books,Comic,1,9.66,0.0,0.0,9.66,9.66,Organic Search,Debit Card,Completed
ORD000634,CUST00441,India,2025-03-19 13:00:00,Beauty,Face Cream,1,36.43,0.0,0.0,36.43,36.43,Social Media,UPI,Completed
ORD000635,CUST01425,Australia,2024-04-01 20:00:00,Toys,RC Car,3,42.61,0.0,0.0,127.83,127.83,Organic Search,Credit Card,Completed
ORD000636,CUST00850,USA,2024-11-29 10:00:00,Toys,RC Car,1,18.81,0.0,0.0,18.81,18.81,Paid Ads,Debit Card,Completed
ORD000637,CUST00333,India,2024-11-22 16:00:00,Electronics,Power Bank,1,87.52,10.0,8.75,87.52,78.77,Direct,Credit Card,Completed
ORD000638,CUST00018,USA,2024-11-25 01:00:00,Home & Kitchen,Blender,1,67.17,10.0,6.72,67.17,60.45,Organic Search,UPI,Completed
ORD000639,CUST00401,India,2024-08-28 01:00:00,Electronics,USB-C Cable,1,78.51,0.0,0.0,78.51,78.51,Organic Search,Cash on Delivery,Completed
ORD000640,CUST00309,Germany,2025-04-03 10:00:00,Electronics,Bluetooth Speaker,2,79.37,5.0,7.94,158.74,150.8,Organic Search,Debit Card,Completed
ORD000641,CUST01465,Australia,2024-10-07 04:00:00,Toys,RC Car,1,38.64,0.0,0.0,38.64,38.64,Paid Ads,Cash on Delivery,Completed
ORD000642,CUST00143,USA,2025-02-19 04:00:00,Sports,Water Bottle,1,52.57,0.0,0.0,52.57,52.57,Organic Search,UPI,Completed
ORD000643,CUST00149,India,2024-11-24 13:00:00,Home & Kitchen,Storage Box,1,64.44,0.0,0.0,64.44,64.44,Social Media,Debit Card,Completed
ORD000644,CUST00979,USA,2024-11-04 02:00:00,Sports,Water Bottle,1,44.42,10.0,4.44,44.42,39.98,Organic Search,Credit Card,Returned
ORD000645,CUST00911,USA,2024-12-20 05:00:00,Beauty,Lipstick,1,48.8,15.0,7.32,48.8,41.48,Social Media,Cash on Delivery,Completed
ORD000646,CUST01241,Canada,2024-10-01 10:00:00,Toys,Puzzle,4,13.13,10.0,5.25,52.52,47.27,Organic Search,UPI,Completed
ORD000647,CUST00653,USA,2024-07-30 03:00:00,Toys,RC Car,1,44.7,0.0,0.0,44.7,44.7,Email,Debit Card,Completed
ORD000648,CUST00933,Australia,2024-03-06 21:00:00,Books,Cookbook,1,9.72,0.0,0.0,9.72,9.72,Paid Ads,PayPal,Completed
ORD000649,CUST00462,UK,2024-10-27 12:00:00,Clothing,T-Shirt,1,76.73,0.0,0.0,76.73,76.73,Email,UPI,Completed
ORD000650,CUST01154,UK,2025-04-29 15:00:00,Electronics,Smartphone Case,2,146.2,10.0,29.24,292.4,263.16,Direct,Credit Card,Completed
ORD000651,CUST01142,India,2024-12-07 13:00:00,Clothing,Jeans,3,23.89,5.0,3.58,71.67,68.09,Organic Search,Credit Card,Completed
ORD000652,CUST01208,USA,2025-03-20 07:00:00,Electronics,USB-C Cable,1,126.59,0.0,0.0,126.59,126.59,Email,Debit Card,Completed
ORD000653,CUST00040,USA,2025-03-22 22:00:00,Electronics,Bluetooth Speaker,1,141.37,5.0,7.07,141.37,134.3,Organic Search,UPI,Completed
ORD000654,CUST01084,Canada,2024-11-02 16:00:00,Beauty,Shampoo,1,20.63,5.0,1.03,20.63,19.6,Paid Ads,UPI,Completed
ORD000655,CUST00305,Germany,2024-03-31 00:00:00,Electronics,Smartphone Case,2,74.91,0.0,0.0,149.82,149.82,Direct,Debit Card,Completed
ORD000656,CUST00666,India,2024-08-28 16:00:00,Electronics,Smartphone Case,1,53.47,0.0,0.0,53.47,53.47,Direct,Debit Card,Completed
ORD000657,CUST00382,UK,2024-05-25 05:00:00,Electronics,USB-C Cable,1,131.8,0.0,0.0,131.8,131.8,Direct,UPI,Completed
ORD000658,CUST00670,India,2024-03-02 04:00:00,Electronics,Bluetooth Speaker,2,57.43,20.0,22.97,114.86,91.89,Direct,Credit Card,Completed
ORD000659,CUST00573,USA,2024-10-06 05:00:00,Electronics,Smartphone Case,1,137.79,5.0,6.89,137.79,130.9,Organic Search,Debit Card,Completed
ORD000660,CUST00428,Canada,2024-12-05 16:00:00,Electronics,Smartphone Case,1,106.31,0.0,0.0,106.31,106.31,Email,Credit Card,Completed
ORD000661,CUST00489,Australia,2024-03-11 08:00:00,Clothing,Jacket,1,59.56,0.0,0.0,59.56,59.56,Paid Ads,PayPal,Completed
ORD000662,CUST00290,USA,2025-04-08 04:00:00,Clothing,Jeans,1,25.58,0.0,0.0,25.58,25.58,Social Media,Debit Card,Completed
ORD000663,CUST00527,USA,2025-03-02 22:00:00,Beauty,Shampoo,2,31.04,0.0,0.0,62.08,62.08,Organic Search,Debit Card,Completed
ORD000664,CUST01091,Australia,2024-08-20 09:00:00,Books,Cookbook,1,29.34,0.0,0.0,29.34,29.34,Organic Search,PayPal,Completed
ORD000665,CUST01251,Germany,2024-01-18 10:00:00,Clothing,T-Shirt,1,57.02,0.0,0.0,57.02,57.02,Direct,Credit Card,Completed
ORD000666,CUST00775,Germany,2024-08-01 03:00:00,Beauty,Sunscreen,1,16.04,0.0,0.0,16.04,16.04,Organic Search,Debit Card,Completed
ORD000667,CUST00987,UK,2025-02-11 17:00:00,Toys,Puzzle,2,40.86,0.0,0.0,81.72,81.72,Social Media,UPI,Completed
ORD000668,CUST01076,USA,2024-09-15 07:00:00,Beauty,Lipstick,1,18.94,0.0,0.0,18.94,18.94,Social Media,Debit Card,Completed
ORD000669,CUST00958,India,2024-05-26 21:00:00,Home & Kitchen,Blender,1,45.98,5.0,2.3,45.98,43.68,Paid Ads,UPI,Returned
ORD000670,CUST01280,USA,2024-12-11 01:00:00,Sports,Running Shoes,1,73.98,0.0,0.0,73.98,73.98,Organic Search,UPI,Completed
ORD000671,CUST00143,USA,2024-03-12 12:00:00,Electronics,Power Bank,1,115.53,0.0,0.0,115.53,115.53,Social Media,PayPal,Completed
ORD000672,CUST01106,India,2025-01-25 05:00:00,Toys,Action Figure,1,49.9,5.0,2.5,49.9,47.4,Direct,Cash on Delivery,Completed
ORD000673,CUST00417,India,2025-04-03 17:00:00,Clothing,T-Shirt,1,50.42,15.0,7.56,50.42,42.86,Email,Cash on Delivery,Completed
ORD000674,CUST01443,UK,2024-09-29 17:00:00,Books,Novel,1,14.92,10.0,1.49,14.92,13.43,Social Media,Credit Card,Completed
ORD000675,CUST00391,Australia,2024-05-21 02:00:00,Electronics,Bluetooth Speaker,1,42.19,0.0,0.0,42.19,42.19,Direct,Debit Card,Completed
ORD000676,CUST00562,India,2024-08-31 18:00:00,Toys,RC Car,1,16.77,15.0,2.52,16.77,14.25,Organic Search,Debit Card,Completed
ORD000677,CUST00430,India,2024-10-14 04:00:00,Beauty,Perfume,1,38.31,0.0,0.0,38.31,38.31,Paid Ads,Credit Card,Completed
ORD000678,CUST00444,USA,2025-03-07 03:00:00,Electronics,Wireless Earbuds,1,35.63,15.0,5.34,35.63,30.29,Organic Search,Credit Card,Completed
ORD000679,CUST01325,Australia,2024-10-01 04:00:00,Electronics,Power Bank,2,69.81,10.0,13.96,139.62,125.66,Direct,Credit Card,Completed
ORD000680,CUST00449,USA,2024-04-15 12:00:00,Electronics,Smartphone Case,1,15.03,0.0,0.0,15.03,15.03,Organic Search,UPI,Completed
ORD000681,CUST00684,UK,2024-08-15 17:00:00,Clothing,T-Shirt,1,66.65,5.0,3.33,66.65,63.32,Direct,Credit Card,Completed
ORD000682,CUST00909,India,2025-01-02 06:00:00,Clothing,Hoodie,2,30.26,0.0,0.0,60.52,60.52,Direct,UPI,Completed
ORD000683,CUST00842,UK,2024-02-01 22:00:00,Electronics,Bluetooth Speaker,1,76.13,0.0,0.0,76.13,76.13,Email,Credit Card,Completed
ORD000684,CUST00913,UK,2024-08-21 16:00:00,Clothing,Sneakers,2,49.26,20.0,19.7,98.52,78.82,Paid Ads,UPI,Completed
ORD000685,CUST01082,India,2024-03-25 17:00:00,Books,Self-Help Book,2,22.07,0.0,0.0,44.14,44.14,Direct,Credit Card,Completed
ORD000686,CUST00688,India,2024-03-07 02:00:00,Books,Self-Help Book,4,29.89,20.0,23.91,119.56,95.65,Paid Ads,Debit Card,Completed
ORD000687,CUST01031,India,2025-01-31 05:00:00,Toys,Building Blocks,1,14.45,5.0,0.72,14.45,13.73,Social Media,Cash on Delivery,Completed
ORD000688,CUST00529,India,2024-10-13 22:00:00,Clothing,Sneakers,1,38.29,10.0,3.83,38.29,34.46,Paid Ads,UPI,Completed
ORD000689,CUST00025,USA,2025-03-04 12:00:00,Clothing,Hoodie,1,46.53,0.0,0.0,46.53,46.53,Social Media,UPI,Completed
ORD000690,CUST01206,Germany,2025-04-09 22:00:00,Toys,Puzzle,2,12.01,0.0,0.0,24.02,24.02,Social Media,Debit Card,Cancelled
ORD000691,CUST00227,Australia,2025-03-03 11:00:00,Books,Self-Help Book,1,7.78,0.0,0.0,7.78,7.78,Social Media,UPI,Completed
ORD000692,CUST00007,India,2024-01-31 20:00:00,Clothing,T-Shirt,1,67.49,0.0,0.0,67.49,67.49,Organic Search,PayPal,Completed
ORD000693,CUST00001,USA,2024-03-10 13:00:00,Sports,Running Shoes,1,9.04,5.0,0.45,9.04,8.59,Email,Debit Card,Completed
ORD000694,CUST01091,Australia,2024-09-07 16:00:00,Electronics,Wireless Earbuds,1,39.48,0.0,0.0,39.48,39.48,Paid Ads,Debit Card,Completed
ORD000695,CUST00488,India,2024-01-10 15:00:00,Toys,Building Blocks,2,45.25,0.0,0.0,90.5,90.5,Paid Ads,Debit Card,Completed
ORD000696,CUST00085,India,2025-01-05 10:00:00,Books,Self-Help Book,4,9.57,15.0,5.74,38.28,32.54,Direct,Debit Card,Completed
ORD000697,CUST00802,India,2024-07-29 19:00:00,Beauty,Shampoo,1,28.55,10.0,2.86,28.55,25.69,Direct,UPI,Completed
ORD000698,CUST01152,Canada,2025-03-04 01:00:00,Home & Kitchen,Cutlery Set,2,94.57,0.0,0.0,189.14,189.14,Email,UPI,Completed
ORD000699,CUST00201,UK,2024-04-03 15:00:00,Home & Kitchen,Bed Sheets,1,83.68,10.0,8.37,83.68,75.31,Organic Search,PayPal,Completed
ORD000700,CUST01315,USA,2024-02-28 13:00:00,Toys,Building Blocks,1,13.13,,0.0,13.13,13.13,Social Media,PayPal,Completed
ORD000701,CUST00791,India,2024-08-09 01:00:00,Home & Kitchen,Bed Sheets,1,95.7,5.0,4.78,95.7,90.92,Social Media,UPI,Completed
ORD000702,CUST00216,India,2024-02-14 22:00:00,Books,Comic,1,14.79,10.0,1.48,14.79,13.31,Organic Search,Debit Card,Completed
ORD000703,CUST00869,Canada,2025-05-07 18:00:00,Toys,Board Game,4,16.19,0.0,0.0,64.76,64.76,Social Media,Cash on Delivery,Cancelled
ORD000704,CUST01352,USA,2025-01-21 05:00:00,Electronics,Bluetooth Speaker,2,130.0,0.0,0.0,260.0,260.0,Paid Ads,UPI,Completed
ORD000705,CUST00306,Australia,2025-02-06 03:00:00,Clothing,Jacket,1,10.95,0.0,0.0,10.95,10.95,Paid Ads,PayPal,Completed
ORD000706,CUST01378,USA,2024-02-05 16:00:00,Clothing,Jeans,3,62.62,5.0,9.39,187.86,178.47,Direct,UPI,Cancelled
ORD000707,CUST01391,India,2025-04-12 17:00:00,Electronics,Smartphone Case,1,130.95,0.0,0.0,130.95,130.95,Paid Ads,Credit Card,Completed
ORD000708,CUST00374,UK,2024-09-14 13:00:00,Home & Kitchen,Cutlery Set,1,17.28,,0.0,17.28,17.28,Email,Credit Card,Returned
ORD000709,CUST00815,Canada,2024-10-26 04:00:00,Clothing,Jeans,1,51.97,10.0,5.2,51.97,46.77,Organic Search,Debit Card,Completed
ORD000710,CUST00944,Canada,2024-02-27 09:00:00,Home & Kitchen,Coffee Maker,2,28.46,0.0,0.0,56.92,56.92,Email,PayPal,Completed
ORD000711,CUST00476,Australia,2024-08-04 03:00:00,Electronics,Wireless Earbuds,1,44.66,20.0,8.93,44.66,35.73,Organic Search,Cash on Delivery,Completed
ORD000712,CUST01465,Australia,2025-01-01 22:00:00,Books,Comic,1,7.56,10.0,0.76,7.56,6.8,Organic Search,Credit Card,Completed
ORD000713,CUST00064,USA,2024-09-12 04:00:00,Toys,Puzzle,2,40.66,0.0,0.0,81.32,81.32,Email,PayPal,Completed
ORD000714,CUST00333,India,2025-03-20 10:00:00,Home & Kitchen,Blender,1,89.38,0.0,0.0,89.38,89.38,Organic Search,Debit Card,Completed
ORD000715,CUST00348,India,2024-11-15 12:00:00,Sports,Dumbbells,1,60.53,20.0,12.11,60.53,48.42,Organic Search,PayPal,Completed
ORD000716,CUST01317,USA,2024-01-15 00:00:00,Home & Kitchen,Storage Box,2,59.14,0.0,0.0,118.28,118.28,Paid Ads,Debit Card,Completed
ORD000717,CUST00252,USA,2024-02-24 18:00:00,Electronics,Power Bank,1,118.28,5.0,5.91,118.28,112.37,Organic Search,UPI,Completed
ORD000718,CUST00228,USA,2025-04-22 08:00:00,Books,Self-Help Book,1,8.1,0.0,0.0,8.1,8.1,Social Media,Credit Card,Completed
ORD000719,CUST01089,Australia,2024-09-10 12:00:00,Home & Kitchen,Coffee Maker,2,80.82,0.0,0.0,161.64,161.64,Direct,Cash on Delivery,Completed
ORD000720,CUST01072,India,2024-06-21 08:00:00,Beauty,Sunscreen,1,35.55,0.0,0.0,35.55,35.55,Paid Ads,Cash on Delivery,Completed
ORD000721,CUST01143,UK,2024-04-04 02:00:00,Home & Kitchen,Blender,1,21.98,20.0,4.4,21.98,17.58,Organic Search,Credit Card,Completed
ORD000722,CUST00443,USA,2024-08-07 17:00:00,Home & Kitchen,Coffee Maker,2,89.81,0.0,0.0,179.62,179.62,Direct,Cash on Delivery,Completed
ORD000723,CUST01076,USA,2025-03-05 19:00:00,Home & Kitchen,Storage Box,2,13.49,10.0,2.7,26.98,24.28,Social Media,UPI,Completed
ORD000724,CUST00854,Canada,2025-03-20 12:00:00,Home & Kitchen,Blender,1,71.3,0.0,0.0,71.3,71.3,Social Media,Credit Card,Completed
ORD000725,CUST00883,India,2025-04-15 03:00:00,Electronics,Power Bank,1,98.47,20.0,19.69,98.47,78.78,Paid Ads,PayPal,Completed
ORD000726,CUST00562,India,2024-01-09 12:00:00,Clothing,Sneakers,2,67.66,15.0,20.3,135.32,115.02,Paid Ads,Cash on Delivery,Completed
ORD000727,CUST00767,Germany,2024-07-24 16:00:00,Home & Kitchen,Coffee Maker,2,70.57,10.0,14.11,141.14,127.03,Paid Ads,UPI,Completed
ORD000728,CUST00303,USA,2024-02-03 16:00:00,Sports,Resistance Bands,1,56.21,0.0,0.0,56.21,56.21,Organic Search,Cash on Delivery,Completed
ORD000729,CUST00748,USA,2025-04-06 17:00:00,Clothing,Sneakers,1,27.52,0.0,0.0,27.52,27.52,Social Media,Credit Card,Completed
ORD000730,CUST01177,Germany,2024-05-20 01:00:00,Toys,Puzzle,2,11.9,5.0,1.19,23.8,22.61,Organic Search,PayPal,Completed
ORD000731,CUST00530,Canada,2024-10-20 21:00:00,Clothing,Sneakers,1,24.36,0.0,0.0,24.36,24.36,Organic Search,Debit Card,Completed
ORD000732,CUST01442,India,2025-01-25 05:00:00,Beauty,Perfume,2,55.66,15.0,16.7,111.32,94.62,Paid Ads,PayPal,Completed
ORD000733,CUST00669,India,2024-09-08 12:00:00,Clothing,Jacket,1,68.34,20.0,13.67,68.34,54.67,Social Media,PayPal,Cancelled
ORD000734,CUST00197,Germany,2024-08-08 10:00:00,Clothing,Sneakers,1,57.14,5.0,2.86,57.14,54.28,Organic Search,PayPal,Completed
ORD000735,CUST00783,India,2025-04-14 13:00:00,Electronics,Bluetooth Speaker,1,70.53,0.0,0.0,70.53,70.53,Paid Ads,Cash on Delivery,Completed
ORD000736,CUST01177,Germany,2025-01-05 05:00:00,Clothing,Hoodie,1,21.91,0.0,0.0,21.91,21.91,Organic Search,Credit Card,Completed
ORD000737,CUST01243,Germany,2024-10-10 01:00:00,Sports,Dumbbells,1,23.22,0.0,0.0,23.22,23.22,Paid Ads,Cash on Delivery,Completed
ORD000738,CUST01139,USA,2024-03-26 22:00:00,Home & Kitchen,Storage Box,1,67.89,15.0,10.18,67.89,57.71,Organic Search,PayPal,Completed
ORD000739,CUST00239,UK,2024-05-15 14:00:00,Clothing,Jacket,1,12.89,10.0,1.29,12.89,11.6,Paid Ads,Debit Card,Completed
ORD000740,CUST00227,Australia,2024-03-20 14:00:00,Sports,Resistance Bands,1,59.68,5.0,2.98,59.68,56.7,Organic Search,PayPal,Completed
ORD000741,CUST01223,USA,2024-04-28 10:00:00,Electronics,Bluetooth Speaker,1,93.32,0.0,0.0,93.32,93.32,Paid Ads,Cash on Delivery,Completed
ORD000742,CUST00848,Australia,2024-06-24 05:00:00,Clothing,Jeans,1,37.51,0.0,0.0,37.51,37.51,Email,UPI,Completed
ORD000743,CUST00018,USA,2024-04-22 14:00:00,Home & Kitchen,Bed Sheets,1,61.2,0.0,0.0,61.2,61.2,Social Media,Cash on Delivery,Completed
ORD000744,CUST01309,India,2024-02-04 09:00:00,Beauty,Lipstick,2,16.92,0.0,0.0,33.84,33.84,Social Media,Cash on Delivery,Completed
ORD000745,CUST00203,India,2024-09-13 14:00:00,Electronics,Wireless Earbuds,1,143.37,0.0,0.0,143.37,143.37,Social Media,Cash on Delivery,Completed
ORD000746,CUST00075,UK,2024-05-14 18:00:00,Sports,Water Bottle,1,10.89,0.0,0.0,10.89,10.89,Social Media,Debit Card,Returned
ORD000747,CUST01370,India,2025-01-06 11:00:00,Home & Kitchen,Blender,1,50.85,0.0,0.0,50.85,50.85,Organic Search,PayPal,Completed
ORD000748,CUST01305,UK,2025-01-28 03:00:00,Electronics,Smartphone Case,2,59.11,0.0,0.0,118.22,118.22,Organic Search,Debit Card,Completed
ORD000749,CUST00255,India,2024-09-12 04:00:00,Home & Kitchen,Bed Sheets,1,33.87,0.0,0.0,33.87,33.87,Social Media,PayPal,Completed
ORD000750,CUST01003,Canada,2024-04-05 11:00:00,Clothing,T-Shirt,4,48.25,10.0,19.3,193.0,173.7,Organic Search,Debit Card,Completed
ORD000751,CUST00266,Germany,2024-07-22 19:00:00,Toys,Action Figure,4,15.85,0.0,0.0,63.4,63.4,Direct,UPI,Cancelled
ORD000752,CUST00008,Canada,2024-08-16 08:00:00,Beauty,Sunscreen,2,44.19,20.0,17.68,88.38,70.7,Paid Ads,PayPal,Completed
ORD000753,CUST00934,USA,2024-10-18 07:00:00,Beauty,Shampoo,1,12.06,15.0,1.81,12.06,10.25,Paid Ads,Credit Card,Completed
ORD000754,CUST00854,Canada,2025-01-04 18:00:00,Clothing,Sneakers,1,62.66,20.0,12.53,62.66,50.13,Direct,Cash on Delivery,Returned
ORD000755,CUST00395,India,2024-09-26 02:00:00,Sports,Resistance Bands,2,65.21,5.0,6.52,130.42,123.9,Direct,Cash on Delivery,Completed
ORD000756,CUST00687,USA,2025-02-19 07:00:00,Beauty,Face Cream,1,56.22,5.0,2.81,56.22,53.41,Organic Search,UPI,Completed
ORD000757,CUST00132,India,2025-02-23 00:00:00,Clothing,Hoodie,1,62.23,0.0,0.0,62.23,62.23,Direct,Debit Card,Completed
ORD000758,CUST00949,Canada,2024-10-20 16:00:00,Home & Kitchen,Blender,1,18.74,5.0,0.94,18.74,17.8,Email,Debit Card,Completed
ORD000759,CUST00066,USA,2024-08-13 01:00:00,Beauty,Shampoo,3,55.99,0.0,0.0,167.97,167.97,Organic Search,Credit Card,Completed
ORD000760,CUST00782,USA,2024-05-12 16:00:00,Electronics,Bluetooth Speaker,1,40.22,5.0,2.01,40.22,38.21,Email,PayPal,Completed
ORD000761,CUST00929,UK,2024-06-10 00:00:00,Books,Self-Help Book,3,18.06,0.0,0.0,54.18,54.18,Social Media,PayPal,Completed
ORD000762,CUST01470,Germany,2024-07-18 18:00:00,Home & Kitchen,Cutlery Set,1,29.23,0.0,0.0,29.23,29.23,Paid Ads,Credit Card,Completed
ORD000763,CUST00670,India,2024-01-11 02:00:00,Clothing,Sneakers,1,34.49,0.0,0.0,34.49,34.49,Organic Search,PayPal,Completed
ORD000764,CUST00816,USA,2024-08-18 00:00:00,Books,Biography,2,5.57,0.0,0.0,11.14,11.14,Paid Ads,PayPal,Completed
ORD000765,CUST01398,India,2025-04-24 21:00:00,Electronics,Bluetooth Speaker,1,47.12,5.0,2.36,47.12,44.76,Paid Ads,PayPal,Completed
ORD000766,CUST01128,USA,2024-07-03 06:00:00,Books,Cookbook,2,20.34,0.0,0.0,40.68,40.68,Organic Search,PayPal,Completed
ORD000767,CUST00476,Australia,2025-04-21 04:00:00,Beauty,Face Cream,1,14.97,0.0,0.0,14.97,14.97,Social Media,Credit Card,Completed
ORD000768,CUST00574,UK,2024-07-14 18:00:00,Clothing,Jacket,1,77.24,5.0,3.86,77.24,73.38,Paid Ads,UPI,Completed
ORD000769,CUST01079,India,2025-03-22 16:00:00,Home & Kitchen,Storage Box,1,65.6,0.0,0.0,65.6,65.6,Organic Search,PayPal,Completed
ORD000770,CUST00399,Germany,2024-09-20 11:00:00,Electronics,USB-C Cable,2,76.61,0.0,0.0,153.22,153.22,Social Media,PayPal,Completed
ORD000771,CUST00803,USA,2024-07-04 21:00:00,Sports,Dumbbells,1,43.04,0.0,0.0,43.04,43.04,Social Media,PayPal,Completed
ORD000772,CUST00482,UK,2025-02-03 04:00:00,Clothing,Jeans,1,20.79,0.0,0.0,20.79,20.79,Social Media,UPI,Completed
ORD000773,CUST00334,India,2024-09-06 05:00:00,Toys,Action Figure,1,9.34,5.0,0.47,9.34,8.87,Social Media,Credit Card,Completed
ORD000774,CUST01193,India,2024-02-27 06:00:00,Electronics,Wireless Earbuds,1,103.66,5.0,5.18,103.66,98.48,Organic Search,Cash on Delivery,Completed
ORD000775,CUST01447,UK,2025-05-08 16:00:00,Beauty,Face Cream,4,30.42,15.0,18.25,121.68,103.43,Paid Ads,UPI,Completed
ORD000776,CUST01172,Australia,2024-12-25 07:00:00,Beauty,Sunscreen,1,27.4,10.0,2.74,27.4,24.66,Email,PayPal,Completed
ORD000777,CUST00425,India,2024-04-12 09:00:00,Home & Kitchen,Cutlery Set,2,24.61,5.0,2.46,49.22,46.76,Organic Search,Cash on Delivery,Cancelled
ORD000778,CUST00861,Germany,2024-06-29 11:00:00,Clothing,Jeans,1,46.19,0.0,0.0,46.19,46.19,Social Media,Credit Card,Returned
ORD000779,CUST00807,Australia,2024-06-01 13:00:00,Toys,RC Car,1,14.74,0.0,0.0,14.74,14.74,Social Media,Credit Card,Completed
ORD000780,CUST01100,USA,2024-11-22 06:00:00,Beauty,Shampoo,2,11.56,0.0,0.0,23.12,23.12,Paid Ads,UPI,Completed
ORD000781,CUST00891,Germany,2025-04-13 05:00:00,Electronics,USB-C Cable,2,15.04,0.0,0.0,30.08,30.08,Email,Credit Card,Completed
ORD000782,CUST00617,India,2024-05-15 17:00:00,Beauty,Perfume,2,32.84,0.0,0.0,65.68,65.68,Paid Ads,Debit Card,Completed
ORD000783,CUST01135,UK,2024-11-29 10:00:00,Sports,Resistance Bands,2,58.67,0.0,0.0,117.34,117.34,Direct,PayPal,Completed
ORD000784,CUST00638,India,2024-01-09 02:00:00,Clothing,T-Shirt,1,22.68,0.0,0.0,22.68,22.68,Organic Search,Credit Card,Completed
ORD000785,CUST00356,UK,2024-11-17 00:00:00,Toys,Puzzle,1,22.33,0.0,0.0,22.33,22.33,Email,Debit Card,Completed
ORD000786,CUST00698,USA,2025-02-09 03:00:00,Electronics,Bluetooth Speaker,2,108.98,0.0,0.0,217.96,217.96,Social Media,PayPal,Completed
ORD000787,CUST00091,India,2024-10-18 16:00:00,Clothing,Sneakers,2,59.77,5.0,5.98,119.54,113.56,Email,Cash on Delivery,Completed
ORD000788,CUST00420,Germany,2024-05-28 12:00:00,Clothing,Jacket,1,44.87,0.0,0.0,44.87,44.87,Email,UPI,Completed
ORD000789,CUST01013,Australia,2024-08-19 13:00:00,Clothing,T-Shirt,1,64.15,15.0,9.62,64.15,54.53,Organic Search,UPI,Completed
ORD000790,CUST01225,USA,2024-08-17 00:00:00,Home & Kitchen,Coffee Maker,1,20.24,0.0,0.0,20.24,20.24,Direct,PayPal,Completed
ORD000791,CUST00054,Canada,2024-08-17 20:00:00,Electronics,Smartphone Case,1,99.87,0.0,0.0,99.87,99.87,Paid Ads,Credit Card,Returned
ORD000792,CUST00103,India,2024-10-08 13:00:00,Home & Kitchen,Bed Sheets,1,90.39,0.0,0.0,90.39,90.39,Organic Search,Debit Card,Completed
ORD000793,CUST00861,Germany,2025-04-11 03:00:00,Electronics,Wireless Earbuds,4,77.34,0.0,0.0,309.36,309.36,Social Media,Cash on Delivery,Returned
ORD000794,CUST00356,UK,2024-07-25 12:00:00,Clothing,Jacket,1,33.06,0.0,0.0,33.06,33.06,Organic Search,Credit Card,Completed
ORD000795,CUST00441,India,2024-05-06 20:00:00,Home & Kitchen,Bed Sheets,1,60.07,15.0,9.01,60.07,51.06,Organic Search,Cash on Delivery,Completed
ORD000796,CUST00924,Germany,2024-03-16 18:00:00,Sports,Dumbbells,1,23.59,5.0,1.18,23.59,22.41,Organic Search,Debit Card,Completed
ORD000797,CUST00827,India,2024-04-28 13:00:00,Clothing,Jacket,1,30.52,0.0,0.0,30.52,30.52,Direct,Cash on Delivery,Completed
ORD000798,CUST01407,Canada,2024-06-01 05:00:00,Sports,Resistance Bands,1,84.9,5.0,4.24,84.9,80.66,Social Media,UPI,Cancelled
ORD000799,CUST00323,UK,2024-01-01 10:00:00,Electronics,Power Bank,1,25.95,0.0,0.0,25.95,25.95,Paid Ads,Credit Card,Cancelled
ORD000800,CUST01361,Canada,2024-11-07 00:00:00,Books,Cookbook,1,23.64,10.0,2.36,23.64,21.28,Paid Ads,PayPal,Completed
ORD000801,CUST01329,UK,2025-02-15 22:00:00,Clothing,Jeans,1,72.68,0.0,0.0,72.68,72.68,Social Media,PayPal,Cancelled
ORD000802,CUST00442,Australia,2024-09-19 14:00:00,Sports,Yoga Mat,2,75.28,20.0,30.11,150.56,120.45,Paid Ads,Credit Card,Completed
ORD000803,CUST01378,USA,2024-04-11 02:00:00,Electronics,USB-C Cable,1,26.46,15.0,3.97,26.46,22.49,Paid Ads,PayPal,Completed
ORD000804,CUST01006,UK,2025-03-21 22:00:00,Clothing,Jacket,1,55.18,10.0,5.52,55.18,49.66,Direct,Cash on Delivery,Completed
ORD000805,CUST01172,Australia,2024-09-20 13:00:00,Home & Kitchen,Blender,1,86.69,0.0,0.0,86.69,86.69,Social Media,PayPal,Completed
ORD000806,CUST00957,USA,2024-07-08 21:00:00,Clothing,T-Shirt,1,57.57,0.0,0.0,57.57,57.57,Direct,Debit Card,Completed
ORD000807,CUST01459,India,2024-05-25 22:00:00,Home & Kitchen,Cutlery Set,1,95.13,20.0,19.03,95.13,76.1,Paid Ads,Debit Card,Completed
ORD000808,CUST00777,India,2024-03-19 12:00:00,Toys,Puzzle,1,18.61,0.0,0.0,18.61,18.61,Paid Ads,PayPal,Completed
ORD000809,CUST01167,Canada,2024-01-07 18:00:00,Beauty,Sunscreen,4,40.93,0.0,0.0,163.72,163.72,Social Media,PayPal,Cancelled
ORD000810,CUST00017,India,2024-03-19 19:00:00,Toys,Building Blocks,2,22.61,0.0,0.0,45.22,45.22,Organic Search,UPI,Completed
ORD000811,CUST00132,India,2025-03-26 17:00:00,Home & Kitchen,Cutlery Set,1,79.77,15.0,11.97,79.77,67.8,Organic Search,PayPal,Completed
ORD000812,CUST00553,USA,2025-04-28 02:00:00,Home & Kitchen,Storage Box,1,56.43,,0.0,56.43,56.43,Paid Ads,Cash on Delivery,Returned
ORD000813,CUST00738,Germany,2024-05-01 10:00:00,Toys,Building Blocks,1,47.15,0.0,0.0,47.15,47.15,Social Media,Debit Card,Completed
ORD000814,CUST00509,Australia,2024-11-28 18:00:00,Toys,Building Blocks,1,23.18,5.0,1.16,23.18,22.02,Organic Search,Cash on Delivery,Completed
ORD000815,CUST00043,India,2025-01-09 07:00:00,Beauty,Perfume,1,36.05,0.0,0.0,36.05,36.05,Social Media,UPI,Completed
ORD000816,CUST00230,UK,2025-01-06 01:00:00,Home & Kitchen,Cutlery Set,1,81.65,20.0,16.33,81.65,65.32,Social Media,PayPal,Completed
ORD000817,CUST00454,Canada,2024-06-09 04:00:00,Books,Comic,1,12.83,0.0,0.0,12.83,12.83,Organic Search,Credit Card,Completed
ORD000818,CUST00035,Australia,2024-04-21 02:00:00,Beauty,Shampoo,1,18.4,5.0,0.92,18.4,17.48,Organic Search,UPI,Returned
ORD000819,CUST01434,UK,2025-03-31 22:00:00,Sports,Dumbbells,1,9.88,15.0,1.48,9.88,8.4,Organic Search,PayPal,Completed
ORD000820,CUST00656,India,2025-01-17 08:00:00,Electronics,Bluetooth Speaker,2,116.48,0.0,0.0,232.96,232.96,Organic Search,Cash on Delivery,Completed
ORD000821,CUST01356,Canada,2024-09-14 22:00:00,Electronics,Smartphone Case,1,128.87,5.0,6.44,128.87,122.43,Organic Search,UPI,Completed
ORD000822,CUST00840,UK,2024-07-08 21:00:00,Electronics,Power Bank,1,35.88,0.0,0.0,35.88,35.88,Email,Debit Card,Completed
ORD000823,CUST01483,USA,2024-12-02 07:00:00,Electronics,Smartphone Case,1,98.27,20.0,19.65,98.27,78.62,Social Media,PayPal,Completed
ORD000824,CUST00244,USA,2024-08-14 20:00:00,Books,Biography,1,24.47,0.0,0.0,24.47,24.47,Direct,UPI,Completed
ORD000825,CUST00160,Germany,2024-06-21 15:00:00,Clothing,T-Shirt,1,72.47,5.0,3.62,72.47,68.85,Email,Cash on Delivery,Completed
ORD000826,CUST00024,USA,2024-09-23 21:00:00,Sports,Water Bottle,1,64.79,10.0,6.48,64.79,58.31,Email,PayPal,Completed
ORD000827,CUST00587,India,2025-02-27 03:00:00,Electronics,USB-C Cable,2,36.08,0.0,0.0,72.16,72.16,Paid Ads,PayPal,Completed
ORD000828,CUST01419,USA,2025-03-13 13:00:00,Home & Kitchen,Storage Box,1,26.85,0.0,0.0,26.85,26.85,Direct,PayPal,Completed
ORD000829,CUST00948,Canada,2024-08-03 08:00:00,Beauty,Shampoo,1,38.96,20.0,7.79,38.96,31.17,Social Media,Cash on Delivery,Completed
ORD000830,CUST01294,UK,2024-09-03 08:00:00,Home & Kitchen,Storage Box,1,59.94,0.0,0.0,59.94,59.94,Organic Search,UPI,Completed
ORD000831,CUST00463,Germany,2024-08-28 21:00:00,Sports,Dumbbells,1,86.88,15.0,13.03,86.88,73.85,Direct,Debit Card,Completed
ORD000832,CUST00485,USA,2024-11-13 18:00:00,Books,Self-Help Book,1,16.27,0.0,0.0,16.27,16.27,Social Media,Cash on Delivery,Completed
ORD000833,CUST00599,India,2024-09-02 02:00:00,Electronics,Wireless Earbuds,1,108.7,0.0,0.0,108.7,108.7,Email,PayPal,Completed
ORD000834,CUST00678,USA,2024-03-18 16:00:00,Toys,Board Game,1,20.7,5.0,1.03,20.7,19.67,Organic Search,UPI,Completed
ORD000835,CUST01200,India,2024-09-28 15:00:00,Books,Novel,1,28.8,5.0,1.44,28.8,27.36,Paid Ads,UPI,Completed
ORD000836,CUST01261,India,2024-11-09 14:00:00,Sports,Running Shoes,1,46.64,0.0,0.0,46.64,46.64,Social Media,UPI,Completed
ORD000837,CUST01148,UK,2024-04-16 13:00:00,Beauty,Lipstick,4,54.68,5.0,10.94,218.72,207.78,Social Media,UPI,Completed
ORD000838,CUST01346,USA,2024-10-30 11:00:00,Electronics,USB-C Cable,1,126.63,0.0,0.0,126.63,126.63,Paid Ads,Credit Card,Completed
ORD000839,CUST01204,India,2024-06-28 03:00:00,Clothing,Jacket,1,75.87,0.0,0.0,75.87,75.87,Email,Debit Card,Completed
ORD000840,CUST00307,USA,2024-11-17 05:00:00,Electronics,Bluetooth Speaker,1,121.9,10.0,12.19,121.9,109.71,Paid Ads,Debit Card,Completed
ORD000841,CUST00104,USA,2024-07-16 21:00:00,Beauty,Perfume,2,51.15,0.0,0.0,102.3,102.3,Organic Search,PayPal,Completed
ORD000842,CUST00859,USA,2024-11-27 15:00:00,Home & Kitchen,Blender,1,57.25,0.0,0.0,57.25,57.25,Paid Ads,Cash on Delivery,Completed
ORD000843,CUST01004,Germany,2024-11-20 07:00:00,Toys,Board Game,1,40.03,5.0,2.0,40.03,38.03,Email,Credit Card,Completed
ORD000844,CUST01292,India,2024-09-23 13:00:00,Electronics,Power Bank,1,77.2,20.0,15.44,77.2,61.76,Organic Search,PayPal,Returned
ORD000845,CUST00503,India,2025-02-21 10:00:00,Electronics,Power Bank,2,39.7,0.0,0.0,79.4,79.4,Email,Cash on Delivery,Completed
ORD000846,CUST00111,India,2024-02-01 21:00:00,Electronics,Wireless Earbuds,1,116.84,5.0,5.84,116.84,111.0,Organic Search,PayPal,Completed
ORD000847,CUST01007,UK,2024-03-06 02:00:00,Clothing,Sneakers,1,59.25,0.0,0.0,59.25,59.25,Email,PayPal,Completed
ORD000848,CUST01460,UK,2024-02-07 10:00:00,Electronics,Power Bank,1,53.78,0.0,0.0,53.78,53.78,Paid Ads,PayPal,Completed
ORD000849,CUST01283,USA,2024-12-27 01:00:00,Beauty,Sunscreen,2,27.37,0.0,0.0,54.74,54.74,Organic Search,PayPal,Completed
ORD000850,CUST00126,USA,2025-04-20 09:00:00,Electronics,USB-C Cable,1,29.41,0.0,0.0,29.41,29.41,Social Media,Cash on Delivery,Completed
ORD000851,CUST00137,USA,2025-03-03 20:00:00,Books,Biography,1,18.26,0.0,0.0,18.26,18.26,Paid Ads,Credit Card,Completed
ORD000852,CUST01038,Germany,2025-03-22 02:00:00,Sports,Dumbbells,1,80.69,0.0,0.0,80.69,80.69,Social Media,PayPal,Completed
ORD000853,CUST00450,India,2024-09-17 14:00:00,Electronics,Smartphone Case,1,105.25,0.0,0.0,105.25,105.25,Social Media,Debit Card,Completed
ORD000854,CUST00764,Germany,2024-06-19 18:00:00,Books,Novel,2,12.14,0.0,0.0,24.28,24.28,Paid Ads,Credit Card,Completed
ORD000855,CUST00301,India,2024-06-30 01:00:00,Books,Biography,4,16.27,20.0,13.02,65.08,52.06,Email,UPI,Completed
ORD000856,CUST01264,USA,2025-03-24 11:00:00,Beauty,Shampoo,1,22.32,0.0,0.0,22.32,22.32,Organic Search,UPI,Completed
ORD000857,CUST01442,India,2024-09-14 16:00:00,Electronics,Smartphone Case,3,33.18,5.0,4.98,99.54,94.56,Email,Debit Card,Cancelled
ORD000858,CUST01487,USA,2024-05-16 19:00:00,Home & Kitchen,Cutlery Set,1,51.47,0.0,0.0,51.47,51.47,Social Media,UPI,Completed
ORD000859,CUST00512,USA,2024-02-24 11:00:00,Home & Kitchen,Storage Box,1,20.76,10.0,2.08,20.76,18.68,Organic Search,PayPal,Completed
ORD000860,CUST00358,USA,2024-05-20 20:00:00,Toys,Action Figure,1,37.55,0.0,0.0,37.55,37.55,Email,Debit Card,Completed
ORD000861,CUST00673,India,2024-08-12 20:00:00,Books,Cookbook,1,7.9,20.0,1.58,7.9,6.32,Paid Ads,PayPal,Completed
ORD000862,CUST00119,Canada,2025-01-02 06:00:00,Clothing,Jeans,1,17.62,10.0,1.76,17.62,15.86,Paid Ads,PayPal,Completed
ORD000863,CUST00310,India,2024-02-22 03:00:00,Toys,Puzzle,1,11.82,0.0,0.0,11.82,11.82,Organic Search,Debit Card,Completed
ORD000864,CUST00030,India,2024-04-11 00:00:00,Home & Kitchen,Coffee Maker,1,61.06,15.0,9.16,61.06,51.9,Organic Search,PayPal,Completed
ORD000865,CUST00814,Australia,2024-05-07 00:00:00,Electronics,Wireless Earbuds,2,127.96,0.0,0.0,255.92,255.92,Direct,Debit Card,Returned
ORD000866,CUST00958,India,2024-12-04 15:00:00,Electronics,Wireless Earbuds,1,144.66,5.0,7.23,144.66,137.43,Organic Search,Debit Card,Completed
ORD000867,CUST00109,India,2024-11-12 08:00:00,Electronics,USB-C Cable,1,20.24,0.0,0.0,20.24,20.24,Social Media,Cash on Delivery,Completed
ORD000868,CUST00575,Canada,2024-05-19 00:00:00,Electronics,Power Bank,1,149.23,10.0,14.92,149.23,134.31,Paid Ads,Credit Card,Completed
ORD000869,CUST00993,India,2024-12-14 01:00:00,Clothing,Jacket,2,77.1,0.0,0.0,154.2,154.2,Paid Ads,UPI,Completed
ORD000870,CUST00659,UK,2024-11-01 18:00:00,Clothing,Hoodie,1,30.61,20.0,6.12,30.61,24.49,Social Media,UPI,Completed
ORD000871,CUST00327,USA,2024-09-29 09:00:00,Toys,RC Car,1,36.57,0.0,0.0,36.57,36.57,Organic Search,PayPal,Completed
ORD000872,CUST00648,UK,2024-04-08 06:00:00,Clothing,Jacket,1,30.7,10.0,3.07,30.7,27.63,Organic Search,Debit Card,Completed
ORD000873,CUST00476,Australia,2024-11-11 22:00:00,Clothing,Jacket,1,68.28,0.0,0.0,68.28,68.28,Organic Search,PayPal,Completed
ORD000874,CUST00963,India,2024-06-26 00:00:00,Home & Kitchen,Coffee Maker,1,95.56,10.0,9.56,95.56,86.0,Social Media,Credit Card,Completed
ORD000875,CUST00525,Canada,2024-04-17 09:00:00,Sports,Dumbbells,1,68.69,0.0,0.0,68.69,68.69,Email,Debit Card,Completed
ORD000876,CUST00526,USA,2024-06-16 11:00:00,Sports,Resistance Bands,1,39.9,10.0,3.99,39.9,35.91,Organic Search,Credit Card,Completed
ORD000877,CUST00859,USA,2024-07-31 11:00:00,Books,Novel,1,10.54,0.0,0.0,10.54,10.54,Paid Ads,PayPal,Completed
ORD000878,CUST01390,USA,2024-11-07 05:00:00,Sports,Dumbbells,1,29.73,0.0,0.0,29.73,29.73,Paid Ads,Cash on Delivery,Completed
ORD000879,CUST01039,India,2024-12-28 13:00:00,Clothing,Hoodie,1,10.08,0.0,0.0,10.08,10.08,Social Media,Credit Card,Completed
ORD000880,CUST01395,India,2024-12-15 03:00:00,Electronics,Bluetooth Speaker,1,19.02,5.0,0.95,19.02,18.07,Social Media,Cash on Delivery,Returned
ORD000881,CUST00620,Germany,2024-05-12 17:00:00,Electronics,Bluetooth Speaker,1,16.89,0.0,0.0,16.89,16.89,Social Media,Credit Card,Completed
ORD000882,CUST00010,UK,2025-01-25 16:00:00,Beauty,Lipstick,1,49.29,15.0,7.39,49.29,41.9,Organic Search,UPI,Completed
ORD000883,CUST00221,UK,2024-12-29 22:00:00,Beauty,Shampoo,1,50.96,0.0,0.0,50.96,50.96,Paid Ads,PayPal,Completed
ORD000884,CUST00760,Germany,2024-04-20 11:00:00,Clothing,T-Shirt,1,23.29,0.0,0.0,23.29,23.29,Paid Ads,Credit Card,Completed
ORD000885,CUST01107,USA,2024-02-25 05:00:00,Beauty,Shampoo,1,21.06,0.0,0.0,21.06,21.06,Paid Ads,Debit Card,Completed
ORD000886,CUST01143,UK,2024-02-08 21:00:00,Home & Kitchen,Bed Sheets,1,17.76,0.0,0.0,17.76,17.76,Social Media,Cash on Delivery,Completed
ORD000887,CUST01095,India,2024-09-30 06:00:00,Books,Self-Help Book,1,18.37,10.0,1.84,18.37,16.53,Organic Search,Debit Card,Completed
ORD000888,CUST00996,India,2024-08-13 09:00:00,Electronics,Power Bank,1,71.36,0.0,0.0,71.36,71.36,Paid Ads,Cash on Delivery,Completed
ORD000889,CUST00212,UK,2024-03-08 16:00:00,Clothing,Jacket,1,35.7,0.0,0.0,35.7,35.7,Paid Ads,Cash on Delivery,Completed
ORD000890,CUST00349,USA,2024-03-13 13:00:00,Books,Comic,1,7.22,0.0,0.0,7.22,7.22,Organic Search,PayPal,Completed
ORD000891,CUST01039,India,2024-09-14 11:00:00,Beauty,Lipstick,1,49.67,0.0,0.0,49.67,49.67,Paid Ads,Credit Card,Completed
ORD000892,CUST01240,India,2024-07-19 01:00:00,Home & Kitchen,Bed Sheets,3,94.07,10.0,28.22,282.21,253.99,Organic Search,Debit Card,Completed
ORD000893,CUST01419,USA,2025-03-27 20:00:00,Home & Kitchen,Storage Box,2,68.61,0.0,0.0,137.22,137.22,Organic Search,PayPal,Completed
ORD000894,CUST00608,USA,2024-10-18 02:00:00,Home & Kitchen,Storage Box,2,60.06,15.0,18.02,120.12,102.1,Organic Search,Debit Card,Completed
ORD000895,CUST00179,Australia,2024-09-20 16:00:00,Books,Self-Help Book,2,28.18,0.0,0.0,56.36,56.36,Organic Search,UPI,Completed
ORD000896,CUST00658,USA,2024-01-14 01:00:00,Electronics,Smartphone Case,1,29.26,0.0,0.0,29.26,29.26,Organic Search,Credit Card,Completed
ORD000897,CUST00261,UK,2025-01-26 16:00:00,Electronics,Power Bank,2,119.84,0.0,0.0,239.68,239.68,Paid Ads,PayPal,Completed
ORD000898,CUST00163,UK,2024-01-23 08:00:00,Sports,Resistance Bands,1,57.93,15.0,8.69,57.93,49.24,Direct,UPI,Completed
ORD000899,CUST00108,Germany,2025-04-20 16:00:00,Home & Kitchen,Bed Sheets,1,52.1,10.0,5.21,52.1,46.89,Organic Search,UPI,Completed
ORD000900,CUST00462,UK,2024-02-22 22:00:00,Books,Self-Help Book,2,8.66,0.0,0.0,17.32,17.32,Direct,PayPal,Completed
ORD000901,CUST00338,UK,2024-04-09 20:00:00,Electronics,Wireless Earbuds,4,102.77,5.0,20.55,411.08,390.53,Social Media,Credit Card,Completed
ORD000902,CUST00496,USA,2024-10-11 15:00:00,Electronics,Bluetooth Speaker,1,83.45,10.0,8.35,83.45,75.1,Social Media,PayPal,Completed
ORD000903,CUST01360,USA,2024-05-23 20:00:00,Clothing,Sneakers,1,76.71,0.0,0.0,76.71,76.71,Direct,UPI,Cancelled
ORD000904,CUST01128,USA,2024-10-18 13:00:00,Electronics,Smartphone Case,1,114.16,0.0,0.0,114.16,114.16,Social Media,PayPal,Completed
ORD000905,CUST01084,Canada,2024-04-03 19:00:00,Sports,Resistance Bands,1,57.12,5.0,2.86,57.12,54.26,Paid Ads,PayPal,Completed
ORD000906,CUST00134,India,2025-01-28 16:00:00,Electronics,Bluetooth Speaker,1,21.21,0.0,0.0,21.21,21.21,Paid Ads,Cash on Delivery,Completed
ORD000907,CUST01289,India,2024-07-04 14:00:00,Electronics,USB-C Cable,1,124.81,0.0,0.0,124.81,124.81,Email,Cash on Delivery,Completed
ORD000908,CUST01315,USA,2024-11-03 05:00:00,Home & Kitchen,Blender,1,70.69,5.0,3.53,70.69,67.16,Email,UPI,Completed
ORD000909,CUST00605,India,2024-08-31 19:00:00,Electronics,USB-C Cable,2,137.8,15.0,41.34,275.6,234.26,Organic Search,Debit Card,Returned
ORD000910,CUST01320,India,2024-10-16 03:00:00,Electronics,Smartphone Case,1,133.7,0.0,0.0,133.7,133.7,Email,Credit Card,Completed
ORD000911,CUST00269,USA,2024-11-27 12:00:00,Clothing,T-Shirt,2,22.36,0.0,0.0,44.72,44.72,Paid Ads,Credit Card,Completed
ORD000912,CUST00912,India,2024-12-23 19:00:00,Electronics,Smartphone Case,4,130.97,0.0,0.0,523.88,523.88,Paid Ads,Debit Card,Returned
ORD000913,CUST00024,USA,2025-05-13 12:00:00,Sports,Water Bottle,3,64.92,0.0,0.0,194.76,194.76,Paid Ads,PayPal,Completed
ORD000914,CUST00681,Germany,2024-08-26 02:00:00,Electronics,Bluetooth Speaker,1,47.06,5.0,2.35,47.06,44.71,Organic Search,PayPal,Completed
ORD000915,CUST00732,Germany,2025-01-22 07:00:00,Electronics,Bluetooth Speaker,1,86.71,0.0,0.0,86.71,86.71,Social Media,Cash on Delivery,Returned
ORD000916,CUST01099,Germany,2024-02-14 07:00:00,Clothing,T-Shirt,1,42.41,0.0,0.0,42.41,42.41,Paid Ads,PayPal,Completed
ORD000917,CUST00608,USA,2025-03-17 01:00:00,Toys,Action Figure,2,13.62,10.0,2.72,27.24,24.52,Paid Ads,Debit Card,Completed
ORD000918,CUST00243,Canada,2025-01-28 15:00:00,Home & Kitchen,Bed Sheets,1,20.63,20.0,4.13,20.63,16.5,Organic Search,Debit Card,Completed
ORD000919,CUST00225,India,2025-02-10 14:00:00,Beauty,Face Cream,2,57.87,0.0,0.0,115.74,115.74,Paid Ads,Credit Card,Completed
ORD000920,CUST00988,USA,2024-08-02 03:00:00,Electronics,Bluetooth Speaker,1,109.42,0.0,0.0,109.42,109.42,Organic Search,UPI,Completed
ORD000921,CUST00735,USA,2024-03-17 03:00:00,Electronics,Power Bank,2,19.44,5.0,1.94,38.88,36.94,Social Media,Debit Card,Completed
ORD000922,CUST00639,India,2024-08-23 16:00:00,Books,Cookbook,1,25.59,0.0,0.0,25.59,25.59,Email,Debit Card,Cancelled
ORD000923,CUST00980,USA,2024-06-13 01:00:00,Home & Kitchen,Coffee Maker,1,71.34,0.0,0.0,71.34,71.34,Social Media,Credit Card,Completed
ORD000924,CUST00875,India,2025-02-08 21:00:00,Home & Kitchen,Storage Box,1,81.9,0.0,0.0,81.9,81.9,Paid Ads,PayPal,Completed
ORD000925,CUST00886,India,2025-03-31 13:00:00,Home & Kitchen,Storage Box,1,48.39,20.0,9.68,48.39,38.71,Social Media,Cash on Delivery,Completed
ORD000926,CUST00816,USA,2024-06-27 17:00:00,Toys,Building Blocks,2,36.46,0.0,0.0,72.92,72.92,Paid Ads,Credit Card,Returned
ORD000927,CUST01396,Canada,2024-07-28 20:00:00,Clothing,Hoodie,1,77.98,0.0,0.0,77.98,77.98,Direct,Credit Card,Completed
ORD000928,CUST01467,Australia,2024-04-10 16:00:00,Home & Kitchen,Bed Sheets,1,39.57,0.0,0.0,39.57,39.57,Paid Ads,Debit Card,Completed
ORD000929,CUST00262,Australia,2024-06-30 19:00:00,Books,Biography,2,16.68,0.0,0.0,33.36,33.36,Paid Ads,Credit Card,Completed
ORD000930,CUST00328,UK,2025-01-09 20:00:00,Books,Self-Help Book,1,23.04,0.0,0.0,23.04,23.04,Social Media,Cash on Delivery,Returned
ORD000931,CUST00702,India,2024-03-24 07:00:00,Home & Kitchen,Blender,1,71.04,0.0,0.0,71.04,71.04,Direct,PayPal,Completed
ORD000932,CUST00291,India,2024-05-26 15:00:00,Toys,Building Blocks,1,41.45,15.0,6.22,41.45,35.23,Organic Search,Credit Card,Cancelled
ORD000933,CUST00464,USA,2024-09-13 04:00:00,Home & Kitchen,Storage Box,3,31.84,5.0,4.78,95.52,90.74,Social Media,UPI,Completed
ORD000934,CUST00796,Canada,2024-11-07 22:00:00,Books,Novel,1,17.99,5.0,0.9,17.99,17.09,Organic Search,UPI,Completed
ORD000935,CUST00633,USA,2024-04-24 00:00:00,Clothing,Hoodie,1,68.22,5.0,3.41,68.22,64.81,Organic Search,PayPal,Completed
ORD000936,CUST00151,Canada,2024-12-11 06:00:00,Electronics,USB-C Cable,1,34.94,5.0,1.75,34.94,33.19,Organic Search,PayPal,Completed
ORD000937,CUST01054,Germany,2024-08-11 21:00:00,Sports,Running Shoes,1,70.8,0.0,0.0,70.8,70.8,Organic Search,Cash on Delivery,Completed
ORD000938,CUST01261,India,2025-01-28 15:00:00,Home & Kitchen,Coffee Maker,1,67.36,0.0,0.0,67.36,67.36,Organic Search,Debit Card,Returned
ORD000939,CUST01281,UK,2024-09-12 01:00:00,Electronics,Wireless Earbuds,1,21.31,0.0,0.0,21.31,21.31,Email,Debit Card,Completed
ORD000940,CUST01223,USA,2024-03-14 17:00:00,Beauty,Perfume,1,32.72,0.0,0.0,32.72,32.72,Email,Cash on Delivery,Completed
ORD000941,CUST00988,USA,2025-04-12 18:00:00,Electronics,Wireless Earbuds,2,58.57,10.0,11.71,117.14,105.43,Organic Search,Debit Card,Completed
ORD000942,CUST00377,Canada,2024-11-24 08:00:00,Home & Kitchen,Blender,1,30.31,10.0,3.03,30.31,27.28,Email,UPI,Completed
ORD000943,CUST01405,UK,2025-01-10 17:00:00,Toys,Board Game,1,47.79,0.0,0.0,47.79,47.79,Paid Ads,Credit Card,Completed
ORD000944,CUST01189,India,2024-09-04 20:00:00,Beauty,Face Cream,1,51.19,15.0,7.68,51.19,43.51,Organic Search,PayPal,Completed
ORD000945,CUST00090,USA,2025-01-01 11:00:00,Electronics,USB-C Cable,1,144.8,5.0,7.24,144.8,137.56,Organic Search,Cash on Delivery,Completed
ORD000946,CUST01392,India,2024-08-16 02:00:00,Beauty,Face Cream,1,40.98,0.0,0.0,40.98,40.98,Social Media,Cash on Delivery,Completed
ORD000947,CUST00148,USA,2024-02-11 19:00:00,Beauty,Lipstick,3,16.95,0.0,0.0,50.85,50.85,Organic Search,PayPal,Completed
ORD000948,CUST01375,India,2025-03-30 09:00:00,Electronics,Wireless Earbuds,1,142.0,0.0,0.0,142.0,142.0,Paid Ads,UPI,Completed
ORD000949,CUST00071,Germany,2024-04-01 15:00:00,Toys,Building Blocks,1,35.88,0.0,0.0,35.88,35.88,Email,PayPal,Returned
ORD000950,CUST00200,Germany,2024-11-26 10:00:00,Home & Kitchen,Storage Box,2,35.32,0.0,0.0,70.64,70.64,Email,UPI,Completed
ORD000951,CUST01417,India,2024-08-04 20:00:00,Beauty,Lipstick,1,59.49,0.0,0.0,59.49,59.49,Organic Search,Cash on Delivery,Completed
ORD000952,CUST01070,India,2024-12-05 22:00:00,Beauty,Perfume,1,11.37,0.0,0.0,11.37,11.37,Social Media,PayPal,Completed
ORD000953,CUST00529,India,2024-07-21 22:00:00,Electronics,Wireless Earbuds,1,88.68,0.0,0.0,88.68,88.68,Organic Search,Credit Card,Completed
ORD000954,CUST00737,USA,2024-06-14 10:00:00,Toys,Action Figure,2,14.09,0.0,0.0,28.18,28.18,Direct,PayPal,Completed
ORD000955,CUST00443,USA,2024-05-26 16:00:00,Sports,Yoga Mat,1,43.89,10.0,4.39,43.89,39.5,Email,UPI,Completed
ORD000956,CUST00662,Australia,2024-06-29 22:00:00,Electronics,Smartphone Case,4,47.98,10.0,19.19,191.92,172.73,Paid Ads,Cash on Delivery,Completed
ORD000957,CUST00743,Germany,2024-09-19 19:00:00,Beauty,Sunscreen,1,39.67,0.0,0.0,39.67,39.67,Social Media,PayPal,Completed
ORD000958,CUST00052,Germany,2024-07-09 08:00:00,Electronics,Power Bank,1,46.93,5.0,2.35,46.93,44.58,Organic Search,Cash on Delivery,Completed
ORD000959,CUST00366,USA,2024-11-17 07:00:00,Beauty,Face Cream,1,46.24,0.0,0.0,46.24,46.24,Social Media,PayPal,Returned
ORD000960,CUST01366,India,2024-04-19 13:00:00,Beauty,Lipstick,1,16.67,0.0,0.0,16.67,16.67,Social Media,Debit Card,Completed
ORD000961,CUST00846,USA,2024-11-09 11:00:00,Books,Cookbook,2,11.16,0.0,0.0,22.32,22.32,Social Media,Cash on Delivery,Returned
ORD000962,CUST01117,India,2024-03-29 09:00:00,Beauty,Perfume,2,56.89,0.0,0.0,113.78,113.78,Social Media,Credit Card,Completed
ORD000963,CUST00882,UK,2025-04-28 08:00:00,Toys,Building Blocks,1,39.04,0.0,0.0,39.04,39.04,Direct,Cash on Delivery,Completed
ORD000964,CUST01236,USA,2024-01-27 06:00:00,Sports,Running Shoes,2,78.68,5.0,7.87,157.36,149.49,Paid Ads,PayPal,Completed
ORD000965,CUST00922,USA,2024-06-16 17:00:00,Clothing,Jacket,4,67.74,0.0,0.0,270.96,270.96,Organic Search,Debit Card,Completed
ORD000966,CUST00959,India,2024-08-09 17:00:00,Sports,Running Shoes,1,49.29,0.0,0.0,49.29,49.29,Direct,PayPal,Completed
ORD000967,CUST00374,UK,2024-05-18 21:00:00,Clothing,Jeans,2,62.08,0.0,0.0,124.16,124.16,Organic Search,PayPal,Completed
ORD000968,CUST00438,Canada,2024-03-07 17:00:00,Electronics,Smartphone Case,2,32.11,15.0,9.63,64.22,54.59,Organic Search,Cash on Delivery,Completed
ORD000969,CUST01169,India,2025-02-25 13:00:00,Sports,Resistance Bands,4,79.0,0.0,0.0,316.0,316.0,Paid Ads,UPI,Completed
ORD000970,CUST01152,Canada,2025-01-21 05:00:00,Electronics,USB-C Cable,1,119.93,10.0,11.99,119.93,107.94,Direct,UPI,Completed
ORD000971,CUST01422,USA,2024-02-10 04:00:00,Books,Comic,4,11.31,0.0,0.0,45.24,45.24,Organic Search,UPI,Completed
ORD000972,CUST01373,Canada,2024-04-22 02:00:00,Toys,Action Figure,1,34.99,10.0,3.5,34.99,31.49,Paid Ads,UPI,Completed
ORD000973,CUST00513,Australia,2024-05-09 16:00:00,Electronics,Smartphone Case,1,142.11,0.0,0.0,142.11,142.11,Direct,PayPal,Completed
ORD000974,CUST00715,India,2024-12-03 05:00:00,Beauty,Lipstick,1,34.6,5.0,1.73,34.6,32.87,Paid Ads,Debit Card,Completed
ORD000975,CUST00600,India,2024-01-12 04:00:00,Home & Kitchen,Coffee Maker,1,39.28,0.0,0.0,39.28,39.28,Social Media,Cash on Delivery,Completed
ORD000976,CUST01002,USA,2025-01-21 04:00:00,Clothing,T-Shirt,1,14.49,0.0,0.0,14.49,14.49,Email,PayPal,Completed
ORD000977,CUST01490,USA,2025-04-05 11:00:00,Electronics,Bluetooth Speaker,3,43.83,5.0,6.57,131.49,124.92,Paid Ads,UPI,Completed
ORD000978,CUST01287,India,2024-09-04 22:00:00,Home & Kitchen,Storage Box,1,29.09,0.0,0.0,29.09,29.09,Organic Search,Cash on Delivery,Completed
ORD000979,CUST01324,India,2024-05-28 17:00:00,Books,Cookbook,2,17.66,0.0,0.0,35.32,35.32,Social Media,UPI,Completed
ORD000980,CUST00578,Australia,2025-04-30 02:00:00,Books,Comic,1,20.92,0.0,0.0,20.92,20.92,Organic Search,Cash on Delivery,Completed
ORD000981,CUST00555,Canada,2025-04-04 08:00:00,Toys,Building Blocks,1,8.03,10.0,0.8,8.03,7.23,Email,Debit Card,Completed
ORD000982,CUST00124,India,2024-07-23 15:00:00,Clothing,Jacket,1,15.95,10.0,1.6,15.95,14.35,Social Media,UPI,Completed
ORD000983,CUST01265,India,2024-04-12 01:00:00,Electronics,Bluetooth Speaker,1,131.71,0.0,0.0,131.71,131.71,Organic Search,Debit Card,Completed
ORD000984,CUST01042,Germany,2024-10-30 11:00:00,Clothing,Hoodie,1,50.98,0.0,0.0,50.98,50.98,Organic Search,Debit Card,Returned
ORD000985,CUST00080,India,2025-04-08 07:00:00,Clothing,Sneakers,2,74.77,0.0,0.0,149.54,149.54,Organic Search,PayPal,Completed
ORD000986,CUST01358,USA,2025-04-20 00:00:00,Sports,Resistance Bands,4,13.65,0.0,0.0,54.6,54.6,Email,Cash on Delivery,Completed
ORD000987,CUST00582,Australia,2025-04-29 15:00:00,Home & Kitchen,Storage Box,1,51.23,15.0,7.68,51.23,43.55,Organic Search,Cash on Delivery,Completed
ORD000988,CUST00115,UK,2024-04-17 19:00:00,Toys,RC Car,1,16.42,0.0,0.0,16.42,16.42,Organic Search,PayPal,Completed
ORD000989,CUST00300,India,2025-04-22 07:00:00,Clothing,Jeans,1,33.93,0.0,0.0,33.93,33.93,Paid Ads,Cash on Delivery,Completed
ORD000990,CUST01115,USA,2024-07-09 08:00:00,Home & Kitchen,Bed Sheets,2,18.78,5.0,1.88,37.56,35.68,Email,PayPal,Completed
ORD000991,CUST00874,USA,2024-05-28 16:00:00,Toys,Puzzle,1,48.77,5.0,2.44,48.77,46.33,Social Media,PayPal,Completed
ORD000992,CUST00417,India,2024-09-03 21:00:00,Home & Kitchen,Storage Box,3,21.7,0.0,0.0,65.1,65.1,Organic Search,Debit Card,Completed
ORD000993,CUST00073,India,2024-08-15 12:00:00,Electronics,Bluetooth Speaker,1,125.87,5.0,6.29,125.87,119.58,Social Media,Cash on Delivery,Completed
ORD000994,CUST01485,India,2024-12-23 12:00:00,Books,Cookbook,1,22.19,0.0,0.0,22.19,22.19,Social Media,Debit Card,Completed
ORD000995,CUST00895,UK,2024-12-07 22:00:00,Electronics,Bluetooth Speaker,4,77.35,0.0,0.0,309.4,309.4,Paid Ads,UPI,Completed
ORD000996,CUST00655,USA,2024-12-25 02:00:00,Beauty,Shampoo,1,39.43,5.0,1.97,39.43,37.46,Direct,PayPal,Completed
ORD000997,CUST01058,USA,2024-09-08 11:00:00,Electronics,Smartphone Case,2,132.95,5.0,13.3,265.9,252.6,Email,Credit Card,Completed
ORD000998,CUST00570,India,2024-01-13 19:00:00,Toys,Building Blocks,2,27.46,0.0,0.0,54.92,54.92,Paid Ads,Credit Card,Completed
ORD000999,CUST01441,Australia,2024-03-16 02:00:00,Clothing,T-Shirt,1,58.48,0.0,0.0,58.48,58.48,Direct,UPI,Completed
ORD001000,CUST00430,India,2024-07-28 09:00:00,Home & Kitchen,Blender,1,96.96,0.0,0.0,96.96,96.96,Organic Search,UPI,Completed
ORD001001,CUST00559,Germany,2025-01-05 22:00:00,Books,Self-Help Book,4,24.06,20.0,19.25,96.24,76.99,Organic Search,Credit Card,Completed
ORD001002,CUST00084,India,2024-03-21 20:00:00,Beauty,Sunscreen,1,36.93,0.0,0.0,36.93,36.93,Email,Debit Card,Completed
ORD001003,CUST01475,India,2024-01-14 05:00:00,Toys,Puzzle,2,18.2,0.0,0.0,36.4,36.4,Email,Credit Card,Completed
ORD001004,CUST00385,Germany,2024-08-03 13:00:00,Electronics,Power Bank,1,41.95,0.0,0.0,41.95,41.95,Email,PayPal,Completed
ORD001005,CUST01317,USA,2024-06-10 02:00:00,Electronics,Power Bank,2,31.04,0.0,0.0,62.08,62.08,Organic Search,Credit Card,Completed
ORD001006,CUST01032,USA,2024-09-24 17:00:00,Beauty,Face Cream,1,5.26,5.0,0.26,5.26,5.0,Paid Ads,Credit Card,Completed
ORD001007,CUST01328,Germany,2025-03-27 20:00:00,Books,Novel,1,17.5,5.0,0.88,17.5,16.62,Email,Credit Card,Completed
ORD001008,CUST01403,India,2024-09-10 07:00:00,Home & Kitchen,Bed Sheets,1,18.94,0.0,0.0,18.94,18.94,Paid Ads,UPI,Completed
ORD001009,CUST01077,USA,2025-01-21 19:00:00,Sports,Yoga Mat,1,34.85,5.0,1.74,34.85,33.11,Paid Ads,Cash on Delivery,Completed
ORD001010,CUST00765,India,2024-06-23 21:00:00,Home & Kitchen,Coffee Maker,1,93.68,0.0,0.0,93.68,93.68,Paid Ads,Debit Card,Completed
ORD001011,CUST00289,India,2025-05-04 19:00:00,Electronics,Smartphone Case,1,119.35,0.0,0.0,119.35,119.35,Paid Ads,Credit Card,Cancelled
ORD001012,CUST01436,India,2024-06-19 07:00:00,Electronics,Smartphone Case,1,54.47,0.0,0.0,54.47,54.47,Direct,Cash on Delivery,Completed
ORD001013,CUST00720,Germany,2025-04-11 22:00:00,Books,Comic,1,9.14,0.0,0.0,9.14,9.14,Paid Ads,Debit Card,Completed
ORD001014,CUST01326,India,2024-06-25 16:00:00,Clothing,Jeans,1,79.95,0.0,0.0,79.95,79.95,Social Media,UPI,Completed
ORD001015,CUST00239,UK,2024-07-25 08:00:00,Sports,Water Bottle,1,25.57,0.0,0.0,25.57,25.57,Paid Ads,UPI,Completed
ORD001016,CUST00295,India,2024-05-20 05:00:00,Toys,Board Game,1,38.02,0.0,0.0,38.02,38.02,Social Media,PayPal,Completed
ORD001017,CUST00870,Australia,2024-09-04 15:00:00,Electronics,Bluetooth Speaker,4,68.42,0.0,0.0,273.68,273.68,Social Media,Cash on Delivery,Completed
ORD001018,CUST00957,USA,2024-12-25 06:00:00,Beauty,Perfume,1,17.42,0.0,0.0,17.42,17.42,Organic Search,UPI,Completed
ORD001019,CUST01296,India,2025-03-27 13:00:00,Sports,Water Bottle,1,76.48,0.0,0.0,76.48,76.48,Paid Ads,PayPal,Completed
ORD001020,CUST00568,USA,2024-09-10 05:00:00,Beauty,Lipstick,1,9.31,0.0,0.0,9.31,9.31,Social Media,PayPal,Completed
ORD001021,CUST00169,India,2024-03-22 10:00:00,Books,Self-Help Book,1,23.23,20.0,4.65,23.23,18.58,Paid Ads,PayPal,Completed
ORD001022,CUST00619,Germany,2024-06-29 06:00:00,Toys,Board Game,1,12.71,10.0,1.27,12.71,11.44,Social Media,Credit Card,Completed
ORD001023,CUST00496,USA,2024-08-29 15:00:00,Clothing,Sneakers,1,12.78,5.0,0.64,12.78,12.14,Paid Ads,Credit Card,Completed
ORD001024,CUST00588,India,2024-10-11 00:00:00,Clothing,Jeans,1,30.31,0.0,0.0,30.31,30.31,Organic Search,Credit Card,Completed
ORD001025,CUST00657,India,2024-08-30 20:00:00,Electronics,USB-C Cable,1,127.8,0.0,0.0,127.8,127.8,Social Media,Cash on Delivery,Completed
ORD001026,CUST00823,India,2024-10-27 15:00:00,Home & Kitchen,Coffee Maker,1,28.0,0.0,0.0,28.0,28.0,Paid Ads,PayPal,Completed
ORD001027,CUST01492,USA,2025-01-09 09:00:00,Home & Kitchen,Coffee Maker,1,55.43,0.0,0.0,55.43,55.43,Email,PayPal,Completed
ORD001028,CUST00529,India,2024-03-28 05:00:00,Beauty,Lipstick,1,13.97,10.0,1.4,13.97,12.57,Organic Search,Debit Card,Completed
ORD001029,CUST00101,India,2025-02-27 01:00:00,Toys,Action Figure,1,21.46,0.0,0.0,21.46,21.46,Paid Ads,Credit Card,Completed
ORD001030,CUST00202,India,2024-06-12 08:00:00,Clothing,Jeans,2,71.59,0.0,0.0,143.18,143.18,Paid Ads,Cash on Delivery,Returned
ORD001031,CUST00483,USA,2024-02-16 14:00:00,Clothing,Hoodie,1,39.86,0.0,0.0,39.86,39.86,Organic Search,UPI,Completed
ORD001032,CUST00325,Australia,2024-04-11 19:00:00,Clothing,Sneakers,1,51.8,0.0,0.0,51.8,51.8,Organic Search,Cash on Delivery,Completed
ORD001033,CUST00223,India,2024-05-04 15:00:00,Electronics,Smartphone Case,1,123.75,0.0,0.0,123.75,123.75,Paid Ads,PayPal,Completed
ORD001034,CUST01161,Canada,2024-12-26 18:00:00,Toys,Board Game,1,40.99,0.0,0.0,40.99,40.99,Organic Search,UPI,Completed
ORD001035,CUST00238,India,2025-04-19 08:00:00,Sports,Dumbbells,1,8.66,5.0,0.43,8.66,8.23,Social Media,Debit Card,Completed
ORD001036,CUST01422,USA,2025-05-12 17:00:00,Sports,Dumbbells,1,77.52,0.0,0.0,77.52,77.52,Organic Search,PayPal,Completed
ORD001037,CUST00498,India,2025-04-19 16:00:00,Electronics,Smartphone Case,2,38.34,0.0,0.0,76.68,76.68,Organic Search,PayPal,Completed
ORD001038,CUST00014,India,2024-02-27 17:00:00,Clothing,Jacket,1,52.44,0.0,0.0,52.44,52.44,Paid Ads,PayPal,Completed
ORD001039,CUST01432,USA,2024-06-09 22:00:00,Electronics,Wireless Earbuds,1,26.56,0.0,0.0,26.56,26.56,Social Media,Debit Card,Completed
ORD001040,CUST01143,UK,2025-04-21 06:00:00,Toys,RC Car,1,42.11,0.0,0.0,42.11,42.11,Organic Search,Debit Card,Completed
ORD001041,CUST00883,India,2024-06-16 04:00:00,Electronics,Wireless Earbuds,1,37.01,0.0,0.0,37.01,37.01,Direct,PayPal,Completed
ORD001042,CUST01197,Australia,2024-07-26 11:00:00,Home & Kitchen,Coffee Maker,1,97.44,0.0,0.0,97.44,97.44,Paid Ads,UPI,Completed
ORD001043,CUST01141,Canada,2025-01-16 19:00:00,Electronics,Power Bank,1,51.26,5.0,2.56,51.26,48.7,Direct,Cash on Delivery,Returned
ORD001044,CUST00141,Australia,2025-01-14 02:00:00,Home & Kitchen,Bed Sheets,1,58.07,0.0,0.0,58.07,58.07,Organic Search,Credit Card,Completed
ORD001045,CUST00145,India,2024-11-14 14:00:00,Sports,Yoga Mat,1,81.77,0.0,0.0,81.77,81.77,Organic Search,Cash on Delivery,Completed
ORD001046,CUST00462,UK,2025-03-07 07:00:00,Electronics,USB-C Cable,1,35.24,5.0,1.76,35.24,33.48,Social Media,UPI,Completed
ORD001047,CUST00150,India,2024-01-23 04:00:00,Sports,Dumbbells,1,81.05,5.0,4.05,81.05,77.0,Email,UPI,Completed
ORD001048,CUST00735,USA,2025-04-27 05:00:00,Electronics,USB-C Cable,2,41.32,5.0,4.13,82.64,78.51,Social Media,PayPal,Completed
ORD001049,CUST00126,USA,2024-11-26 20:00:00,Electronics,Power Bank,1,19.63,5.0,0.98,19.63,18.65,Paid Ads,Debit Card,Completed
ORD001050,CUST00477,India,2024-09-08 11:00:00,Sports,Dumbbells,3,17.65,0.0,0.0,52.95,52.95,Email,Debit Card,Completed
ORD001051,CUST00233,USA,2024-11-09 03:00:00,Books,Comic,1,19.17,0.0,0.0,19.17,19.17,Paid Ads,UPI,Completed
ORD001052,CUST00169,India,2025-04-21 22:00:00,Home & Kitchen,Storage Box,1,37.05,0.0,0.0,37.05,37.05,Organic Search,Credit Card,Completed
ORD001053,CUST00324,India,2024-03-30 17:00:00,Clothing,Sneakers,4,55.98,10.0,22.39,223.92,201.53,Social Media,UPI,Completed
ORD001054,CUST01454,USA,2025-03-07 00:00:00,Toys,RC Car,1,30.07,0.0,0.0,30.07,30.07,Paid Ads,Credit Card,Completed
ORD001055,CUST00279,UK,2025-01-14 09:00:00,Toys,Puzzle,1,36.12,15.0,5.42,36.12,30.7,Direct,Debit Card,Completed
ORD001056,CUST01449,Australia,2024-09-22 03:00:00,Books,Biography,1,18.34,5.0,0.92,18.34,17.42,Direct,UPI,Completed
ORD001057,CUST00486,Canada,2025-03-26 14:00:00,Home & Kitchen,Blender,2,28.91,10.0,5.78,57.82,52.04,Paid Ads,Debit Card,Completed
ORD001058,CUST00314,Australia,2024-11-03 02:00:00,Electronics,Bluetooth Speaker,1,125.33,5.0,6.27,125.33,119.06,Paid Ads,Debit Card,Completed
ORD001059,CUST00147,UK,2024-06-02 17:00:00,Books,Biography,3,8.91,0.0,0.0,26.73,26.73,Organic Search,Cash on Delivery,Completed
ORD001060,CUST00540,India,2024-07-09 18:00:00,Clothing,Sneakers,1,70.31,15.0,10.55,70.31,59.76,Social Media,Debit Card,Completed
ORD001061,CUST00366,USA,2024-06-26 10:00:00,Clothing,Sneakers,2,21.66,0.0,0.0,43.32,43.32,Paid Ads,Cash on Delivery,Returned
ORD001062,CUST00177,UK,2025-02-07 17:00:00,Sports,Water Bottle,2,74.74,0.0,0.0,149.48,149.48,Organic Search,UPI,Completed
ORD001063,CUST00524,Canada,2024-05-15 00:00:00,Home & Kitchen,Blender,2,54.37,0.0,0.0,108.74,108.74,Paid Ads,PayPal,Returned
ORD001064,CUST00627,USA,2024-06-27 20:00:00,Sports,Yoga Mat,4,28.01,5.0,5.6,112.04,106.44,Social Media,Cash on Delivery,Completed
ORD001065,CUST01083,USA,2024-11-21 17:00:00,Clothing,Hoodie,1,66.92,0.0,0.0,66.92,66.92,Social Media,Debit Card,Completed
ORD001066,CUST00001,USA,2024-03-13 00:00:00,Toys,Building Blocks,1,24.85,0.0,0.0,24.85,24.85,Paid Ads,Cash on Delivery,Completed
ORD001067,CUST00779,Germany,2024-03-07 19:00:00,Toys,Puzzle,1,26.14,0.0,0.0,26.14,26.14,Social Media,PayPal,Completed
ORD001068,CUST00466,USA,2025-02-14 13:00:00,Clothing,Sneakers,1,28.58,5.0,1.43,28.58,27.15,Paid Ads,PayPal,Completed
ORD001069,CUST00476,Australia,2024-08-06 02:00:00,Clothing,Sneakers,2,63.2,0.0,0.0,126.4,126.4,Paid Ads,Debit Card,Completed
ORD001070,CUST01494,India,2024-11-24 05:00:00,Sports,Running Shoes,1,41.29,0.0,0.0,41.29,41.29,Direct,UPI,Completed
ORD001071,CUST00374,UK,2024-02-04 00:00:00,Toys,RC Car,1,33.97,0.0,0.0,33.97,33.97,Paid Ads,Debit Card,Completed
ORD001072,CUST00548,UK,2024-04-16 06:00:00,Clothing,Sneakers,1,70.17,0.0,0.0,70.17,70.17,Paid Ads,Debit Card,Completed
ORD001073,CUST00578,Australia,2024-08-19 20:00:00,Toys,Board Game,1,10.19,0.0,0.0,10.19,10.19,Email,UPI,Completed
ORD001074,CUST00394,Germany,2025-01-30 07:00:00,Sports,Water Bottle,2,69.63,20.0,27.85,139.26,111.41,Organic Search,Cash on Delivery,Completed
ORD001075,CUST00566,USA,2024-03-06 15:00:00,Home & Kitchen,Storage Box,1,15.57,10.0,1.56,15.57,14.01,Organic Search,Cash on Delivery,Completed
ORD001076,CUST01037,India,2025-05-12 14:00:00,Beauty,Face Cream,1,20.96,,2.1,20.96,18.86,Organic Search,Credit Card,Completed
ORD001077,CUST00036,Germany,2024-09-05 05:00:00,Beauty,Shampoo,2,30.23,0.0,0.0,60.46,60.46,Paid Ads,Credit Card,Completed
ORD001078,CUST00311,USA,2024-10-16 18:00:00,Electronics,Bluetooth Speaker,2,107.32,5.0,10.73,214.64,203.91,Paid Ads,Debit Card,Completed
ORD001079,CUST01054,Germany,2024-07-02 03:00:00,Beauty,Lipstick,1,24.91,0.0,0.0,24.91,24.91,Social Media,Cash on Delivery,Completed
ORD001080,CUST01444,USA,2024-08-17 10:00:00,Home & Kitchen,Bed Sheets,1,57.03,0.0,0.0,57.03,57.03,Social Media,Debit Card,Completed
ORD001081,CUST00370,India,2024-12-06 01:00:00,Electronics,Bluetooth Speaker,3,70.14,0.0,0.0,210.42,210.42,Organic Search,Cash on Delivery,Completed
ORD001082,CUST00128,Canada,2024-03-20 18:00:00,Clothing,Jeans,2,30.61,0.0,0.0,61.22,61.22,Organic Search,PayPal,Completed
ORD001083,CUST00794,UK,2025-04-11 01:00:00,Clothing,Hoodie,3,67.07,20.0,40.24,201.21,160.97,Paid Ads,Cash on Delivery,Completed
ORD001084,CUST00845,India,2024-06-16 08:00:00,Electronics,Wireless Earbuds,1,118.33,10.0,11.83,118.33,106.5,Email,Debit Card,Completed
ORD001085,CUST00966,USA,2024-01-10 03:00:00,Sports,Yoga Mat,1,87.27,0.0,0.0,87.27,87.27,Social Media,PayPal,Completed
ORD001086,CUST01136,India,2024-07-19 13:00:00,Clothing,Sneakers,1,37.37,20.0,7.47,37.37,29.9,Social Media,UPI,Completed
ORD001087,CUST00877,UK,2024-11-12 03:00:00,Clothing,T-Shirt,3,78.78,0.0,0.0,236.34,236.34,Email,Credit Card,Completed
ORD001088,CUST00965,India,2025-03-29 17:00:00,Toys,Board Game,1,21.0,0.0,0.0,21.0,21.0,Paid Ads,PayPal,Completed
ORD001089,CUST01086,USA,2025-05-13 06:00:00,Beauty,Sunscreen,1,59.16,0.0,0.0,59.16,59.16,Paid Ads,PayPal,Completed
ORD001090,CUST00262,Australia,2024-08-14 00:00:00,Clothing,Jacket,1,76.98,0.0,0.0,76.98,76.98,Email,UPI,Completed
ORD001091,CUST01089,Australia,2025-01-06 11:00:00,Electronics,Wireless Earbuds,1,52.67,20.0,10.53,52.67,42.14,Email,UPI,Completed
ORD001092,CUST00368,Canada,2024-01-26 09:00:00,Toys,RC Car,4,15.1,5.0,3.02,60.4,57.38,Social Media,Cash on Delivery,Completed
ORD001093,CUST01067,India,2025-01-25 05:00:00,Books,Biography,1,7.75,5.0,0.39,7.75,7.36,Paid Ads,UPI,Completed
ORD001094,CUST00397,Canada,2024-03-03 11:00:00,Home & Kitchen,Coffee Maker,1,61.16,0.0,0.0,61.16,61.16,Paid Ads,Cash on Delivery,Completed
ORD001095,CUST01280,USA,2025-04-07 01:00:00,Books,Self-Help Book,2,7.92,0.0,0.0,15.84,15.84,Paid Ads,Debit Card,Completed
ORD001096,CUST00767,Germany,2024-06-10 07:00:00,Home & Kitchen,Coffee Maker,1,99.74,0.0,0.0,99.74,99.74,Organic Search,PayPal,Completed
ORD001097,CUST00303,USA,2024-12-07 05:00:00,Toys,Building Blocks,1,48.29,0.0,0.0,48.29,48.29,Organic Search,Credit Card,Completed
ORD001098,CUST00137,USA,2024-09-12 15:00:00,Home & Kitchen,Storage Box,1,94.04,0.0,0.0,94.04,94.04,Email,Credit Card,Completed
ORD001099,CUST00570,India,2025-04-26 00:00:00,Books,Self-Help Book,1,11.1,0.0,0.0,11.1,11.1,Organic Search,Cash on Delivery,Completed
ORD001100,CUST00775,Germany,2024-03-14 12:00:00,Sports,Yoga Mat,3,66.2,0.0,0.0,198.6,198.6,Paid Ads,Credit Card,Completed
ORD001101,CUST00459,India,2025-04-23 08:00:00,Electronics,USB-C Cable,1,16.64,15.0,2.5,16.64,14.14,Social Media,UPI,Completed
ORD001102,CUST01078,UK,2025-02-21 19:00:00,Electronics,Bluetooth Speaker,1,101.53,20.0,20.31,101.53,81.22,Organic Search,Cash on Delivery,Completed
ORD001103,CUST01163,India,2025-05-02 22:00:00,Sports,Yoga Mat,1,16.4,20.0,3.28,16.4,13.12,Paid Ads,Credit Card,Returned
ORD001104,CUST01370,India,2025-03-30 10:00:00,Sports,Water Bottle,1,42.41,0.0,0.0,42.41,42.41,Social Media,Cash on Delivery,Returned
ORD001105,CUST00573,USA,2024-06-06 07:00:00,Electronics,USB-C Cable,1,105.34,0.0,0.0,105.34,105.34,Email,UPI,Completed
ORD001106,CUST01487,USA,2024-08-02 17:00:00,Home & Kitchen,Storage Box,1,91.35,0.0,0.0,91.35,91.35,Email,Credit Card,Completed
ORD001107,CUST00739,USA,2024-11-09 15:00:00,Electronics,Wireless Earbuds,2,146.35,10.0,29.27,292.7,263.43,Organic Search,Cash on Delivery,Completed
ORD001108,CUST00826,Canada,2025-05-05 18:00:00,Sports,Water Bottle,1,79.85,0.0,0.0,79.85,79.85,Paid Ads,Cash on Delivery,Completed
ORD001109,CUST00055,USA,2024-01-10 01:00:00,Toys,Puzzle,2,48.96,5.0,4.9,97.92,93.02,Organic Search,Credit Card,Completed
ORD001110,CUST01332,UK,2025-04-28 06:00:00,Sports,Resistance Bands,1,9.6,0.0,0.0,9.6,9.6,Paid Ads,UPI,Completed
ORD001111,CUST01383,Australia,2024-06-01 21:00:00,Clothing,Hoodie,1,73.57,0.0,0.0,73.57,73.57,Email,UPI,Completed
ORD001112,CUST00503,India,2024-08-27 14:00:00,Beauty,Shampoo,1,33.69,0.0,0.0,33.69,33.69,Social Media,Cash on Delivery,Cancelled
ORD001113,CUST00757,UK,2024-03-31 06:00:00,Beauty,Face Cream,1,23.62,15.0,3.54,23.62,20.08,Organic Search,Credit Card,Completed
ORD001114,CUST01206,Germany,2024-12-16 04:00:00,Toys,Building Blocks,2,29.36,0.0,0.0,58.72,58.72,Social Media,UPI,Completed
ORD001115,CUST01433,USA,2024-12-17 21:00:00,Beauty,Sunscreen,1,14.82,0.0,0.0,14.82,14.82,Paid Ads,Credit Card,Completed
ORD001116,CUST00066,USA,2024-08-16 04:00:00,Books,Cookbook,2,12.54,0.0,0.0,25.08,25.08,Email,PayPal,Completed
ORD001117,CUST00543,India,2024-09-16 19:00:00,Clothing,Hoodie,1,31.07,10.0,3.11,31.07,27.96,Organic Search,Credit Card,Completed
ORD001118,CUST01223,USA,2024-01-29 15:00:00,Clothing,T-Shirt,2,24.93,0.0,0.0,49.86,49.86,Social Media,Cash on Delivery,Completed
ORD001119,CUST00654,Germany,2024-02-25 15:00:00,Toys,Board Game,1,32.96,0.0,0.0,32.96,32.96,Organic Search,Credit Card,Completed
ORD001120,CUST01370,India,2024-05-12 01:00:00,Sports,Water Bottle,2,40.7,0.0,0.0,81.4,81.4,Paid Ads,Credit Card,Returned
ORD001121,CUST01046,UK,2024-03-31 04:00:00,Electronics,USB-C Cable,1,32.17,20.0,6.43,32.17,25.74,Organic Search,Cash on Delivery,Completed
ORD001122,CUST00317,USA,2025-03-14 09:00:00,Beauty,Perfume,2,43.65,0.0,0.0,87.3,87.3,Paid Ads,Debit Card,Completed
ORD001123,CUST01355,USA,2025-02-03 00:00:00,Electronics,Power Bank,2,119.83,0.0,0.0,239.66,239.66,Paid Ads,Cash on Delivery,Completed
ORD001124,CUST01480,USA,2024-06-14 09:00:00,Home & Kitchen,Bed Sheets,1,82.25,15.0,12.34,82.25,69.91,Email,Debit Card,Completed
ORD001125,CUST00906,Canada,2024-11-02 17:00:00,Clothing,Jeans,2,19.45,20.0,7.78,38.9,31.12,Direct,Credit Card,Completed
ORD001126,CUST00189,USA,2024-07-21 05:00:00,Clothing,Jacket,3,48.41,0.0,0.0,145.23,145.23,Paid Ads,PayPal,Completed
ORD001127,CUST00164,USA,2024-12-10 01:00:00,Electronics,Smartphone Case,1,41.11,0.0,0.0,41.11,41.11,Organic Search,Debit Card,Completed
ORD001128,CUST00117,Germany,2024-11-09 11:00:00,Clothing,Sneakers,1,64.15,0.0,0.0,64.15,64.15,Social Media,Cash on Delivery,Completed
ORD001129,CUST00353,UK,2025-01-07 14:00:00,Toys,Building Blocks,1,39.23,0.0,0.0,39.23,39.23,Email,UPI,Completed
ORD001130,CUST00804,UK,2024-01-12 14:00:00,Clothing,Sneakers,2,27.25,10.0,5.45,54.5,49.05,Organic Search,Cash on Delivery,Returned
ORD001131,CUST00024,USA,2024-10-13 18:00:00,Sports,Yoga Mat,1,26.28,0.0,0.0,26.28,26.28,Organic Search,PayPal,Completed
ORD001132,CUST00942,USA,2025-03-06 02:00:00,Books,Comic,2,25.12,0.0,0.0,50.24,50.24,Paid Ads,Credit Card,Completed
ORD001133,CUST00453,USA,2024-09-16 11:00:00,Clothing,Jeans,1,26.29,5.0,1.31,26.29,24.98,Paid Ads,UPI,Completed
ORD001134,CUST00345,USA,2025-01-08 16:00:00,Beauty,Shampoo,1,51.72,5.0,2.59,51.72,49.13,Direct,Cash on Delivery,Completed
ORD001135,CUST00334,India,2025-05-05 19:00:00,Electronics,Wireless Earbuds,1,149.19,0.0,0.0,149.19,149.19,Direct,PayPal,Completed
ORD001136,CUST00611,India,2024-12-28 21:00:00,Sports,Water Bottle,1,24.28,0.0,0.0,24.28,24.28,Paid Ads,Credit Card,Completed
ORD001137,CUST01443,UK,2024-07-02 17:00:00,Electronics,Bluetooth Speaker,1,65.25,0.0,0.0,65.25,65.25,Direct,Cash on Delivery,Completed
ORD001138,CUST01234,India,2024-10-15 01:00:00,Beauty,Lipstick,1,31.97,0.0,0.0,31.97,31.97,Social Media,Credit Card,Completed
ORD001139,CUST00562,India,2024-09-01 19:00:00,Electronics,USB-C Cable,2,134.91,5.0,13.49,269.82,256.33,Direct,Debit Card,Completed
ORD001140,CUST00740,USA,2025-03-26 02:00:00,Sports,Yoga Mat,2,58.63,0.0,0.0,117.26,117.26,Email,Cash on Delivery,Completed
ORD001141,CUST00913,UK,2025-05-04 14:00:00,Home & Kitchen,Bed Sheets,1,67.06,0.0,0.0,67.06,67.06,Social Media,PayPal,Completed
ORD001142,CUST00012,Australia,2024-01-29 14:00:00,Home & Kitchen,Storage Box,2,97.91,0.0,0.0,195.82,195.82,Organic Search,Debit Card,Returned
ORD001143,CUST01154,UK,2025-02-11 07:00:00,Clothing,Jacket,2,59.73,0.0,0.0,119.46,119.46,Paid Ads,UPI,Completed
ORD001144,CUST01082,India,2024-11-28 06:00:00,Electronics,Wireless Earbuds,2,132.18,0.0,0.0,264.36,264.36,Organic Search,Debit Card,Completed
ORD001145,CUST00932,Canada,2024-04-03 04:00:00,Beauty,Face Cream,1,6.44,5.0,0.32,6.44,6.12,Social Media,Credit Card,Completed
ORD001146,CUST00519,Australia,2024-02-13 11:00:00,Electronics,Wireless Earbuds,2,29.11,15.0,8.73,58.22,49.49,Organic Search,Credit Card,Completed
ORD001147,CUST00700,USA,2024-10-29 15:00:00,Home & Kitchen,Storage Box,1,35.48,0.0,0.0,35.48,35.48,Organic Search,Debit Card,Completed
ORD001148,CUST01063,Germany,2024-11-15 02:00:00,Sports,Yoga Mat,4,70.9,0.0,0.0,283.6,283.6,Organic Search,UPI,Completed
ORD001149,CUST01284,India,2025-01-22 17:00:00,Toys,Building Blocks,1,16.68,0.0,0.0,16.68,16.68,Paid Ads,Cash on Delivery,Completed
ORD001150,CUST00451,Germany,2024-12-26 10:00:00,Beauty,Face Cream,1,43.92,0.0,0.0,43.92,43.92,Direct,UPI,Completed
ORD001151,CUST00127,Germany,2024-06-14 15:00:00,Clothing,T-Shirt,1,40.87,5.0,2.04,40.87,38.83,Organic Search,Credit Card,Completed
ORD001152,CUST01334,Australia,2024-10-15 08:00:00,Beauty,Face Cream,1,34.91,5.0,1.75,34.91,33.16,Paid Ads,Debit Card,Cancelled
ORD001153,CUST00148,USA,2024-04-08 22:00:00,Beauty,Face Cream,4,33.63,0.0,0.0,134.52,134.52,Paid Ads,Cash on Delivery,Completed
ORD001154,CUST01382,USA,2025-04-17 16:00:00,Home & Kitchen,Blender,1,83.02,0.0,0.0,83.02,83.02,Organic Search,Debit Card,Returned
ORD001155,CUST00960,Germany,2024-11-07 05:00:00,Clothing,Jacket,1,21.28,0.0,0.0,21.28,21.28,Organic Search,UPI,Completed
ORD001156,CUST00165,India,2024-10-30 13:00:00,Electronics,USB-C Cable,1,16.74,20.0,3.35,16.74,13.39,Organic Search,PayPal,Completed
ORD001157,CUST00422,Germany,2024-06-03 08:00:00,Toys,Board Game,1,41.32,5.0,2.07,41.32,39.25,Email,Cash on Delivery,Completed
ORD001158,CUST00877,UK,2024-05-19 05:00:00,Toys,Building Blocks,1,38.43,0.0,0.0,38.43,38.43,Organic Search,UPI,Completed
ORD001159,CUST00882,UK,2024-09-14 21:00:00,Home & Kitchen,Coffee Maker,1,28.04,0.0,0.0,28.04,28.04,Organic Search,PayPal,Returned
ORD001160,CUST00110,India,2025-04-26 03:00:00,Home & Kitchen,Storage Box,1,15.57,,0.0,15.57,15.57,Organic Search,Debit Card,Cancelled
ORD001161,CUST00920,India,2024-11-26 16:00:00,Electronics,Smartphone Case,4,15.17,0.0,0.0,60.68,60.68,Organic Search,UPI,Completed
ORD001162,CUST00241,Australia,2024-10-20 05:00:00,Books,Self-Help Book,1,26.12,15.0,3.92,26.12,22.2,Organic Search,Credit Card,Completed
ORD001163,CUST00531,Germany,2024-01-25 20:00:00,Home & Kitchen,Blender,1,92.38,0.0,0.0,92.38,92.38,Social Media,Cash on Delivery,Completed
ORD001164,CUST00525,Canada,2024-04-19 06:00:00,Beauty,Perfume,1,25.85,0.0,0.0,25.85,25.85,Organic Search,Debit Card,Returned
ORD001165,CUST00986,USA,2024-03-27 03:00:00,Home & Kitchen,Coffee Maker,1,83.0,5.0,4.15,83.0,78.85,Organic Search,Cash on Delivery,Cancelled
ORD001166,CUST01008,Canada,2024-04-03 02:00:00,Beauty,Face Cream,1,28.13,15.0,4.22,28.13,23.91,Direct,Cash on Delivery,Completed
ORD001167,CUST01015,UK,2024-12-17 15:00:00,Clothing,Sneakers,1,22.69,0.0,0.0,22.69,22.69,Email,UPI,Completed
ORD001168,CUST00883,India,2024-08-14 11:00:00,Toys,RC Car,2,41.48,0.0,0.0,82.96,82.96,Direct,Credit Card,Cancelled
ORD001169,CUST00601,India,2024-07-28 11:00:00,Books,Self-Help Book,1,19.79,20.0,3.96,19.79,15.83,Direct,Debit Card,Completed
ORD001170,CUST00447,Australia,2025-03-10 08:00:00,Electronics,Power Bank,1,111.41,0.0,0.0,111.41,111.41,Email,Credit Card,Completed
ORD001171,CUST01404,Germany,2025-04-02 13:00:00,Electronics,Wireless Earbuds,1,96.62,15.0,14.49,96.62,82.13,Paid Ads,Cash on Delivery,Completed
ORD001172,CUST00329,USA,2024-05-29 13:00:00,Toys,Board Game,2,33.91,0.0,0.0,67.82,67.82,Paid Ads,Credit Card,Completed
ORD001173,CUST00993,India,2024-08-11 20:00:00,Home & Kitchen,Bed Sheets,3,94.33,10.0,28.3,282.99,254.69,Email,PayPal,Completed
ORD001174,CUST00157,UK,2024-07-11 10:00:00,Electronics,Wireless Earbuds,2,136.17,0.0,0.0,272.34,272.34,Direct,Debit Card,Completed
ORD001175,CUST00474,Canada,2024-03-08 18:00:00,Beauty,Face Cream,1,15.29,0.0,0.0,15.29,15.29,Direct,UPI,Completed
ORD001176,CUST01074,India,2024-06-02 04:00:00,Electronics,Smartphone Case,3,83.69,0.0,0.0,251.07,251.07,Email,PayPal,Completed
ORD001177,CUST00717,Canada,2024-12-24 22:00:00,Electronics,Power Bank,1,53.69,0.0,0.0,53.69,53.69,Paid Ads,Debit Card,Returned
ORD001178,CUST00013,Canada,2024-08-22 20:00:00,Home & Kitchen,Cutlery Set,1,16.73,10.0,1.67,16.73,15.06,Organic Search,Cash on Delivery,Completed
ORD001179,CUST00022,India,2024-06-19 17:00:00,Books,Biography,3,10.75,0.0,0.0,32.25,32.25,Paid Ads,Credit Card,Completed
ORD001180,CUST01007,UK,2024-02-02 01:00:00,Electronics,Smartphone Case,1,23.71,0.0,0.0,23.71,23.71,Social Media,PayPal,Returned
ORD001181,CUST00425,India,2025-01-04 16:00:00,Toys,RC Car,1,25.35,0.0,0.0,25.35,25.35,Paid Ads,UPI,Completed
ORD001182,CUST01294,UK,2025-01-15 03:00:00,Electronics,Wireless Earbuds,3,122.09,0.0,0.0,366.27,366.27,Social Media,UPI,Completed
ORD001183,CUST00273,Canada,2025-04-14 00:00:00,Beauty,Face Cream,1,20.88,20.0,4.18,20.88,16.7,Organic Search,Debit Card,Completed
ORD001184,CUST01081,Germany,2025-01-10 20:00:00,Beauty,Shampoo,3,56.24,5.0,8.44,168.72,160.28,Paid Ads,Credit Card,Completed
ORD001185,CUST01185,India,2024-08-29 18:00:00,Books,Comic,2,8.18,0.0,0.0,16.36,16.36,Email,Debit Card,Completed
ORD001186,CUST00974,India,2025-01-31 11:00:00,Sports,Water Bottle,1,61.01,20.0,12.2,61.01,48.81,Social Media,UPI,Completed
ORD001187,CUST00757,UK,2024-08-05 15:00:00,Electronics,Wireless Earbuds,1,100.92,10.0,10.09,100.92,90.83,Organic Search,Cash on Delivery,Returned
ORD001188,CUST01318,Germany,2024-05-14 08:00:00,Home & Kitchen,Cutlery Set,3,46.72,0.0,0.0,140.16,140.16,Paid Ads,Debit Card,Completed
ORD001189,CUST00592,UK,2025-03-10 02:00:00,Toys,RC Car,2,40.73,15.0,12.22,81.46,69.24,Email,Credit Card,Completed
ORD001190,CUST01304,USA,2024-10-29 02:00:00,Books,Novel,1,6.54,10.0,0.65,6.54,5.89,Email,PayPal,Completed
ORD001191,CUST01081,Germany,2025-04-25 19:00:00,Toys,Puzzle,1,43.97,0.0,0.0,43.97,43.97,Organic Search,Credit Card,Completed
ORD001192,CUST00355,India,2024-03-14 04:00:00,Clothing,T-Shirt,1,31.08,5.0,1.55,31.08,29.53,Organic Search,Debit Card,Returned
ORD001193,CUST00172,India,2025-04-20 03:00:00,Toys,Action Figure,1,37.13,5.0,1.86,37.13,35.27,Email,UPI,Completed
ORD001194,CUST00832,USA,2024-06-29 07:00:00,Clothing,T-Shirt,1,39.94,0.0,0.0,39.94,39.94,Social Media,Credit Card,Completed
ORD001195,CUST00464,USA,2024-04-18 17:00:00,Clothing,Sneakers,1,64.0,0.0,0.0,64.0,64.0,Email,UPI,Completed
ORD001196,CUST01157,India,2024-01-11 17:00:00,Toys,Puzzle,1,17.6,0.0,0.0,17.6,17.6,Social Media,Credit Card,Completed
ORD001197,CUST00878,UK,2024-07-16 18:00:00,Electronics,Smartphone Case,4,99.89,0.0,0.0,399.56,399.56,Social Media,Cash on Delivery,Completed
ORD001198,CUST00107,USA,2025-04-21 07:00:00,Home & Kitchen,Blender,1,66.61,0.0,0.0,66.61,66.61,Paid Ads,Cash on Delivery,Completed
ORD001199,CUST00288,USA,2024-08-27 20:00:00,Clothing,Hoodie,1,41.95,5.0,2.1,41.95,39.85,Social Media,Cash on Delivery,Completed
ORD001200,CUST01358,USA,2025-02-25 09:00:00,Home & Kitchen,Coffee Maker,1,73.64,0.0,0.0,73.64,73.64,Email,Credit Card,Completed
ORD001201,CUST00244,USA,2024-08-11 15:00:00,Clothing,Hoodie,4,47.91,0.0,0.0,191.64,191.64,Paid Ads,PayPal,Completed
ORD001202,CUST01379,USA,2024-02-28 21:00:00,Books,Comic,1,15.76,15.0,2.36,15.76,13.4,Direct,UPI,Completed
ORD001203,CUST00491,U.S.A,2024-04-27 17:00:00,Clothing,Jacket,1,32.93,0.0,0.0,32.93,32.93,Organic Search,Credit Card,Returned
ORD001204,CUST00603,India,2025-04-29 05:00:00,Clothing,Jeans,4,64.58,0.0,0.0,258.32,258.32,Paid Ads,UPI,Completed
ORD001205,CUST00222,USA,2024-01-01 11:00:00,Clothing,Jeans,1,54.05,0.0,0.0,54.05,54.05,Social Media,Cash on Delivery,Completed
ORD001206,CUST01241,Canada,2024-05-16 00:00:00,Electronics,Wireless Earbuds,1,122.64,5.0,6.13,122.64,116.51,Organic Search,Cash on Delivery,Completed
ORD001207,CUST01075,Australia,2024-06-29 16:00:00,Beauty,Sunscreen,1,33.42,0.0,0.0,33.42,33.42,Paid Ads,Cash on Delivery,Completed
ORD001208,CUST01232,India,2025-05-07 11:00:00,Sports,Dumbbells,1,71.15,5.0,3.56,71.15,67.59,Paid Ads,Cash on Delivery,Completed
ORD001209,CUST00915,USA,2025-01-17 06:00:00,Beauty,Face Cream,2,19.01,0.0,0.0,38.02,38.02,Organic Search,Cash on Delivery,Completed
ORD001210,CUST00314,Australia,2025-05-13 18:00:00,Books,Biography,2,22.88,20.0,9.15,45.76,36.61,Email,UPI,Completed
ORD001211,CUST00076,Germany,2024-02-28 05:00:00,Books,Self-Help Book,3,7.37,0.0,0.0,22.11,22.11,Social Media,PayPal,Completed
ORD001212,CUST00695,India,2024-12-19 19:00:00,Clothing,Jeans,1,60.08,0.0,0.0,60.08,60.08,Paid Ads,Cash on Delivery,Completed
ORD001213,CUST01485,India,2024-12-01 02:00:00,Beauty,Perfume,1,18.99,0.0,0.0,18.99,18.99,Direct,PayPal,Cancelled
ORD001214,CUST00191,India,2024-11-17 10:00:00,Toys,Action Figure,1,8.29,0.0,0.0,8.29,8.29,Paid Ads,Cash on Delivery,Cancelled
ORD001215,CUST00728,Germany,2024-07-19 21:00:00,Clothing,Jeans,3,41.29,0.0,0.0,123.87,123.87,Organic Search,PayPal,Returned
ORD001216,CUST00445,Germany,2025-04-08 18:00:00,Sports,Water Bottle,2,44.67,5.0,4.47,89.34,84.87,Paid Ads,PayPal,Completed
ORD001217,CUST01203,India,2024-11-05 21:00:00,Electronics,Bluetooth Speaker,1,122.53,0.0,0.0,122.53,122.53,Organic Search,Credit Card,Completed
ORD001218,CUST01202,India,2024-03-20 15:00:00,Beauty,Face Cream,1,18.56,0.0,0.0,18.56,18.56,Social Media,Cash on Delivery,Completed
ORD001219,CUST00119,Canada,2024-08-21 04:00:00,Electronics,Wireless Earbuds,4,132.23,0.0,0.0,528.92,528.92,Social Media,Cash on Delivery,Completed
ORD001220,CUST00150,India,2024-05-25 13:00:00,Clothing,Hoodie,1,49.11,0.0,0.0,49.11,49.11,Social Media,PayPal,Completed
ORD001221,CUST01112,India,2024-06-29 15:00:00,Beauty,Sunscreen,1,23.94,0.0,0.0,23.94,23.94,Direct,UPI,Completed
ORD001222,CUST00017,India,2025-04-15 11:00:00,Electronics,Power Bank,2,110.66,5.0,11.07,221.32,210.25,Organic Search,Debit Card,Completed
ORD001223,CUST00979,USA,2025-05-12 13:00:00,Electronics,USB-C Cable,2,94.91,5.0,9.49,189.82,180.33,Direct,Credit Card,Cancelled
ORD001224,CUST01246,UK,2024-05-07 03:00:00,Beauty,Sunscreen,2,28.89,0.0,0.0,57.78,57.78,Social Media,Cash on Delivery,Completed
ORD001225,CUST00155,Australia,2025-03-16 03:00:00,Sports,Resistance Bands,2,40.58,10.0,8.12,81.16,73.04,Paid Ads,UPI,Completed
ORD001226,CUST00125,India,2024-09-24 14:00:00,Clothing,Sneakers,1,29.89,,1.49,29.89,28.4,Organic Search,Debit Card,Completed
ORD001227,CUST00365,Australia,2025-02-13 05:00:00,Beauty,Face Cream,2,58.78,5.0,5.88,117.56,111.68,Social Media,Cash on Delivery,Completed
ORD001228,CUST00749,Canada,2024-02-19 02:00:00,Sports,Running Shoes,1,8.3,0.0,0.0,8.3,8.3,Email,Cash on Delivery,Completed
ORD001229,CUST01206,Germany,2024-05-01 12:00:00,Electronics,USB-C Cable,1,114.23,0.0,0.0,114.23,114.23,Organic Search,Credit Card,Completed
ORD001230,CUST01154,UK,2025-03-03 04:00:00,Sports,Running Shoes,1,39.15,5.0,1.96,39.15,37.19,Organic Search,PayPal,Completed
ORD001231,CUST01467,Australia,2025-01-04 01:00:00,Clothing,Jacket,2,16.28,0.0,0.0,32.56,32.56,Paid Ads,Cash on Delivery,Completed
ORD001232,CUST00991,Germany,2024-07-19 21:00:00,Sports,Dumbbells,1,86.0,0.0,0.0,86.0,86.0,Organic Search,Credit Card,Completed
ORD001233,CUST00509,Australia,2024-01-15 12:00:00,Books,Self-Help Book,1,23.14,0.0,0.0,23.14,23.14,Email,Cash on Delivery,Completed
ORD001234,CUST01244,Canada,2025-04-19 08:00:00,Beauty,Face Cream,1,48.22,0.0,0.0,48.22,48.22,Organic Search,UPI,Completed
ORD001235,CUST01234,India,2024-09-06 07:00:00,Electronics,Bluetooth Speaker,1,116.51,0.0,0.0,116.51,116.51,Organic Search,Cash on Delivery,Completed
ORD001236,CUST00407,USA,2024-11-17 15:00:00,Electronics,Wireless Earbuds,1,110.94,0.0,0.0,110.94,110.94,Organic Search,PayPal,Returned
ORD001237,CUST00037,India,2025-03-23 19:00:00,Clothing,Jacket,1,48.46,0.0,0.0,48.46,48.46,Paid Ads,PayPal,Completed
ORD001238,CUST00834,India,2024-10-14 05:00:00,Clothing,Jacket,1,32.32,5.0,1.62,32.32,30.7,Paid Ads,Debit Card,Returned
ORD001239,CUST00436,UK,2024-12-20 01:00:00,Toys,Building Blocks,1,17.1,0.0,0.0,17.1,17.1,Direct,UPI,Returned
ORD001240,CUST00885,Germany,2025-01-04 10:00:00,Beauty,Perfume,1,49.61,0.0,0.0,49.61,49.61,Organic Search,UPI,Completed
ORD001241,CUST00549,USA,2024-04-18 21:00:00,Clothing,Jeans,2,15.68,5.0,1.57,31.36,29.79,Organic Search,Debit Card,Completed
ORD001242,CUST00046,UK,2024-12-05 03:00:00,Clothing,T-Shirt,1,18.4,15.0,2.76,18.4,15.64,Organic Search,UPI,Completed
ORD001243,CUST00033,India,2024-01-26 18:00:00,Home & Kitchen,Blender,1,55.87,5.0,2.79,55.87,53.08,Paid Ads,PayPal,Completed
ORD001244,CUST00289,India,2024-09-08 22:00:00,Beauty,Face Cream,1,58.22,0.0,0.0,58.22,58.22,Email,UPI,Returned
ORD001245,CUST01461,USA,2024-03-08 15:00:00,Toys,Puzzle,1,33.03,20.0,6.61,33.03,26.42,Social Media,Debit Card,Completed
ORD001246,CUST00241,Australia,2024-02-06 04:00:00,Sports,Yoga Mat,1,26.95,0.0,0.0,26.95,26.95,Social Media,Credit Card,Completed
ORD001247,CUST00076,Germany,2024-05-08 13:00:00,Books,Cookbook,2,20.2,5.0,2.02,40.4,38.38,Email,Cash on Delivery,Completed
ORD001248,CUST00787,USA,2025-03-03 20:00:00,Beauty,Lipstick,1,13.78,0.0,0.0,13.78,13.78,Organic Search,PayPal,Completed
ORD001249,CUST00106,India,2024-12-10 02:00:00,Electronics,Bluetooth Speaker,2,130.54,5.0,13.05,261.08,248.03,Paid Ads,Debit Card,Completed
ORD001250,CUST00666,India,2024-09-12 01:00:00,Beauty,Perfume,2,17.83,0.0,0.0,35.66,35.66,Paid Ads,Credit Card,Completed
ORD001251,CUST01328,Germany,2025-03-21 00:00:00,Electronics,Wireless Earbuds,4,113.16,0.0,0.0,452.64,452.64,Organic Search,UPI,Cancelled
ORD001252,CUST00768,Canada,2024-07-10 11:00:00,Books,Cookbook,2,27.92,0.0,0.0,55.84,55.84,Organic Search,Cash on Delivery,Completed
ORD001253,CUST00138,UK,2025-04-19 22:00:00,Toys,Puzzle,2,27.0,0.0,0.0,54.0,54.0,Paid Ads,Cash on Delivery,Completed
ORD001254,CUST01156,Germany,2024-11-27 18:00:00,Clothing,Hoodie,1,62.07,5.0,3.1,62.07,58.97,Direct,UPI,Completed
ORD001255,CUST00129,India,2024-01-25 10:00:00,Electronics,Bluetooth Speaker,2,46.91,0.0,0.0,93.82,93.82,Paid Ads,Cash on Delivery,Completed
ORD001256,CUST01080,Australia,2024-02-02 14:00:00,Toys,Puzzle,2,12.26,0.0,0.0,24.52,24.52,Paid Ads,UPI,Completed
ORD001257,CUST01180,USA,2024-04-22 08:00:00,Beauty,Shampoo,1,7.31,5.0,0.37,7.31,6.94,Paid Ads,PayPal,Completed
ORD001258,CUST01230,U.S.A,2024-08-14 14:00:00,Books,Biography,1,5.77,0.0,0.0,5.77,5.77,Direct,Cash on Delivery,Returned
ORD001259,CUST00323,UK,2025-03-27 03:00:00,Sports,Resistance Bands,2,66.58,0.0,0.0,133.16,133.16,Email,PayPal,Completed
ORD001260,CUST01396,Canada,2025-02-09 17:00:00,Sports,Dumbbells,1,48.91,0.0,0.0,48.91,48.91,Social Media,Debit Card,Completed
ORD001261,CUST00125,India,2024-08-24 19:00:00,Toys,Action Figure,1,44.05,0.0,0.0,44.05,44.05,Direct,UPI,Completed
ORD001262,CUST00020,India,2024-11-15 12:00:00,Home & Kitchen,Coffee Maker,2,96.33,20.0,38.53,192.66,154.13,Paid Ads,Debit Card,Completed
ORD001263,CUST01112,India,2024-11-25 17:00:00,Electronics,Wireless Earbuds,1,69.39,5.0,3.47,69.39,65.92,Direct,UPI,Completed
ORD001264,CUST00549,USA,2024-05-13 13:00:00,Toys,Puzzle,1,44.14,15.0,6.62,44.14,37.52,Organic Search,PayPal,Completed
ORD001265,CUST01037,India,2024-10-11 14:00:00,Toys,RC Car,1,20.44,0.0,0.0,20.44,20.44,Organic Search,PayPal,Completed
ORD001266,CUST00520,India,2025-04-17 01:00:00,Sports,Yoga Mat,1,9.63,0.0,0.0,9.63,9.63,Paid Ads,Cash on Delivery,Completed
ORD001267,CUST00357,India,2024-04-25 20:00:00,Electronics,Smartphone Case,2,64.34,0.0,0.0,128.68,128.68,Paid Ads,Credit Card,Returned
ORD001268,CUST00685,Australia,2025-04-20 08:00:00,Toys,RC Car,1,36.14,5.0,1.81,36.14,34.33,Organic Search,Debit Card,Completed
ORD001269,CUST01154,UK,2025-03-23 04:00:00,Home & Kitchen,Cutlery Set,1,45.21,5.0,2.26,45.21,42.95,Direct,Cash on Delivery,Completed
ORD001270,CUST00400,Germany,2025-02-03 09:00:00,Toys,Board Game,2,44.66,0.0,0.0,89.32,89.32,Direct,Cash on Delivery,Completed
ORD001271,CUST01196,Canada,2025-01-10 17:00:00,Sports,Resistance Bands,1,52.68,0.0,0.0,52.68,52.68,Email,Credit Card,Completed
ORD001272,CUST00570,India,2024-05-30 21:00:00,Clothing,Jacket,4,78.21,0.0,0.0,312.84,312.84,Social Media,UPI,Completed
ORD001273,CUST00042,USA,2024-04-07 07:00:00,Home & Kitchen,Bed Sheets,1,40.75,0.0,0.0,40.75,40.75,Email,PayPal,Completed
ORD001274,CUST01070,India,2024-10-01 08:00:00,Electronics,Wireless Earbuds,2,70.03,0.0,0.0,140.06,140.06,Organic Search,Cash on Delivery,Completed
ORD001275,CUST01418,India,2025-04-14 16:00:00,Clothing,Hoodie,1,45.24,0.0,0.0,45.24,45.24,Email,Cash on Delivery,Completed
ORD001276,CUST00538,India,2024-06-02 02:00:00,Clothing,Hoodie,1,52.65,0.0,0.0,52.65,52.65,Social Media,Cash on Delivery,Completed
ORD001277,CUST01418,India,2024-12-26 05:00:00,Toys,Board Game,2,23.18,0.0,0.0,46.36,46.36,Direct,Cash on Delivery,Completed
ORD001278,CUST00842,UK,2025-05-05 22:00:00,Books,Comic,1,6.72,0.0,0.0,6.72,6.72,Social Media,PayPal,Completed
ORD001279,CUST00787,USA,2025-01-16 06:00:00,Electronics,USB-C Cable,2,66.09,5.0,6.61,132.18,125.57,Email,Cash on Delivery,Completed
ORD001280,CUST01312,Canada,2024-02-03 10:00:00,Electronics,USB-C Cable,1,50.65,0.0,0.0,50.65,50.65,Organic Search,UPI,Completed
ORD001281,CUST00021,UK,2025-02-09 19:00:00,Clothing,Jeans,1,23.07,0.0,0.0,23.07,23.07,Social Media,UPI,Completed
ORD001282,CUST00984,India,2024-07-03 13:00:00,Sports,Yoga Mat,1,13.57,0.0,0.0,13.57,13.57,Organic Search,Debit Card,Completed
ORD001283,CUST01441,Australia,2024-11-04 15:00:00,Clothing,Jacket,1,58.17,10.0,5.82,58.17,52.35,Organic Search,UPI,Completed
ORD001284,CUST00516,India,2025-03-22 17:00:00,Toys,RC Car,1,29.8,0.0,0.0,29.8,29.8,Social Media,Cash on Delivery,Completed
ORD001285,CUST00175,UK,2025-04-27 04:00:00,Electronics,Wireless Earbuds,1,45.68,0.0,0.0,45.68,45.68,Organic Search,UPI,Completed
ORD001286,CUST01365,Germany,2025-02-12 01:00:00,Clothing,T-Shirt,2,50.32,0.0,0.0,100.64,100.64,Organic Search,PayPal,Completed
ORD001287,CUST00643,India,2025-01-14 12:00:00,Sports,Yoga Mat,1,37.96,0.0,0.0,37.96,37.96,Social Media,Credit Card,Completed
ORD001288,CUST01385,UK,2024-04-29 09:00:00,Electronics,Wireless Earbuds,2,74.47,15.0,22.34,148.94,126.6,Email,PayPal,Cancelled
ORD001289,CUST01219,UK,2024-04-16 20:00:00,Books,Novel,1,27.47,0.0,0.0,27.47,27.47,Email,UPI,Completed
ORD001290,CUST00434,India,2025-01-06 20:00:00,Electronics,Smartphone Case,1,46.36,0.0,0.0,46.36,46.36,Social Media,PayPal,Completed
ORD001291,CUST00032,India,2025-03-16 05:00:00,Electronics,USB-C Cable,1,45.84,0.0,0.0,45.84,45.84,Organic Search,PayPal,Completed
ORD001292,CUST01064,USA,2025-04-23 04:00:00,Electronics,USB-C Cable,1,49.8,0.0,0.0,49.8,49.8,Direct,Debit Card,Completed
ORD001293,CUST00377,Canada,2024-04-07 11:00:00,Home & Kitchen,Bed Sheets,1,57.21,0.0,0.0,57.21,57.21,Organic Search,Credit Card,Completed
ORD001294,CUST01159,Canada,2025-03-12 09:00:00,Clothing,Jeans,2,10.53,0.0,0.0,21.06,21.06,Direct,Debit Card,Completed
ORD001295,CUST01356,Canada,2024-11-08 01:00:00,Beauty,Lipstick,1,10.59,0.0,0.0,10.59,10.59,Paid Ads,PayPal,Completed
ORD001296,CUST00141,Australia,2025-01-19 17:00:00,Home & Kitchen,Coffee Maker,1,64.59,0.0,0.0,64.59,64.59,Organic Search,PayPal,Completed
ORD001297,CUST00686,USA,2025-01-09 05:00:00,Home & Kitchen,Storage Box,1,92.6,5.0,4.63,92.6,87.97,Paid Ads,Cash on Delivery,Completed
ORD001298,CUST00091,India,2024-02-06 11:00:00,Books,Biography,4,11.84,0.0,0.0,47.36,47.36,Email,Cash on Delivery,Returned
ORD001299,CUST00482,UK,2024-04-22 03:00:00,Clothing,Jacket,1,32.96,0.0,0.0,32.96,32.96,Organic Search,Debit Card,Completed
ORD001300,CUST01034,India,2024-10-09 18:00:00,Clothing,Jacket,4,14.14,10.0,5.66,56.56,50.9,Email,UPI,Returned
ORD001301,CUST00096,USA,2024-01-16 09:00:00,Home & Kitchen,Cutlery Set,1,45.25,0.0,0.0,45.25,45.25,Social Media,Credit Card,Completed
ORD001302,CUST00911,USA,2025-02-07 08:00:00,Electronics,Smartphone Case,1,22.38,0.0,0.0,22.38,22.38,Organic Search,UPI,Completed
ORD001303,CUST00592,UK,2024-12-15 14:00:00,Electronics,Power Bank,1,134.94,15.0,20.24,134.94,114.7,Paid Ads,UPI,Completed
ORD001304,CUST00926,India,2024-11-30 15:00:00,Clothing,Jeans,1,21.73,20.0,4.35,21.73,17.38,Social Media,Credit Card,Completed
ORD001305,CUST01230,USA,2024-07-24 05:00:00,Clothing,Sneakers,1,23.92,0.0,0.0,23.92,23.92,Paid Ads,Cash on Delivery,Completed
ORD001306,CUST00876,India,2024-11-22 11:00:00,Electronics,USB-C Cable,1,97.37,5.0,4.87,97.37,92.5,Organic Search,Credit Card,Completed
ORD001307,CUST00651,India,2025-04-15 13:00:00,Books,Self-Help Book,2,16.92,0.0,0.0,33.84,33.84,Email,UPI,Completed
ORD001308,CUST00206,India,2024-10-09 08:00:00,Sports,Resistance Bands,2,87.76,0.0,0.0,175.52,175.52,Paid Ads,UPI,Completed
ORD001309,CUST01073,India,2024-09-22 17:00:00,Clothing,Sneakers,1,70.9,15.0,10.64,70.9,60.26,Paid Ads,Debit Card,Completed
ORD001310,CUST00682,India,2024-02-20 00:00:00,Electronics,Smartphone Case,1,105.51,5.0,5.28,105.51,100.23,Organic Search,Debit Card,Completed
ORD001311,CUST00917,India,2024-01-23 21:00:00,Electronics,Smartphone Case,2,27.93,0.0,0.0,55.86,55.86,Organic Search,UPI,Completed
ORD001312,CUST00604,India,2024-09-27 19:00:00,Sports,Resistance Bands,2,11.3,0.0,0.0,22.6,22.6,Social Media,PayPal,Returned
ORD001313,CUST00257,Australia,2024-01-23 16:00:00,Toys,Puzzle,1,30.29,5.0,1.51,30.29,28.78,Email,UPI,Completed
ORD001314,CUST00991,Germany,2025-05-06 21:00:00,Books,Cookbook,2,17.41,15.0,5.22,34.82,29.6,Organic Search,UPI,Completed
ORD001315,CUST01160,India,2025-02-05 21:00:00,Toys,Board Game,1,19.59,0.0,0.0,19.59,19.59,Social Media,UPI,Completed
ORD001316,CUST00111,India,2025-04-13 18:00:00,Sports,Dumbbells,2,16.17,15.0,4.85,32.34,27.49,Paid Ads,Credit Card,Cancelled
ORD001317,CUST01067,India,2025-03-26 03:00:00,Books,Self-Help Book,1,22.58,0.0,0.0,22.58,22.58,Email,PayPal,Completed
ORD001318,CUST00115,UK,2025-01-02 12:00:00,Toys,Board Game,1,24.26,5.0,1.21,24.26,23.05,Social Media,Credit Card,Completed
ORD001319,CUST00437,India,2024-12-09 08:00:00,Books,Self-Help Book,1,18.51,5.0,0.93,18.51,17.58,Paid Ads,Credit Card,Completed
ORD001320,CUST00774,USA,2024-01-07 20:00:00,Beauty,Face Cream,1,14.97,10.0,1.5,14.97,13.47,Paid Ads,PayPal,Completed
ORD001321,CUST01111,Germany,2024-11-29 19:00:00,Toys,Building Blocks,1,18.01,0.0,0.0,18.01,18.01,Organic Search,Debit Card,Completed
ORD001322,CUST01440,UK,2025-04-15 18:00:00,Clothing,T-Shirt,4,64.47,10.0,25.79,257.88,232.09,Paid Ads,Debit Card,Completed
ORD001323,CUST00024,USA,2024-05-04 10:00:00,Beauty,Lipstick,1,44.99,20.0,9.0,44.99,35.99,Direct,PayPal,Completed
ORD001324,CUST00547,India,2025-01-20 14:00:00,Clothing,Hoodie,1,74.06,15.0,11.11,74.06,62.95,Email,PayPal,Completed
ORD001325,CUST01125,UK,2025-05-04 22:00:00,Clothing,Jacket,1,56.36,0.0,0.0,56.36,56.36,Direct,UPI,Completed
ORD001326,CUST00058,India,2024-07-02 10:00:00,Home & Kitchen,Coffee Maker,1,48.03,5.0,2.4,48.03,45.63,Paid Ads,Credit Card,Completed
ORD001327,CUST01477,Germany,2024-02-02 02:00:00,Clothing,T-Shirt,1,12.37,0.0,0.0,12.37,12.37,Organic Search,UPI,Completed
ORD001328,CUST00155,Australia,2024-10-01 19:00:00,Home & Kitchen,Coffee Maker,1,42.28,0.0,0.0,42.28,42.28,Direct,UPI,Completed
ORD001329,CUST01221,Australia,2024-07-11 02:00:00,Clothing,T-Shirt,1,68.54,0.0,0.0,68.54,68.54,Email,UPI,Completed
ORD001330,CUST01328,Germany,2025-02-08 03:00:00,Clothing,Jacket,2,61.18,10.0,12.24,122.36,110.12,Paid Ads,Credit Card,Completed
ORD001331,CUST01445,Canada,2024-09-07 16:00:00,Clothing,T-Shirt,1,68.97,0.0,0.0,68.97,68.97,Paid Ads,Credit Card,Completed
ORD001332,CUST00591,India,2025-02-02 10:00:00,Home & Kitchen,Bed Sheets,2,36.93,0.0,0.0,73.86,73.86,Email,Debit Card,Returned
ORD001333,CUST00686,USA,2025-03-01 17:00:00,Beauty,Face Cream,2,33.22,15.0,9.97,66.44,56.47,Email,Credit Card,Completed
ORD001334,CUST00805,USA,2024-01-05 10:00:00,Clothing,Jeans,4,37.45,0.0,0.0,149.8,149.8,Organic Search,Debit Card,Completed
ORD001335,CUST01462,UK,2024-01-19 12:00:00,Home & Kitchen,Storage Box,1,80.79,0.0,0.0,80.79,80.79,Organic Search,PayPal,Completed
ORD001336,CUST00733,UK,2024-06-15 16:00:00,Toys,Action Figure,2,19.78,0.0,0.0,39.56,39.56,Social Media,Credit Card,Cancelled
ORD001337,CUST00053,Australia,2024-05-04 16:00:00,Sports,Dumbbells,1,45.78,0.0,0.0,45.78,45.78,Social Media,Credit Card,Completed
ORD001338,CUST01285,India,2024-01-20 07:00:00,Books,Self-Help Book,1,11.82,0.0,0.0,11.82,11.82,Organic Search,Debit Card,Completed
ORD001339,CUST00522,USA,2025-01-06 13:00:00,Home & Kitchen,Cutlery Set,1,63.47,0.0,0.0,63.47,63.47,Organic Search,UPI,Completed
ORD001340,CUST00454,Canada,2024-09-29 15:00:00,Home & Kitchen,Cutlery Set,3,15.09,10.0,4.53,45.27,40.74,Paid Ads,Cash on Delivery,Completed
ORD001341,CUST00498,India,2024-03-10 15:00:00,Sports,Dumbbells,2,8.12,0.0,0.0,16.24,16.24,Organic Search,Debit Card,Returned
ORD001342,CUST01038,Germany,2025-02-17 16:00:00,Books,Novel,2,19.44,0.0,0.0,38.88,38.88,Organic Search,Debit Card,Cancelled
ORD001343,CUST00534,USA,2025-03-02 16:00:00,Books,Comic,1,8.47,0.0,0.0,8.47,8.47,Organic Search,Debit Card,Completed
ORD001344,CUST00192,Canada,2025-03-04 05:00:00,Books,Comic,4,8.29,0.0,0.0,33.16,33.16,Social Media,Debit Card,Completed
ORD001345,CUST01416,Australia,2025-02-03 16:00:00,Electronics,USB-C Cable,1,84.75,15.0,12.71,84.75,72.04,Paid Ads,UPI,Completed
ORD001346,CUST01404,Germany,2024-11-04 20:00:00,Sports,Water Bottle,1,9.56,0.0,0.0,9.56,9.56,Social Media,Cash on Delivery,Completed
ORD001347,CUST00345,USA,2024-07-10 06:00:00,Books,Cookbook,1,9.3,0.0,0.0,9.3,9.3,Direct,PayPal,Completed
ORD001348,CUST00944,Canada,2025-04-05 20:00:00,Books,Biography,1,23.7,15.0,3.56,23.7,20.14,Social Media,Debit Card,Completed
ORD001349,CUST00125,India,2024-01-21 03:00:00,Electronics,Wireless Earbuds,1,21.71,0.0,0.0,21.71,21.71,Paid Ads,Cash on Delivery,Completed
ORD001350,CUST00657,India,2024-11-27 11:00:00,Clothing,Jacket,2,69.33,0.0,0.0,138.66,138.66,Paid Ads,Cash on Delivery,Completed
ORD001351,CUST01144,USA,2024-11-14 21:00:00,Electronics,Wireless Earbuds,1,145.43,15.0,21.81,145.43,123.62,Paid Ads,Credit Card,Completed
ORD001352,CUST00716,Australia,2024-01-28 13:00:00,Books,Self-Help Book,2,12.27,0.0,0.0,24.54,24.54,Direct,PayPal,Completed
ORD001353,CUST00268,UK,2024-06-16 18:00:00,Electronics,Bluetooth Speaker,2,90.21,0.0,0.0,180.42,180.42,Organic Search,PayPal,Completed
ORD001354,CUST00316,UK,2024-03-16 21:00:00,Electronics,Wireless Earbuds,1,78.72,0.0,0.0,78.72,78.72,Organic Search,PayPal,Completed
ORD001355,CUST00248,Australia,2024-11-01 02:00:00,Clothing,Jeans,1,69.72,0.0,0.0,69.72,69.72,Social Media,UPI,Cancelled
ORD001356,CUST01334,Australia,2024-12-19 17:00:00,Home & Kitchen,Coffee Maker,1,63.92,15.0,9.59,63.92,54.33,Social Media,Cash on Delivery,Completed
ORD001357,CUST00055,USA,2024-11-04 19:00:00,Electronics,USB-C Cable,1,19.29,,0.0,19.29,19.29,Paid Ads,Credit Card,Cancelled
ORD001358,CUST01113,India,2024-01-27 17:00:00,Electronics,Bluetooth Speaker,1,63.06,5.0,3.15,63.06,59.91,Organic Search,Cash on Delivery,Completed
ORD001359,CUST00132,India,2024-11-28 03:00:00,Beauty,Face Cream,1,7.53,5.0,0.38,7.53,7.15,Organic Search,UPI,Completed
ORD001360,CUST01453,Canada,2024-04-19 21:00:00,Electronics,Power Bank,1,86.24,0.0,0.0,86.24,86.24,Paid Ads,Credit Card,Completed
ORD001361,CUST01449,Australia,2025-04-01 21:00:00,Toys,Action Figure,1,13.45,0.0,0.0,13.45,13.45,Organic Search,UPI,Completed
ORD001362,CUST00362,UK,2025-02-02 04:00:00,Sports,Water Bottle,1,37.25,20.0,7.45,37.25,29.8,Organic Search,Credit Card,Completed
ORD001363,CUST00420,Germany,2024-01-13 07:00:00,Books,Self-Help Book,2,13.74,15.0,4.12,27.48,23.36,Organic Search,Cash on Delivery,Completed
ORD001364,CUST01130,India,2024-01-25 08:00:00,Home & Kitchen,Coffee Maker,1,55.09,0.0,0.0,55.09,55.09,Direct,Cash on Delivery,Completed
ORD001365,CUST00916,USA,2025-01-19 11:00:00,Sports,Resistance Bands,1,31.0,5.0,1.55,31.0,29.45,Email,PayPal,Completed
ORD001366,CUST00038,India,2025-05-13 17:00:00,Sports,Resistance Bands,1,34.54,15.0,5.18,34.54,29.36,Social Media,PayPal,Completed
ORD001367,CUST00521,USA,2024-07-08 03:00:00,Clothing,Sneakers,2,49.72,0.0,0.0,99.44,99.44,Social Media,Cash on Delivery,Completed
ORD001368,CUST00134,India,2024-06-25 17:00:00,Clothing,Jacket,1,59.37,0.0,0.0,59.37,59.37,Organic Search,Debit Card,Completed
ORD001369,CUST00545,UK,2025-02-18 09:00:00,Toys,Puzzle,2,17.23,5.0,1.72,34.46,32.74,Organic Search,Cash on Delivery,Completed
ORD001370,CUST01475,India,2024-08-16 16:00:00,Books,Cookbook,2,7.59,0.0,0.0,15.18,15.18,Organic Search,Credit Card,Completed
ORD001371,CUST00759,Canada,2024-10-09 16:00:00,Electronics,Power Bank,1,26.24,0.0,0.0,26.24,26.24,Direct,Cash on Delivery,Completed
ORD001372,CUST01215,UK,2024-07-30 18:00:00,Clothing,Hoodie,1,31.09,0.0,0.0,31.09,31.09,Paid Ads,PayPal,Completed
ORD001373,CUST00987,UK,2024-03-28 14:00:00,Sports,Water Bottle,1,68.56,0.0,0.0,68.56,68.56,Social Media,UPI,Completed
ORD001374,CUST00824,USA,2024-07-26 13:00:00,Electronics,Smartphone Case,1,141.63,0.0,0.0,141.63,141.63,Paid Ads,Cash on Delivery,Completed
ORD001375,CUST00419,UK,2024-12-14 19:00:00,Electronics,Smartphone Case,2,93.91,5.0,9.39,187.82,178.43,Social Media,Credit Card,Completed
ORD001376,CUST01362,India,2024-12-19 08:00:00,Electronics,USB-C Cable,1,103.25,0.0,0.0,103.25,103.25,Direct,Cash on Delivery,Completed
ORD001377,CUST00915,USA,2025-04-17 20:00:00,Electronics,Wireless Earbuds,1,22.48,5.0,1.12,22.48,21.36,Organic Search,UPI,Returned
ORD001378,CUST01184,Australia,2025-03-24 00:00:00,Clothing,Jeans,1,78.07,5.0,3.9,78.07,74.17,Social Media,PayPal,Completed
ORD001379,CUST01158,Canada,2024-04-02 00:00:00,Home & Kitchen,Cutlery Set,2,55.28,0.0,0.0,110.56,110.56,Social Media,Credit Card,Completed
ORD001380,CUST00541,Australia,2024-09-19 19:00:00,Clothing,Hoodie,1,23.95,0.0,0.0,23.95,23.95,Organic Search,Credit Card,Returned
ORD001381,CUST01464,UK,2024-12-06 19:00:00,Electronics,Bluetooth Speaker,1,32.36,10.0,3.24,32.36,29.12,Social Media,Credit Card,Completed
ORD001382,CUST00621,India,2025-04-25 06:00:00,Beauty,Face Cream,1,7.9,0.0,0.0,7.9,7.9,Social Media,Credit Card,Returned
ORD001383,CUST01395,India,2024-08-30 05:00:00,Clothing,Jacket,1,37.78,0.0,0.0,37.78,37.78,Organic Search,Debit Card,Completed
ORD001384,CUST01029,India,2024-02-20 13:00:00,Beauty,Lipstick,1,25.03,0.0,0.0,25.03,25.03,Organic Search,Cash on Delivery,Returned
ORD001385,CUST01282,UK,2024-10-03 05:00:00,Electronics,Power Bank,2,29.94,0.0,0.0,59.88,59.88,Paid Ads,UPI,Completed
ORD001386,CUST01351,Canada,2025-03-11 14:00:00,Home & Kitchen,Storage Box,4,83.91,15.0,50.35,335.64,285.29,Social Media,PayPal,Cancelled
ORD001387,CUST01010,USA,2024-02-29 15:00:00,Beauty,Sunscreen,1,27.8,5.0,1.39,27.8,26.41,Organic Search,Cash on Delivery,Completed
ORD001388,CUST01069,USA,2024-11-22 01:00:00,Electronics,USB-C Cable,1,96.96,5.0,4.85,96.96,92.11,Organic Search,UPI,Completed
ORD001389,CUST00802,India,2024-01-10 06:00:00,Home & Kitchen,Cutlery Set,1,81.25,0.0,0.0,81.25,81.25,Organic Search,Credit Card,Completed
ORD001390,CUST00299,UK,2024-07-19 02:00:00,Beauty,Perfume,3,23.63,0.0,0.0,70.89,70.89,Organic Search,Cash on Delivery,Completed
ORD001391,CUST00283,USA,2025-04-14 03:00:00,Books,Cookbook,2,14.64,5.0,1.46,29.28,27.82,Paid Ads,Cash on Delivery,Completed
ORD001392,CUST01058,USA,2024-05-28 22:00:00,Sports,Resistance Bands,1,31.24,5.0,1.56,31.24,29.68,Organic Search,UPI,Completed
ORD001393,CUST00605,India,2024-07-29 22:00:00,Electronics,Power Bank,1,53.81,10.0,5.38,53.81,48.43,Paid Ads,Credit Card,Completed
ORD001394,CUST01355,USA,2024-04-06 15:00:00,Home & Kitchen,Cutlery Set,4,67.19,15.0,40.31,268.76,228.45,Organic Search,UPI,Completed
ORD001395,CUST00506,India,2025-04-05 18:00:00,Home & Kitchen,Cutlery Set,2,39.42,20.0,15.77,78.84,63.07,Social Media,Credit Card,Completed
ORD001396,CUST00899,India,2024-03-31 05:00:00,Beauty,Perfume,1,21.94,10.0,2.19,21.94,19.75,Organic Search,UPI,Completed
ORD001397,CUST01394,USA,2024-12-26 04:00:00,Electronics,Power Bank,2,146.38,0.0,0.0,292.76,292.76,Email,Cash on Delivery,Completed
ORD001398,CUST00042,USA,2025-02-12 13:00:00,Clothing,Jacket,1,38.73,5.0,1.94,38.73,36.79,Email,Credit Card,Completed
ORD001399,CUST00998,India,2024-07-24 15:00:00,Clothing,Sneakers,2,50.56,0.0,0.0,101.12,101.12,Paid Ads,Credit Card,Completed
ORD001400,CUST00931,India,2025-03-08 07:00:00,Books,Biography,2,14.23,0.0,0.0,28.46,28.46,Email,Cash on Delivery,Completed
ORD001401,CUST00823,India,2024-08-25 17:00:00,Electronics,Smartphone Case,1,148.28,0.0,0.0,148.28,148.28,Email,Debit Card,Completed
ORD001402,CUST01482,India,2024-05-31 06:00:00,Home & Kitchen,Storage Box,1,46.47,0.0,0.0,46.47,46.47,Email,Cash on Delivery,Returned
ORD001403,CUST00558,India,2025-02-03 21:00:00,Sports,Resistance Bands,2,41.5,0.0,0.0,83.0,83.0,Paid Ads,PayPal,Returned
ORD001404,CUST00575,Canada,2024-08-15 00:00:00,Toys,Board Game,1,31.59,0.0,0.0,31.59,31.59,Direct,Cash on Delivery,Completed
ORD001405,CUST01482,India,2024-03-29 18:00:00,Electronics,Power Bank,1,97.26,0.0,0.0,97.26,97.26,Organic Search,Credit Card,Cancelled
ORD001406,CUST00151,Canada,2024-08-01 07:00:00,Home & Kitchen,Coffee Maker,3,15.43,0.0,0.0,46.29,46.29,Social Media,Cash on Delivery,Completed
ORD001407,CUST00990,Germany,2025-02-23 11:00:00,Electronics,Power Bank,1,40.65,0.0,0.0,40.65,40.65,Paid Ads,Credit Card,Completed
ORD001408,CUST00374,UK,2025-01-14 01:00:00,Books,Biography,1,11.4,0.0,0.0,11.4,11.4,Email,UPI,Completed
ORD001409,CUST01223,USA,2025-05-03 20:00:00,Clothing,T-Shirt,2,61.48,0.0,0.0,122.96,122.96,Paid Ads,PayPal,Completed
ORD001410,CUST00836,USA,2024-07-13 14:00:00,Clothing,Sneakers,1,60.65,0.0,0.0,60.65,60.65,Direct,PayPal,Completed
ORD001411,CUST00315,Canada,2024-07-09 02:00:00,Electronics,Power Bank,1,134.27,15.0,20.14,134.27,114.13,Direct,Credit Card,Completed
ORD001412,CUST00795,India,2024-02-03 19:00:00,Clothing,Sneakers,2,50.42,0.0,0.0,100.84,100.84,Organic Search,Credit Card,Completed
ORD001413,CUST00826,Canada,2024-01-08 15:00:00,Electronics,Smartphone Case,1,66.1,10.0,6.61,66.1,59.49,Email,Debit Card,Completed
ORD001414,CUST00460,India,2024-11-05 07:00:00,Clothing,Jeans,1,77.52,10.0,7.75,77.52,69.77,Email,Credit Card,Completed
ORD001415,CUST01164,Germany,2024-03-08 05:00:00,Beauty,Shampoo,1,57.97,0.0,0.0,57.97,57.97,Email,Debit Card,Completed
ORD001416,CUST01377,USA,2024-06-04 22:00:00,Electronics,Power Bank,1,119.63,0.0,0.0,119.63,119.63,Social Media,Credit Card,Completed
ORD001417,CUST01181,Australia,2025-04-10 09:00:00,Clothing,Hoodie,2,16.27,20.0,6.51,32.54,26.03,Social Media,Debit Card,Completed
ORD001418,CUST01304,USA,2025-01-25 12:00:00,Toys,RC Car,1,24.71,5.0,1.24,24.71,23.47,Paid Ads,Debit Card,Completed
ORD001419,CUST00198,Canada,2024-10-29 16:00:00,Books,Self-Help Book,2,21.1,15.0,6.33,42.2,35.87,Organic Search,Cash on Delivery,Completed
ORD001420,CUST00207,India,2024-02-07 05:00:00,Electronics,Wireless Earbuds,2,95.78,0.0,0.0,191.56,191.56,Paid Ads,UPI,Completed
ORD001421,CUST00731,India,2024-04-29 17:00:00,Books,Cookbook,3,17.4,0.0,0.0,52.2,52.2,Social Media,PayPal,Completed
ORD001422,CUST00006,India,2024-01-31 22:00:00,Home & Kitchen,Cutlery Set,1,93.33,5.0,4.67,93.33,88.66,Organic Search,PayPal,Completed
ORD001423,CUST00920,India,2024-10-16 19:00:00,Toys,Board Game,2,10.38,5.0,1.04,20.76,19.72,Organic Search,Cash on Delivery,Completed
ORD001424,CUST00140,Australia,2025-02-23 11:00:00,Beauty,Face Cream,2,13.15,0.0,0.0,26.3,26.3,Email,UPI,Completed
ORD001425,CUST01228,India,2024-03-16 08:00:00,Home & Kitchen,Cutlery Set,1,51.35,0.0,0.0,51.35,51.35,Paid Ads,Debit Card,Completed
ORD001426,CUST00636,USA,2025-01-19 03:00:00,Beauty,Shampoo,1,36.49,0.0,0.0,36.49,36.49,Email,PayPal,Completed
ORD001427,CUST00614,India,2024-11-17 11:00:00,Clothing,Sneakers,3,44.57,0.0,0.0,133.71,133.71,Organic Search,Credit Card,Completed
ORD001428,CUST00555,Canada,2024-02-26 20:00:00,Toys,RC Car,1,31.06,0.0,0.0,31.06,31.06,Organic Search,Debit Card,Cancelled
ORD001429,CUST00424,USA,2025-02-09 01:00:00,Electronics,Wireless Earbuds,1,79.22,0.0,0.0,79.22,79.22,Paid Ads,Debit Card,Completed
ORD001430,CUST00962,UK,2024-06-15 13:00:00,Clothing,T-Shirt,1,10.08,0.0,0.0,10.08,10.08,Social Media,Cash on Delivery,Completed
ORD001431,CUST00430,India,2024-05-05 02:00:00,Electronics,Smartphone Case,1,84.72,0.0,0.0,84.72,84.72,Organic Search,PayPal,Completed
ORD001432,CUST00887,UK,2024-08-08 17:00:00,Clothing,Jeans,1,70.26,0.0,0.0,70.26,70.26,Paid Ads,Cash on Delivery,Completed
ORD001433,CUST00908,India,2024-09-17 18:00:00,Books,Comic,2,9.51,15.0,2.85,19.02,16.17,Direct,PayPal,Completed
ORD001434,CUST00217,India,2024-10-09 08:00:00,Beauty,Lipstick,1,57.2,5.0,2.86,57.2,54.34,Paid Ads,Cash on Delivery,Completed
ORD001435,CUST01231,Canada,2025-03-17 02:00:00,Beauty,Perfume,1,46.5,0.0,0.0,46.5,46.5,Email,Cash on Delivery,Completed
ORD001436,CUST01457,UK,2024-04-12 06:00:00,Home & Kitchen,Coffee Maker,1,14.22,0.0,0.0,14.22,14.22,Social Media,Credit Card,Completed
ORD001437,CUST00607,India,2025-04-15 08:00:00,Clothing,Jacket,1,72.16,0.0,0.0,72.16,72.16,Direct,Cash on Delivery,Completed
ORD001438,CUST01135,UK,2024-09-16 09:00:00,Home & Kitchen,Coffee Maker,1,35.71,5.0,1.79,35.71,33.92,Paid Ads,Credit Card,Completed
ORD001439,CUST00022,India,2024-01-15 20:00:00,Beauty,Face Cream,1,39.97,0.0,0.0,39.97,39.97,Social Media,UPI,Completed
ORD001440,CUST00438,Canada,2024-05-03 12:00:00,Beauty,Lipstick,1,44.24,0.0,0.0,44.24,44.24,Paid Ads,Cash on Delivery,Completed
ORD001441,CUST01430,Canada,2024-03-09 17:00:00,Clothing,Jacket,1,35.0,5.0,1.75,35.0,33.25,Organic Search,PayPal,Cancelled
ORD001442,CUST00818,USA,2024-07-04 04:00:00,Clothing,T-Shirt,1,38.37,0.0,0.0,38.37,38.37,Email,PayPal,Completed
ORD001443,CUST00256,USA,2025-02-12 21:00:00,Clothing,Sneakers,1,33.24,0.0,0.0,33.24,33.24,Social Media,PayPal,Completed
ORD001444,CUST01264,USA,2024-07-09 16:00:00,Clothing,Jeans,3,11.91,15.0,5.36,35.73,30.37,Direct,Cash on Delivery,Completed
ORD001445,CUST01431,USA,2024-01-22 10:00:00,Sports,Dumbbells,1,61.82,5.0,3.09,61.82,58.73,Social Media,Debit Card,Completed
ORD001446,CUST00083,India,2024-04-24 12:00:00,Sports,Water Bottle,2,38.51,0.0,0.0,77.02,77.02,Social Media,UPI,Completed
ORD001447,CUST01385,UK,2024-08-03 19:00:00,Clothing,Hoodie,2,45.07,20.0,18.03,90.14,72.11,Organic Search,Debit Card,Completed
ORD001448,CUST01322,India,2024-10-11 10:00:00,Home & Kitchen,Coffee Maker,1,38.07,10.0,3.81,38.07,34.26,Organic Search,UPI,Completed
ORD001449,CUST00887,UK,2024-01-05 05:00:00,Home & Kitchen,Cutlery Set,1,37.63,0.0,0.0,37.63,37.63,Organic Search,PayPal,Completed
ORD001450,CUST01439,India,2024-02-19 04:00:00,Clothing,Hoodie,1,78.5,5.0,3.92,78.5,74.58,Organic Search,UPI,Completed
ORD001451,CUST00608,USA,2024-12-18 00:00:00,Electronics,Bluetooth Speaker,1,100.09,0.0,0.0,100.09,100.09,Paid Ads,PayPal,Cancelled
ORD001452,CUST01274,India,2025-04-23 18:00:00,Books,Self-Help Book,2,27.22,0.0,0.0,54.44,54.44,Social Media,PayPal,Completed
ORD001453,CUST01157,India,2025-05-09 03:00:00,Beauty,Face Cream,1,7.35,20.0,1.47,7.35,5.88,Organic Search,Cash on Delivery,Completed
ORD001454,CUST00528,India,2024-12-06 01:00:00,Sports,Yoga Mat,1,77.61,0.0,0.0,77.61,77.61,Email,UPI,Completed
ORD001455,CUST00087,Germany,2024-03-26 11:00:00,Electronics,USB-C Cable,1,18.47,0.0,0.0,18.47,18.47,Paid Ads,PayPal,Completed
ORD001456,CUST00333,India,2024-11-30 14:00:00,Toys,Board Game,1,44.19,0.0,0.0,44.19,44.19,Paid Ads,PayPal,Completed
ORD001457,CUST01160,India,2024-10-27 22:00:00,Beauty,Sunscreen,1,25.32,20.0,5.06,25.32,20.26,Organic Search,Debit Card,Completed
ORD001458,CUST01273,Germany,2025-01-24 10:00:00,Toys,Action Figure,1,11.13,0.0,0.0,11.13,11.13,Email,PayPal,Cancelled
ORD001459,CUST00452,USA,2024-08-12 20:00:00,Books,Comic,1,28.94,0.0,0.0,28.94,28.94,Email,Cash on Delivery,Completed
ORD001460,CUST00550,Germany,2024-02-06 15:00:00,Electronics,Bluetooth Speaker,1,85.8,0.0,0.0,85.8,85.8,Paid Ads,Credit Card,Completed
ORD001461,CUST00844,Australia,2024-02-15 13:00:00,Electronics,USB-C Cable,1,29.76,10.0,2.98,29.76,26.78,Direct,Cash on Delivery,Completed
ORD001462,CUST01413,India,2024-11-06 13:00:00,Electronics,USB-C Cable,1,123.84,0.0,0.0,123.84,123.84,Direct,UPI,Completed
ORD001463,CUST00808,Australia,2024-02-02 02:00:00,Electronics,Power Bank,2,68.64,0.0,0.0,137.28,137.28,Direct,UPI,Completed
ORD001464,CUST00544,UK,2025-03-21 20:00:00,Electronics,USB-C Cable,1,24.98,5.0,1.25,24.98,23.73,Social Media,Cash on Delivery,Completed
ORD001465,CUST01059,USA,2024-12-25 12:00:00,Sports,Dumbbells,2,75.32,0.0,0.0,150.64,150.64,Email,UPI,Completed
ORD001466,CUST00422,Germany,2024-09-16 10:00:00,Clothing,Sneakers,1,53.33,0.0,0.0,53.33,53.33,Organic Search,Cash on Delivery,Cancelled
ORD001467,CUST00488,India,2024-08-01 14:00:00,Electronics,Wireless Earbuds,1,132.02,0.0,0.0,132.02,132.02,Social Media,Debit Card,Completed
ORD001468,CUST00795,India,2024-02-10 03:00:00,Home & Kitchen,Blender,1,81.13,10.0,8.11,81.13,73.02,Organic Search,Credit Card,Completed
ORD001469,CUST00211,USA,2024-09-11 03:00:00,Clothing,T-Shirt,1,37.84,0.0,0.0,37.84,37.84,Email,PayPal,Completed
ORD001470,CUST00729,India,2024-03-24 05:00:00,Electronics,Bluetooth Speaker,2,107.0,0.0,0.0,214.0,214.0,Organic Search,Cash on Delivery,Completed
ORD001471,CUST00306,Australia,2024-01-16 00:00:00,Clothing,T-Shirt,1,38.43,0.0,0.0,38.43,38.43,Email,Debit Card,Completed
ORD001472,CUST00291,India,2024-12-15 15:00:00,Sports,Water Bottle,1,85.09,0.0,0.0,85.09,85.09,Email,PayPal,Completed
ORD001473,CUST01200,India,2025-03-07 15:00:00,Electronics,Power Bank,1,46.86,0.0,0.0,46.86,46.86,Email,UPI,Completed
ORD001474,CUST00524,Canada,2024-06-18 17:00:00,Electronics,Smartphone Case,1,39.93,20.0,7.99,39.93,31.94,Organic Search,UPI,Returned
ORD001475,CUST00425,India,2025-01-01 06:00:00,Clothing,Sneakers,2,43.83,0.0,0.0,87.66,87.66,Organic Search,Credit Card,Completed
ORD001476,CUST00410,India,2024-02-12 03:00:00,Clothing,Jacket,1,56.97,15.0,8.55,56.97,48.42,Social Media,UPI,Completed
ORD001477,CUST00941,India,2024-02-07 17:00:00,Electronics,Power Bank,2,60.23,0.0,0.0,120.46,120.46,Direct,Debit Card,Completed
ORD001478,CUST00031,UK,2025-01-13 17:00:00,Electronics,Power Bank,2,52.07,0.0,0.0,104.14,104.14,Paid Ads,PayPal,Completed
ORD001479,CUST01030,Canada,2025-04-07 12:00:00,Electronics,Wireless Earbuds,2,111.99,5.0,11.2,223.98,212.78,Email,Credit Card,Completed
ORD001480,CUST01257,India,2025-04-07 22:00:00,Home & Kitchen,Coffee Maker,1,78.43,5.0,3.92,78.43,74.51,Direct,PayPal,Completed
ORD001481,CUST01424,India,2025-01-01 22:00:00,Clothing,Hoodie,1,44.41,0.0,0.0,44.41,44.41,Social Media,Credit Card,Completed
ORD001482,CUST00781,UK,2024-05-04 07:00:00,Beauty,Face Cream,1,30.01,20.0,6.0,30.01,24.01,Social Media,Credit Card,Completed
ORD001483,CUST00142,India,2024-01-14 04:00:00,Electronics,Bluetooth Speaker,1,122.84,0.0,0.0,122.84,122.84,Organic Search,UPI,Completed
ORD001484,CUST00540,India,2025-01-21 12:00:00,Home & Kitchen,Storage Box,1,64.88,0.0,0.0,64.88,64.88,Paid Ads,Credit Card,Completed
ORD001485,CUST00239,UK,2024-03-04 17:00:00,Clothing,Sneakers,3,72.89,0.0,0.0,218.67,218.67,Email,UPI,Completed
ORD001486,CUST00555,Canada,2024-12-15 09:00:00,Electronics,Smartphone Case,2,52.16,0.0,0.0,104.32,104.32,Paid Ads,UPI,Completed
ORD001487,CUST01088,India,2025-02-22 11:00:00,Toys,Building Blocks,4,29.45,10.0,11.78,117.8,106.02,Email,Credit Card,Completed
ORD001488,CUST00353,UK,2024-02-11 21:00:00,Home & Kitchen,Coffee Maker,2,75.74,0.0,0.0,151.48,151.48,Paid Ads,UPI,Completed
ORD001489,CUST00173,USA,2024-11-26 16:00:00,Sports,Water Bottle,2,43.57,0.0,0.0,87.14,87.14,Organic Search,Credit Card,Completed
ORD001490,CUST00147,UK,2024-03-26 13:00:00,Sports,Dumbbells,3,51.34,10.0,15.4,154.02,138.62,Email,UPI,Completed
ORD001491,CUST01033,India,2024-09-03 19:00:00,Electronics,Smartphone Case,2,25.77,5.0,2.58,51.54,48.96,Social Media,Credit Card,Cancelled
ORD001492,CUST00778,Germany,2024-02-24 14:00:00,Toys,RC Car,4,9.03,0.0,0.0,36.12,36.12,Organic Search,Credit Card,Completed
ORD001493,CUST00149,India,2024-11-20 05:00:00,Home & Kitchen,Cutlery Set,1,41.8,0.0,0.0,41.8,41.8,Direct,Cash on Delivery,Completed
ORD001494,CUST00406,Canada,2025-04-03 21:00:00,Clothing,Jeans,1,77.91,0.0,0.0,77.91,77.91,Social Media,UPI,Returned
ORD001495,CUST01263,India,2024-05-18 05:00:00,Clothing,Hoodie,2,21.53,0.0,0.0,43.06,43.06,Organic Search,UPI,Completed
ORD001496,CUST01448,Canada,2025-04-23 16:00:00,Home & Kitchen,Cutlery Set,2,90.75,5.0,9.07,181.5,172.43,Paid Ads,UPI,Completed
ORD001497,CUST00575,Canada,2024-02-13 02:00:00,Toys,Board Game,3,44.66,10.0,13.4,133.98,120.58,Direct,Credit Card,Completed
ORD001498,CUST01218,UK,2024-01-10 21:00:00,Clothing,Sneakers,2,70.57,10.0,14.11,141.14,127.03,Social Media,PayPal,Completed
ORD001499,CUST01114,USA,2025-01-08 06:00:00,Beauty,Face Cream,1,58.1,0.0,0.0,58.1,58.1,Social Media,Debit Card,Completed
ORD001500,CUST01444,USA,2024-02-15 06:00:00,Beauty,Lipstick,2,11.15,5.0,1.12,22.3,21.18,Social Media,Credit Card,Completed
ORD001501,CUST00049,USA,2024-07-23 20:00:00,Clothing,T-Shirt,4,76.13,10.0,30.45,304.52,274.07,Direct,UPI,Completed
ORD001502,CUST00774,USA,2025-01-30 17:00:00,Beauty,Lipstick,1,27.79,15.0,4.17,27.79,23.62,Organic Search,Cash on Delivery,Completed
ORD001503,CUST01462,UK,2024-05-25 18:00:00,Electronics,Bluetooth Speaker,1,99.51,0.0,0.0,99.51,99.51,Email,Cash on Delivery,Completed
ORD001504,CUST00844,Australia,2025-02-13 09:00:00,Clothing,Jeans,1,33.71,0.0,0.0,33.71,33.71,Paid Ads,Credit Card,Completed
ORD001505,CUST00909,India,2024-10-26 16:00:00,Books,Novel,1,27.21,0.0,0.0,27.21,27.21,Organic Search,Cash on Delivery,Completed
ORD001506,CUST01138,USA,2024-09-01 10:00:00,Electronics,Wireless Earbuds,1,143.87,0.0,0.0,143.87,143.87,Social Media,Credit Card,Completed
ORD001507,CUST00313,India,2024-09-28 11:00:00,Toys,Puzzle,1,38.08,0.0,0.0,38.08,38.08,Social Media,PayPal,Completed
ORD001508,CUST00806,Germany,2024-11-15 15:00:00,Clothing,Sneakers,2,28.11,0.0,0.0,56.22,56.22,Organic Search,Cash on Delivery,Completed
ORD001509,CUST01471,USA,2024-04-19 22:00:00,Clothing,T-Shirt,1,21.11,5.0,1.06,21.11,20.05,Social Media,Debit Card,Completed
ORD001510,CUST01065,USA,2024-11-28 20:00:00,Home & Kitchen,Blender,2,86.06,0.0,0.0,172.12,172.12,Social Media,UPI,Completed
ORD001511,CUST01278,Australia,2024-02-18 21:00:00,Books,Comic,2,9.68,0.0,0.0,19.36,19.36,Organic Search,Debit Card,Completed
ORD001512,CUST01041,USA,2025-01-31 02:00:00,Sports,Yoga Mat,1,18.46,0.0,0.0,18.46,18.46,Social Media,PayPal,Completed
ORD001513,CUST00024,USA,2025-02-20 19:00:00,Clothing,Sneakers,1,47.3,0.0,0.0,47.3,47.3,Organic Search,Credit Card,Completed
ORD001514,CUST01338,UK,2025-02-20 07:00:00,Clothing,Hoodie,1,33.04,0.0,0.0,33.04,33.04,Organic Search,UPI,Completed
ORD001515,CUST01226,UK,2024-06-04 15:00:00,Clothing,Jacket,1,36.07,0.0,0.0,36.07,36.07,Organic Search,PayPal,Completed
ORD001516,CUST00602,India,2024-05-02 07:00:00,Sports,Yoga Mat,2,27.2,0.0,0.0,54.4,54.4,Social Media,Debit Card,Completed
ORD001517,CUST00365,Australia,2024-05-05 06:00:00,Books,Self-Help Book,1,19.65,10.0,1.96,19.65,17.69,Organic Search,UPI,Completed
ORD001518,CUST01051,Canada,2024-09-21 14:00:00,Clothing,Jacket,2,51.3,0.0,0.0,102.6,102.6,Organic Search,UPI,Completed
ORD001519,CUST01053,Australia,2024-06-12 12:00:00,Home & Kitchen,Coffee Maker,1,15.63,0.0,0.0,15.63,15.63,Social Media,PayPal,Completed
ORD001520,CUST01065,USA,2024-04-09 00:00:00,Clothing,Sneakers,2,54.93,0.0,0.0,109.86,109.86,Paid Ads,Debit Card,Completed
ORD001521,CUST00174,India,2024-09-14 10:00:00,Books,Novel,1,22.05,0.0,0.0,22.05,22.05,Paid Ads,Cash on Delivery,Completed
ORD001522,CUST01221,Australia,2025-05-10 06:00:00,Sports,Dumbbells,1,56.09,15.0,8.41,56.09,47.68,Email,Debit Card,Completed
ORD001523,CUST01104,Australia,2024-01-14 08:00:00,Home & Kitchen,Coffee Maker,1,13.73,0.0,0.0,13.73,13.73,Social Media,Cash on Delivery,Completed
ORD001524,CUST00069,India,2024-06-14 03:00:00,Electronics,Wireless Earbuds,1,130.18,0.0,0.0,130.18,130.18,Organic Search,PayPal,Completed
ORD001525,CUST01022,India,2025-03-12 16:00:00,Electronics,Wireless Earbuds,1,123.15,0.0,0.0,123.15,123.15,Social Media,Debit Card,Completed
ORD001526,CUST00878,UK,2024-08-26 15:00:00,Sports,Yoga Mat,1,28.26,15.0,4.24,28.26,24.02,Direct,Cash on Delivery,Completed
ORD001527,CUST01117,India,2024-07-29 11:00:00,Toys,Building Blocks,4,17.5,0.0,0.0,70.0,70.0,Direct,Cash on Delivery,Completed
ORD001528,CUST00896,India,2024-05-28 01:00:00,Clothing,Jacket,1,55.2,10.0,5.52,55.2,49.68,Direct,PayPal,Completed
ORD001529,CUST00450,India,2024-07-06 01:00:00,Sports,Dumbbells,1,89.02,0.0,0.0,89.02,89.02,Social Media,Debit Card,Completed
ORD001530,CUST00054,Canada,2024-11-12 11:00:00,Electronics,USB-C Cable,1,107.96,15.0,16.19,107.96,91.77,Organic Search,UPI,Completed
ORD001531,CUST01102,Australia,2024-04-21 13:00:00,Sports,Water Bottle,3,57.29,0.0,0.0,171.87,171.87,Direct,Credit Card,Returned
ORD001532,CUST00040,USA,2025-02-25 02:00:00,Electronics,Smartphone Case,1,43.1,0.0,0.0,43.1,43.1,Paid Ads,Credit Card,Cancelled
ORD001533,CUST00033,India,2024-08-23 04:00:00,Beauty,Perfume,1,38.9,10.0,3.89,38.9,35.01,Direct,UPI,Returned
ORD001534,CUST00878,UK,2024-07-21 21:00:00,Beauty,Shampoo,1,17.36,5.0,0.87,17.36,16.49,Email,Cash on Delivery,Completed
ORD001535,CUST00611,India,2025-02-27 05:00:00,Books,Self-Help Book,1,28.68,0.0,0.0,28.68,28.68,Paid Ads,Cash on Delivery,Completed
ORD001536,CUST01325,Australia,2024-07-23 14:00:00,Electronics,Power Bank,2,138.73,10.0,27.75,277.46,249.71,Organic Search,PayPal,Completed
ORD001537,CUST00642,India,2024-03-22 14:00:00,Books,Novel,2,26.87,0.0,0.0,53.74,53.74,Direct,Credit Card,Completed
ORD001538,CUST00387,India,2024-09-23 06:00:00,Books,Comic,1,20.08,0.0,0.0,20.08,20.08,Social Media,PayPal,Completed
ORD001539,CUST01396,Canada,2024-09-29 05:00:00,Books,Self-Help Book,1,17.77,0.0,0.0,17.77,17.77,Email,PayPal,Completed
ORD001540,CUST00863,USA,2024-06-13 16:00:00,Beauty,Shampoo,1,48.19,5.0,2.41,48.19,45.78,Organic Search,Debit Card,Completed
ORD001541,CUST00833,India,2024-03-18 12:00:00,Clothing,T-Shirt,2,11.4,0.0,0.0,22.8,22.8,Social Media,UPI,Completed
ORD001542,CUST00026,Germany,2024-07-07 16:00:00,Electronics,Smartphone Case,3,91.27,10.0,27.38,273.81,246.43,Social Media,Debit Card,Completed
ORD001543,CUST00230,UK,2024-04-02 15:00:00,Electronics,Power Bank,1,60.39,0.0,0.0,60.39,60.39,Organic Search,Credit Card,Completed
ORD001544,CUST01383,Australia,2024-08-03 09:00:00,Electronics,USB-C Cable,1,146.83,0.0,0.0,146.83,146.83,Social Media,Debit Card,Completed
ORD001545,CUST01071,India,2025-01-02 21:00:00,Home & Kitchen,Blender,1,36.33,10.0,3.63,36.33,32.7,Organic Search,Credit Card,Completed
ORD001546,CUST00671,India,2025-04-24 07:00:00,Clothing,Sneakers,1,10.78,0.0,0.0,10.78,10.78,Email,UPI,Cancelled
ORD001547,CUST01016,Australia,2024-10-22 02:00:00,Home & Kitchen,Blender,2,28.24,0.0,0.0,56.48,56.48,Social Media,PayPal,Completed
ORD001548,CUST00333,India,2024-09-20 02:00:00,Clothing,Hoodie,1,32.39,0.0,0.0,32.39,32.39,Paid Ads,UPI,Completed
ORD001549,CUST01113,India,2024-05-13 19:00:00,Clothing,T-Shirt,1,21.34,0.0,0.0,21.34,21.34,Organic Search,UPI,Cancelled
ORD001550,CUST01335,Australia,2024-06-17 01:00:00,Clothing,Sneakers,1,33.48,0.0,0.0,33.48,33.48,Organic Search,Debit Card,Completed
ORD001551,CUST00996,India,2024-03-03 04:00:00,Clothing,Jeans,1,32.87,0.0,0.0,32.87,32.87,Organic Search,Cash on Delivery,Completed
ORD001552,CUST00439,UK,2024-05-23 05:00:00,Beauty,Perfume,1,11.26,0.0,0.0,11.26,11.26,Paid Ads,Debit Card,Completed
ORD001553,CUST00014,India,2024-08-12 05:00:00,Books,Novel,1,11.34,0.0,0.0,11.34,11.34,Paid Ads,Credit Card,Completed
ORD001554,CUST00133,India,2024-06-15 05:00:00,Books,Comic,2,10.63,0.0,0.0,21.26,21.26,Organic Search,Cash on Delivery,Completed
ORD001555,CUST01010,USA,2025-03-07 21:00:00,Sports,Water Bottle,1,36.05,10.0,3.6,36.05,32.45,Paid Ads,Debit Card,Completed
ORD001556,CUST01196,Canada,2024-10-21 11:00:00,Beauty,Perfume,1,55.59,15.0,8.34,55.59,47.25,Organic Search,Credit Card,Returned
ORD001557,CUST01294,UK,2024-04-27 09:00:00,Clothing,T-Shirt,1,23.43,0.0,0.0,23.43,23.43,Organic Search,Debit Card,Completed
ORD001558,CUST01175,UK,2024-08-26 01:00:00,Home & Kitchen,Cutlery Set,1,94.88,0.0,0.0,94.88,94.88,Paid Ads,Cash on Delivery,Completed
ORD001559,CUST01411,India,2025-04-24 13:00:00,Electronics,Power Bank,1,60.81,0.0,0.0,60.81,60.81,Social Media,Credit Card,Completed
ORD001560,CUST00184,Canada,2024-02-19 10:00:00,Home & Kitchen,Bed Sheets,3,75.95,5.0,11.39,227.85,216.46,Organic Search,Debit Card,Completed
ORD001561,CUST00304,UK,2024-08-16 06:00:00,Electronics,Bluetooth Speaker,1,133.93,0.0,0.0,133.93,133.93,Organic Search,Cash on Delivery,Completed
ORD001562,CUST00050,India,2024-08-01 20:00:00,Beauty,Lipstick,1,59.84,15.0,8.98,59.84,50.86,Paid Ads,PayPal,Returned
ORD001563,CUST01030,Canada,2024-10-21 13:00:00,Beauty,Sunscreen,1,9.73,0.0,0.0,9.73,9.73,Paid Ads,Debit Card,Completed
ORD001564,CUST00222,USA,2024-08-07 00:00:00,Clothing,Jeans,2,45.6,0.0,0.0,91.2,91.2,Social Media,PayPal,Completed
ORD001565,CUST00266,Germany,2024-03-06 00:00:00,Clothing,Sneakers,1,32.15,0.0,0.0,32.15,32.15,Paid Ads,PayPal,Completed
ORD001566,CUST00608,USA,2025-05-05 18:00:00,Home & Kitchen,Storage Box,1,31.87,5.0,1.59,31.87,30.28,Paid Ads,Cash on Delivery,Returned
ORD001567,CUST00090,USA,2024-03-24 06:00:00,Clothing,Sneakers,1,56.85,0.0,0.0,56.85,56.85,Organic Search,Cash on Delivery,Completed
ORD001568,CUST01090,India,2025-01-13 07:00:00,Toys,Action Figure,1,29.12,0.0,0.0,29.12,29.12,Social Media,PayPal,Completed
ORD001569,CUST01079,India,2024-11-14 08:00:00,Electronics,Power Bank,2,126.14,0.0,0.0,252.28,252.28,Social Media,Cash on Delivery,Completed
ORD001570,CUST00368,Canada,2025-03-16 18:00:00,Toys,Building Blocks,1,26.44,0.0,0.0,26.44,26.44,Paid Ads,UPI,Completed
ORD001571,CUST00324,India,2025-02-20 09:00:00,Beauty,Sunscreen,2,30.64,5.0,3.06,61.28,58.22,Paid Ads,PayPal,Completed
ORD001572,CUST01439,India,2024-03-28 01:00:00,Beauty,Shampoo,2,16.52,0.0,0.0,33.04,33.04,Paid Ads,Cash on Delivery,Completed
ORD001573,CUST00224,USA,2025-05-06 18:00:00,Beauty,Perfume,1,48.83,0.0,0.0,48.83,48.83,Email,PayPal,Cancelled
ORD001574,CUST00566,USA,2025-03-25 05:00:00,Beauty,Face Cream,1,41.17,10.0,4.12,41.17,37.05,Social Media,PayPal,Completed
ORD001575,CUST00252,USA,2024-02-08 13:00:00,Clothing,Hoodie,2,51.3,0.0,0.0,102.6,102.6,Email,UPI,Cancelled
ORD001576,CUST00700,USA,2025-03-17 02:00:00,Books,Novel,1,6.43,0.0,0.0,6.43,6.43,Social Media,Debit Card,Completed
ORD001577,CUST00981,India,2024-11-28 18:00:00,Electronics,USB-C Cable,1,68.42,0.0,0.0,68.42,68.42,Organic Search,PayPal,Completed
ORD001578,CUST00732,Germany,2024-12-09 01:00:00,Home & Kitchen,Coffee Maker,1,84.97,0.0,0.0,84.97,84.97,Paid Ads,UPI,Completed
ORD001579,CUST00007,India,2024-12-28 21:00:00,Clothing,Jacket,2,56.68,0.0,0.0,113.36,113.36,Paid Ads,Credit Card,Completed
ORD001580,CUST01351,Canada,2024-08-30 16:00:00,Clothing,Jeans,1,71.0,0.0,0.0,71.0,71.0,Social Media,UPI,Completed
ORD001581,CUST01207,UK,2024-09-27 06:00:00,Electronics,Smartphone Case,4,73.82,0.0,0.0,295.28,295.28,Email,UPI,Completed
ORD001582,CUST01302,Australia,2024-06-22 03:00:00,Toys,Action Figure,2,21.97,0.0,0.0,43.94,43.94,Organic Search,UPI,Cancelled
ORD001583,CUST01116,USA,2024-05-19 02:00:00,Clothing,T-Shirt,1,71.02,0.0,0.0,71.02,71.02,Organic Search,UPI,Completed
ORD001584,CUST00222,USA,2024-04-05 14:00:00,Home & Kitchen,Cutlery Set,1,24.64,0.0,0.0,24.64,24.64,Email,Credit Card,Completed
ORD001585,CUST00657,India,2024-07-16 12:00:00,Books,Novel,1,14.38,0.0,0.0,14.38,14.38,Paid Ads,Cash on Delivery,Completed
ORD001586,CUST00274,Canada,2024-11-25 21:00:00,Clothing,Hoodie,1,18.1,10.0,1.81,18.1,16.29,Email,Debit Card,Completed
ORD001587,CUST01193,India,2025-03-15 07:00:00,Sports,Water Bottle,2,14.49,0.0,0.0,28.98,28.98,Social Media,Cash on Delivery,Completed
ORD001588,CUST00457,India,2024-11-21 10:00:00,Clothing,Hoodie,4,39.83,0.0,0.0,159.32,159.32,Paid Ads,UPI,Completed
ORD001589,CUST00098,USA,2024-12-23 06:00:00,Home & Kitchen,Coffee Maker,1,51.08,10.0,5.11,51.08,45.97,Email,PayPal,Completed
ORD001590,CUST00135,Australia,2024-05-17 20:00:00,Electronics,Bluetooth Speaker,2,87.97,10.0,17.59,175.94,158.35,Email,Debit Card,Completed
ORD001591,CUST01385,UK,2025-03-09 15:00:00,Electronics,Smartphone Case,2,111.82,0.0,0.0,223.64,223.64,Organic Search,UPI,Completed
ORD001592,CUST00281,Canada,2024-06-16 06:00:00,Books,Comic,2,8.82,0.0,0.0,17.64,17.64,Organic Search,Debit Card,Completed
ORD001593,CUST00750,UK,2024-01-13 21:00:00,Electronics,Wireless Earbuds,1,61.13,10.0,6.11,61.13,55.02,Organic Search,UPI,Completed
ORD001594,CUST01458,UK,2024-05-06 16:00:00,Sports,Yoga Mat,2,65.73,0.0,0.0,131.46,131.46,Social Media,PayPal,Completed
ORD001595,CUST00709,India,2024-03-15 17:00:00,Beauty,Face Cream,1,22.79,10.0,2.28,22.79,20.51,Paid Ads,PayPal,Completed
ORD001596,CUST01290,India,2024-02-20 08:00:00,Electronics,Bluetooth Speaker,1,31.41,0.0,0.0,31.41,31.41,Organic Search,UPI,Completed
ORD001597,CUST01355,USA,2024-09-20 15:00:00,Home & Kitchen,Storage Box,1,71.82,20.0,14.36,71.82,57.46,Organic Search,Debit Card,Completed
ORD001598,CUST00961,India,2025-03-16 03:00:00,Books,Self-Help Book,1,19.78,0.0,0.0,19.78,19.78,Paid Ads,Debit Card,Completed
ORD001599,CUST00293,Canada,2024-09-30 04:00:00,Clothing,Jeans,1,12.97,10.0,1.3,12.97,11.67,Email,Debit Card,Completed
ORD001600,CUST00972,Australia,2025-02-03 04:00:00,Home & Kitchen,Bed Sheets,1,60.76,0.0,0.0,60.76,60.76,Social Media,Cash on Delivery,Completed
ORD001601,CUST00100,India,2024-11-18 04:00:00,Books,Self-Help Book,1,21.81,0.0,0.0,21.81,21.81,Organic Search,Credit Card,Completed
ORD001602,CUST00069,India,2025-04-21 09:00:00,Books,Novel,2,11.25,0.0,0.0,22.5,22.5,Organic Search,Debit Card,Completed
ORD001603,CUST00560,UK,2024-10-11 19:00:00,Home & Kitchen,Blender,2,14.34,10.0,2.87,28.68,25.81,Paid Ads,Debit Card,Completed
ORD001604,CUST00255,India,2024-12-15 19:00:00,Electronics,Smartphone Case,2,50.9,0.0,0.0,101.8,101.8,Organic Search,UPI,Completed
ORD001605,CUST01243,Germany,2024-04-14 08:00:00,Beauty,Lipstick,1,58.9,0.0,0.0,58.9,58.9,Email,UPI,Completed
ORD001606,CUST01255,UK,2024-09-20 00:00:00,Home & Kitchen,Coffee Maker,3,95.38,0.0,0.0,286.14,286.14,Organic Search,Debit Card,Completed
ORD001607,CUST00310,India,2024-05-23 12:00:00,Books,Comic,2,9.73,10.0,1.95,19.46,17.51,Paid Ads,PayPal,Completed
ORD001608,CUST01276,India,2024-02-29 10:00:00,Beauty,Sunscreen,1,20.2,15.0,3.03,20.2,17.17,Organic Search,PayPal,Completed
ORD001609,CUST01027,Canada,2024-06-22 20:00:00,Toys,Building Blocks,1,16.27,0.0,0.0,16.27,16.27,Social Media,PayPal,Completed
ORD001610,CUST00400,Germany,2024-08-01 10:00:00,Clothing,Jeans,1,38.79,0.0,0.0,38.79,38.79,Paid Ads,PayPal,Completed
ORD001611,CUST00458,USA,2024-10-13 03:00:00,Home & Kitchen,Storage Box,1,25.2,0.0,0.0,25.2,25.2,Paid Ads,Credit Card,Completed
ORD001612,CUST00884,India,2024-07-05 20:00:00,Electronics,Bluetooth Speaker,3,145.26,0.0,0.0,435.78,435.78,Organic Search,PayPal,Completed
ORD001613,CUST01045,Canada,2025-02-04 06:00:00,Home & Kitchen,Bed Sheets,1,54.3,0.0,0.0,54.3,54.3,Social Media,Credit Card,Completed
ORD001614,CUST00724,Germany,2025-03-07 00:00:00,Electronics,Power Bank,3,16.77,0.0,0.0,50.31,50.31,Organic Search,UPI,Completed
ORD001615,CUST01330,USA,2025-03-04 12:00:00,Clothing,Hoodie,1,48.69,0.0,0.0,48.69,48.69,Social Media,Debit Card,Returned
ORD001616,CUST00222,USA,2024-01-15 08:00:00,Home & Kitchen,Bed Sheets,1,35.51,20.0,7.1,35.51,28.41,Organic Search,UPI,Completed
ORD001617,CUST00715,India,2024-04-22 11:00:00,Home & Kitchen,Storage Box,1,98.26,0.0,0.0,98.26,98.26,Social Media,UPI,Completed
ORD001618,CUST00504,Germany,2025-02-14 17:00:00,Home & Kitchen,Coffee Maker,1,17.17,0.0,0.0,17.17,17.17,Direct,PayPal,Completed
ORD001619,CUST01104,Australia,2024-01-23 09:00:00,Electronics,Wireless Earbuds,1,95.62,20.0,19.12,95.62,76.5,Organic Search,UPI,Completed
ORD001620,CUST00184,Canada,2025-04-12 21:00:00,Home & Kitchen,Bed Sheets,1,94.09,0.0,0.0,94.09,94.09,Paid Ads,Credit Card,Completed
ORD001621,CUST01052,USA,2024-09-13 01:00:00,Home & Kitchen,Coffee Maker,1,99.45,0.0,0.0,99.45,99.45,Social Media,PayPal,Completed
ORD001622,CUST01186,Australia,2024-05-10 09:00:00,Books,Self-Help Book,1,18.45,0.0,0.0,18.45,18.45,Paid Ads,PayPal,Completed
ORD001623,CUST00468,Canada,2025-01-26 03:00:00,Books,Self-Help Book,1,14.58,0.0,0.0,14.58,14.58,Social Media,Cash on Delivery,Completed
ORD001624,CUST01496,UK,2025-01-26 10:00:00,Electronics,Smartphone Case,1,94.74,5.0,4.74,94.74,90.0,Paid Ads,Credit Card,Completed
ORD001625,CUST01038,Germany,2024-08-22 03:00:00,Electronics,Smartphone Case,1,100.52,0.0,0.0,100.52,100.52,Email,Cash on Delivery,Completed
ORD001626,CUST00630,India,2024-12-26 05:00:00,Electronics,Power Bank,1,23.1,0.0,0.0,23.1,23.1,Paid Ads,UPI,Completed
ORD001627,CUST00923,Canada,2024-09-14 03:00:00,Books,Novel,1,29.76,5.0,1.49,29.76,28.27,Organic Search,PayPal,Completed
ORD001628,CUST01097,India,2024-05-12 21:00:00,Home & Kitchen,Bed Sheets,2,70.0,20.0,28.0,140.0,112.0,Social Media,UPI,Completed
ORD001629,CUST01370,India,2024-11-29 08:00:00,Clothing,T-Shirt,1,44.04,10.0,4.4,44.04,39.64,Paid Ads,Debit Card,Completed
ORD001630,CUST00425,India,2025-03-04 20:00:00,Beauty,Lipstick,2,58.81,5.0,5.88,117.62,111.74,Email,Cash on Delivery,Completed
ORD001631,CUST00238,India,2024-10-06 05:00:00,Toys,Puzzle,1,31.9,0.0,0.0,31.9,31.9,Paid Ads,PayPal,Returned
ORD001632,CUST00180,India,2025-02-10 06:00:00,Clothing,Hoodie,1,17.46,20.0,3.49,17.46,13.97,Organic Search,Credit Card,Completed
ORD001633,CUST01011,India,2025-05-10 08:00:00,Electronics,Wireless Earbuds,1,85.73,5.0,4.29,85.73,81.44,Paid Ads,UPI,Completed
ORD001634,CUST00648,UK,2024-09-17 11:00:00,Beauty,Perfume,1,24.81,0.0,0.0,24.81,24.81,Social Media,Cash on Delivery,Cancelled
ORD001635,CUST00206,India,2024-07-29 18:00:00,Clothing,Hoodie,2,64.1,0.0,0.0,128.2,128.2,Social Media,Debit Card,Completed
ORD001636,CUST01344,Germany,2024-04-14 09:00:00,Sports,Resistance Bands,1,43.07,0.0,0.0,43.07,43.07,Email,Debit Card,Completed
ORD001637,CUST01117,India,2024-02-26 16:00:00,Books,Cookbook,1,24.5,0.0,0.0,24.5,24.5,Email,UPI,Completed
ORD001638,CUST00222,USA,2024-04-09 11:00:00,Books,Self-Help Book,1,25.31,0.0,0.0,25.31,25.31,Organic Search,Cash on Delivery,Returned
ORD001639,CUST01232,India,2024-03-06 15:00:00,Clothing,Hoodie,1,30.73,10.0,3.07,30.73,27.66,Paid Ads,UPI,Completed
ORD001640,CUST01455,India,2024-06-05 06:00:00,Home & Kitchen,Storage Box,2,88.2,0.0,0.0,176.4,176.4,Organic Search,Debit Card,Completed
ORD001641,CUST00449,USA,2025-02-07 18:00:00,Electronics,Smartphone Case,1,149.25,0.0,0.0,149.25,149.25,Social Media,PayPal,Completed
ORD001642,CUST01286,USA,2025-02-12 15:00:00,Beauty,Face Cream,3,16.76,0.0,0.0,50.28,50.28,Email,PayPal,Completed
ORD001643,CUST00365,Australia,2024-04-23 06:00:00,Electronics,Smartphone Case,1,19.11,0.0,0.0,19.11,19.11,Paid Ads,Cash on Delivery,Completed
ORD001644,CUST00072,India,2024-04-02 16:00:00,Beauty,Face Cream,1,38.84,0.0,0.0,38.84,38.84,Paid Ads,UPI,Completed
ORD001645,CUST01454,USA,2024-08-16 03:00:00,Sports,Running Shoes,1,50.14,15.0,7.52,50.14,42.62,Paid Ads,Debit Card,Completed
ORD001646,CUST00131,USA,2025-03-27 21:00:00,Books,Biography,1,11.08,0.0,0.0,11.08,11.08,Organic Search,UPI,Completed
ORD001647,CUST01159,Canada,2024-06-06 06:00:00,Clothing,Jacket,1,67.56,5.0,3.38,67.56,64.18,Direct,PayPal,Completed
ORD001648,CUST00917,India,2024-05-31 19:00:00,Sports,Water Bottle,1,12.7,0.0,0.0,12.7,12.7,Paid Ads,Credit Card,Cancelled
ORD001649,CUST00978,India,2024-05-10 01:00:00,Clothing,T-Shirt,2,32.87,0.0,0.0,65.74,65.74,Social Media,Credit Card,Completed
ORD001650,CUST00593,India,2024-12-18 03:00:00,Home & Kitchen,Bed Sheets,1,40.7,20.0,8.14,40.7,32.56,Social Media,Cash on Delivery,Completed
ORD001651,CUST00974,India,2024-03-21 20:00:00,Home & Kitchen,Bed Sheets,1,80.09,0.0,0.0,80.09,80.09,Social Media,UPI,Completed
ORD001652,CUST00911,USA,2024-07-27 04:00:00,Clothing,Sneakers,1,71.59,5.0,3.58,71.59,68.01,Paid Ads,UPI,Completed
ORD001653,CUST01058,USA,2024-04-29 15:00:00,Electronics,Bluetooth Speaker,3,74.02,0.0,0.0,222.06,222.06,Direct,PayPal,Completed
ORD001654,CUST01354,Germany,2024-07-18 19:00:00,Beauty,Lipstick,1,24.64,0.0,0.0,24.64,24.64,Direct,UPI,Completed
ORD001655,CUST00390,Germany,2024-12-10 00:00:00,Toys,Board Game,1,36.96,0.0,0.0,36.96,36.96,Direct,PayPal,Completed
ORD001656,CUST00030,India,2024-05-07 22:00:00,Clothing,Jacket,1,27.04,0.0,0.0,27.04,27.04,Social Media,UPI,Completed
ORD001657,CUST00838,USA,2024-05-10 10:00:00,Sports,Resistance Bands,1,65.67,0.0,0.0,65.67,65.67,Social Media,Cash on Delivery,Completed
ORD001658,CUST00532,Australia,2024-09-29 07:00:00,Electronics,Bluetooth Speaker,2,98.09,15.0,29.43,196.18,166.75,Social Media,Debit Card,Completed
ORD001659,CUST01051,Canada,2024-12-08 14:00:00,Beauty,Shampoo,1,14.63,0.0,0.0,14.63,14.63,Direct,Credit Card,Completed
ORD001660,CUST00326,Germany,2024-03-13 00:00:00,Electronics,USB-C Cable,4,123.01,5.0,24.6,492.04,467.44,Paid Ads,Credit Card,Cancelled
ORD001661,CUST00203,India,2024-08-18 22:00:00,Home & Kitchen,Coffee Maker,1,67.68,5.0,3.38,67.68,64.3,Paid Ads,UPI,Completed
ORD001662,CUST00511,UK,2024-07-25 01:00:00,Beauty,Perfume,1,35.87,10.0,3.59,35.87,32.28,Direct,Debit Card,Completed
ORD001663,CUST00350,UK,2024-09-09 02:00:00,Sports,Resistance Bands,3,62.73,5.0,9.41,188.19,178.78,Organic Search,PayPal,Completed
ORD001664,CUST00184,Canada,2024-04-03 02:00:00,Electronics,Smartphone Case,1,18.27,0.0,0.0,18.27,18.27,Social Media,Debit Card,Completed
ORD001665,CUST00139,USA,2024-07-15 02:00:00,Electronics,Power Bank,3,77.45,10.0,23.24,232.35,209.11,Direct,Cash on Delivery,Completed
ORD001666,CUST00330,India,2025-04-03 06:00:00,Toys,RC Car,1,39.66,0.0,0.0,39.66,39.66,Paid Ads,PayPal,Completed
ORD001667,CUST00132,India,2025-03-05 08:00:00,Electronics,Smartphone Case,1,46.57,0.0,0.0,46.57,46.57,Direct,UPI,Completed
ORD001668,CUST00453,USA,2024-07-26 06:00:00,Beauty,Sunscreen,1,42.06,0.0,0.0,42.06,42.06,Organic Search,Cash on Delivery,Completed
ORD001669,CUST00885,Germany,2024-02-11 10:00:00,Beauty,Perfume,1,53.82,5.0,2.69,53.82,51.13,Email,Cash on Delivery,Completed
ORD001670,CUST00734,USA,2024-08-03 20:00:00,Beauty,Sunscreen,1,14.27,0.0,0.0,14.27,14.27,Organic Search,Credit Card,Completed
ORD001671,CUST00793,USA,2025-02-15 00:00:00,Clothing,Jacket,2,63.48,10.0,12.7,126.96,114.26,Organic Search,Credit Card,Completed
ORD001672,CUST00936,India,2024-09-04 05:00:00,Electronics,USB-C Cable,1,51.87,15.0,7.78,51.87,44.09,Email,UPI,Completed
ORD001673,CUST01183,UK,2024-03-16 14:00:00,Home & Kitchen,Blender,1,68.99,15.0,10.35,68.99,58.64,Email,Debit Card,Completed
ORD001674,CUST00296,USA,2024-01-26 22:00:00,Home & Kitchen,Storage Box,1,33.14,20.0,6.63,33.14,26.51,Paid Ads,PayPal,Completed
ORD001675,CUST01367,UK,2024-01-16 13:00:00,Clothing,T-Shirt,1,21.83,0.0,0.0,21.83,21.83,Paid Ads,UPI,Completed
ORD001676,CUST00075,UK,2025-02-18 04:00:00,Clothing,Sneakers,1,30.43,0.0,0.0,30.43,30.43,Organic Search,Credit Card,Completed
ORD001677,CUST01281,UK,2024-05-08 07:00:00,Home & Kitchen,Storage Box,2,12.63,0.0,0.0,25.26,25.26,Organic Search,Credit Card,Cancelled
ORD001678,CUST00824,USA,2024-05-05 10:00:00,Beauty,Face Cream,1,30.05,0.0,0.0,30.05,30.05,Organic Search,Credit Card,Completed
ORD001679,CUST00845,India,2024-04-13 15:00:00,Beauty,Face Cream,2,27.26,5.0,2.73,54.52,51.79,Organic Search,Credit Card,Completed
ORD001680,CUST00760,Germany,2024-07-07 02:00:00,Electronics,Wireless Earbuds,2,107.76,0.0,0.0,215.52,215.52,Paid Ads,Credit Card,Completed
ORD001681,CUST00429,USA,2025-04-22 11:00:00,Electronics,Bluetooth Speaker,1,54.44,0.0,0.0,54.44,54.44,Social Media,Credit Card,Completed
ORD001682,CUST00361,USA,2024-01-01 09:00:00,Beauty,Face Cream,2,17.58,0.0,0.0,35.16,35.16,Paid Ads,Credit Card,Completed
ORD001683,CUST01092,UK,2024-07-10 02:00:00,Home & Kitchen,Bed Sheets,2,31.13,20.0,12.45,62.26,49.81,Email,UPI,Completed
ORD001684,CUST00336,India,2025-01-27 04:00:00,Electronics,Wireless Earbuds,4,62.03,0.0,0.0,248.12,248.12,Direct,PayPal,Completed
ORD001685,CUST00014,India,2024-07-21 01:00:00,Beauty,Face Cream,1,8.55,10.0,0.86,8.55,7.69,Social Media,Debit Card,Completed
ORD001686,CUST00974,India,2024-09-08 16:00:00,Sports,Yoga Mat,1,34.54,5.0,1.73,34.54,32.81,Direct,Credit Card,Completed
ORD001687,CUST01033,India,2025-01-13 01:00:00,Books,Biography,1,23.89,0.0,0.0,23.89,23.89,Email,PayPal,Completed
ORD001688,CUST00710,UK,2024-07-07 07:00:00,Toys,RC Car,1,38.59,10.0,3.86,38.59,34.73,Organic Search,PayPal,Completed
ORD001689,CUST00113,Australia,2024-09-15 07:00:00,Home & Kitchen,Bed Sheets,1,22.51,0.0,0.0,22.51,22.51,Organic Search,Debit Card,Completed
ORD001690,CUST01114,USA,2025-02-13 05:00:00,Toys,RC Car,1,47.12,0.0,0.0,47.12,47.12,Email,Cash on Delivery,Completed
ORD001691,CUST00506,India,2024-07-08 05:00:00,Toys,Puzzle,1,14.22,0.0,0.0,14.22,14.22,Organic Search,Credit Card,Completed
ORD001692,CUST01247,India,2024-02-13 19:00:00,Home & Kitchen,Coffee Maker,1,14.79,5.0,0.74,14.79,14.05,Organic Search,Debit Card,Completed
ORD001693,CUST01465,Australia,2024-03-23 04:00:00,Clothing,Sneakers,1,63.66,10.0,6.37,63.66,57.29,Email,PayPal,Completed
ORD001694,CUST00769,India,2024-05-12 18:00:00,Books,Comic,2,7.05,0.0,0.0,14.1,14.1,Email,Credit Card,Completed
ORD001695,CUST00432,Germany,2025-02-17 16:00:00,Sports,Resistance Bands,1,50.63,0.0,0.0,50.63,50.63,Social Media,Debit Card,Completed
ORD001696,CUST00825,USA,2024-08-18 12:00:00,Clothing,Sneakers,2,59.01,10.0,11.8,118.02,106.22,Organic Search,Credit Card,Completed
ORD001697,CUST00273,Canada,2024-01-20 05:00:00,Beauty,Shampoo,1,10.27,0.0,0.0,10.27,10.27,Organic Search,UPI,Completed
ORD001698,CUST00509,Australia,2024-03-24 16:00:00,Books,Self-Help Book,1,9.02,0.0,0.0,9.02,9.02,Direct,Credit Card,Completed
ORD001699,CUST00499,Australia,2025-03-16 04:00:00,Electronics,Power Bank,4,84.88,0.0,0.0,339.52,339.52,Direct,Debit Card,Completed
ORD001700,CUST00201,UK,2025-01-09 07:00:00,Clothing,Hoodie,1,29.11,20.0,5.82,29.11,23.29,Email,PayPal,Returned
ORD001701,CUST00768,Canada,2025-04-04 03:00:00,Home & Kitchen,Bed Sheets,2,30.71,20.0,12.28,61.42,49.14,Social Media,Debit Card,Completed
ORD001702,CUST01171,UK,2024-10-26 00:00:00,Home & Kitchen,Blender,2,20.36,5.0,2.04,40.72,38.68,Paid Ads,UPI,Returned
ORD001703,CUST00211,USA,2024-05-11 13:00:00,Electronics,Power Bank,1,45.64,0.0,0.0,45.64,45.64,Paid Ads,PayPal,Completed
ORD001704,CUST01425,Australia,2024-11-10 05:00:00,Electronics,Bluetooth Speaker,1,100.83,5.0,5.04,100.83,95.79,Email,UPI,Completed
ORD001705,CUST00282,India,2025-02-16 12:00:00,Toys,RC Car,1,9.73,0.0,0.0,9.73,9.73,Organic Search,Credit Card,Completed
ORD001706,CUST00458,USA,2025-04-22 18:00:00,Books,Biography,1,28.77,0.0,0.0,28.77,28.77,Paid Ads,Debit Card,Completed
ORD001707,CUST00081,Canada,2024-03-28 08:00:00,Books,Comic,1,8.91,5.0,0.45,8.91,8.46,Social Media,Credit Card,Completed
ORD001708,CUST00155,Australia,2024-11-29 04:00:00,Beauty,Sunscreen,4,24.44,5.0,4.89,97.76,92.87,Organic Search,PayPal,Completed
ORD001709,CUST01109,UK,2024-04-03 15:00:00,Clothing,Jeans,2,62.89,0.0,0.0,125.78,125.78,Paid Ads,UPI,Completed
ORD001710,CUST01270,India,2024-01-04 17:00:00,Home & Kitchen,Storage Box,1,34.69,5.0,1.73,34.69,32.96,Organic Search,UPI,Completed
ORD001711,CUST01090,India,2024-03-06 13:00:00,Clothing,Jacket,2,30.55,0.0,0.0,61.1,61.1,Organic Search,PayPal,Completed
ORD001712,CUST00923,Canada,2024-04-15 01:00:00,Sports,Water Bottle,1,47.05,5.0,2.35,47.05,44.7,Organic Search,Debit Card,Completed
ORD001713,CUST00425,India,2024-09-24 01:00:00,Clothing,T-Shirt,1,17.08,0.0,0.0,17.08,17.08,Organic Search,PayPal,Completed
ORD001714,CUST01489,USA,2024-06-09 22:00:00,Beauty,Perfume,1,59.88,0.0,0.0,59.88,59.88,Paid Ads,Cash on Delivery,Completed
ORD001715,CUST00865,USA,2024-06-16 11:00:00,Electronics,Power Bank,1,21.64,0.0,0.0,21.64,21.64,Organic Search,Credit Card,Completed
ORD001716,CUST00334,India,2025-04-15 05:00:00,Toys,Building Blocks,2,45.75,0.0,0.0,91.5,91.5,Organic Search,Credit Card,Completed
ORD001717,CUST01252,USA,2024-04-26 08:00:00,Electronics,USB-C Cable,2,93.76,10.0,18.75,187.52,168.77,Email,UPI,Completed
ORD001718,CUST00239,UK,2024-12-26 17:00:00,Books,Biography,1,27.04,5.0,1.35,27.04,25.69,Email,PayPal,Completed
ORD001719,CUST01392,India,2025-04-11 08:00:00,Electronics,USB-C Cable,1,16.2,0.0,0.0,16.2,16.2,Paid Ads,Debit Card,Completed
ORD001720,CUST00057,India,2024-10-29 06:00:00,Electronics,Power Bank,1,130.47,0.0,0.0,130.47,130.47,Email,PayPal,Completed
ORD001721,CUST00145,India,2025-03-31 09:00:00,Beauty,Lipstick,1,19.98,0.0,0.0,19.98,19.98,Direct,UPI,Completed
ORD001722,CUST00213,UK,2024-02-01 12:00:00,Home & Kitchen,Storage Box,1,36.94,0.0,0.0,36.94,36.94,Organic Search,PayPal,Cancelled
ORD001723,CUST01451,USA,2024-03-14 17:00:00,Sports,Water Bottle,1,40.89,0.0,0.0,40.89,40.89,Organic Search,PayPal,Completed
ORD001724,CUST00990,Germany,2024-12-23 11:00:00,Toys,Puzzle,2,38.95,0.0,0.0,77.9,77.9,Paid Ads,UPI,Completed
ORD001725,CUST00823,India,2025-02-23 04:00:00,Toys,RC Car,2,43.42,0.0,0.0,86.84,86.84,Organic Search,Debit Card,Completed
ORD001726,CUST01012,Australia,2025-02-02 15:00:00,Sports,Yoga Mat,2,81.51,,8.15,163.02,154.87,Paid Ads,UPI,Completed
ORD001727,CUST00792,USA,2024-12-09 00:00:00,Clothing,Hoodie,1,11.67,0.0,0.0,11.67,11.67,Organic Search,UPI,Completed
ORD001728,CUST00898,Canada,2024-09-04 12:00:00,Books,Biography,1,5.75,0.0,0.0,5.75,5.75,Paid Ads,Debit Card,Completed
ORD001729,CUST01008,Canada,2024-11-05 12:00:00,Clothing,Sneakers,1,32.67,10.0,3.27,32.67,29.4,Organic Search,Debit Card,Completed
ORD001730,CUST00525,Canada,2024-06-01 16:00:00,Sports,Running Shoes,2,40.68,10.0,8.14,81.36,73.22,Direct,Debit Card,Completed
ORD001731,CUST00961,India,2025-02-14 14:00:00,Sports,Water Bottle,2,88.96,10.0,17.79,177.92,160.13,Organic Search,Credit Card,Completed
ORD001732,CUST00610,UK,2024-01-11 00:00:00,Beauty,Perfume,1,22.59,0.0,0.0,22.59,22.59,Direct,Credit Card,Completed
ORD001733,CUST01401,India,2024-03-11 08:00:00,Clothing,Jeans,1,26.5,5.0,1.32,26.5,25.18,Organic Search,PayPal,Completed
ORD001734,CUST00497,USA,2025-02-13 10:00:00,Electronics,Bluetooth Speaker,1,104.01,5.0,5.2,104.01,98.81,Paid Ads,PayPal,Returned
ORD001735,CUST00189,USA,2025-03-06 03:00:00,Clothing,Jeans,2,17.75,0.0,0.0,35.5,35.5,Paid Ads,Credit Card,Completed
ORD001736,CUST01215,UK,2024-08-01 07:00:00,Clothing,Jacket,4,68.96,0.0,0.0,275.84,275.84,Social Media,UPI,Completed
ORD001737,CUST00955,USA,2025-02-28 09:00:00,Electronics,Smartphone Case,2,145.56,0.0,0.0,291.12,291.12,Organic Search,Cash on Delivery,Completed
ORD001738,CUST01205,USA,2025-02-02 08:00:00,Clothing,Sneakers,1,44.51,5.0,2.23,44.51,42.28,Social Media,UPI,Completed
ORD001739,CUST00064,USA,2024-02-03 03:00:00,Electronics,Bluetooth Speaker,1,55.81,0.0,0.0,55.81,55.81,Email,Debit Card,Completed
ORD001740,CUST00961,India,2025-04-21 05:00:00,Clothing,Sneakers,3,15.85,0.0,0.0,47.55,47.55,Social Media,Credit Card,Completed
ORD001741,CUST01373,Canada,2024-12-28 15:00:00,Beauty,Face Cream,2,53.96,0.0,0.0,107.92,107.92,Paid Ads,PayPal,Cancelled
ORD001742,CUST00134,India,2024-11-13 11:00:00,Books,Comic,2,6.06,5.0,0.61,12.12,11.51,Email,UPI,Completed
ORD001743,CUST00267,UK,2024-03-05 09:00:00,Toys,Puzzle,1,37.28,10.0,3.73,37.28,33.55,Paid Ads,Debit Card,Completed
ORD001744,CUST00280,Germany,2025-05-06 11:00:00,Electronics,Smartphone Case,2,126.89,0.0,0.0,253.78,253.78,Paid Ads,UPI,Completed
ORD001745,CUST00883,India,2024-09-09 10:00:00,Books,Biography,1,19.26,0.0,0.0,19.26,19.26,Organic Search,Credit Card,Completed
ORD001746,CUST00044,Canada,2024-09-03 01:00:00,Electronics,Bluetooth Speaker,1,125.35,0.0,0.0,125.35,125.35,Paid Ads,UPI,Completed
ORD001747,CUST01406,USA,2025-03-27 01:00:00,Books,Cookbook,3,6.03,5.0,0.9,18.09,17.19,Paid Ads,Credit Card,Completed
ORD001748,CUST00489,Australia,2024-09-18 18:00:00,Home & Kitchen,Storage Box,1,62.64,5.0,3.13,62.64,59.51,Organic Search,Debit Card,Completed
ORD001749,CUST00587,India,2024-06-01 00:00:00,Electronics,Bluetooth Speaker,2,112.83,0.0,0.0,225.66,225.66,Social Media,PayPal,Completed
ORD001750,CUST01425,Australia,2025-02-09 11:00:00,Electronics,Power Bank,2,119.84,20.0,47.94,239.68,191.74,Organic Search,PayPal,Completed
ORD001751,CUST01085,Australia,2024-07-07 19:00:00,Beauty,Sunscreen,1,36.89,0.0,0.0,36.89,36.89,Social Media,PayPal,Completed
ORD001752,CUST00062,India,2024-10-16 07:00:00,Electronics,Power Bank,2,88.31,0.0,0.0,176.62,176.62,Organic Search,UPI,Completed
ORD001753,CUST01491,India,2025-05-05 02:00:00,Electronics,USB-C Cable,1,133.39,0.0,0.0,133.39,133.39,Paid Ads,UPI,Completed
ORD001754,CUST00687,USA,2024-01-18 22:00:00,Home & Kitchen,Cutlery Set,1,25.4,10.0,2.54,25.4,22.86,Paid Ads,PayPal,Completed
ORD001755,CUST00035,Australia,2024-02-21 12:00:00,Beauty,Sunscreen,1,27.93,0.0,0.0,27.93,27.93,Email,Debit Card,Completed
ORD001756,CUST00990,Germany,2024-09-30 14:00:00,Home & Kitchen,Coffee Maker,1,74.44,10.0,7.44,74.44,67.0,Direct,UPI,Completed
ORD001757,CUST00775,Germany,2024-12-23 03:00:00,Electronics,USB-C Cable,1,45.26,20.0,9.05,45.26,36.21,Paid Ads,UPI,Completed
ORD001758,CUST00113,Australia,2024-07-06 03:00:00,Clothing,Jeans,2,72.02,5.0,7.2,144.04,136.84,Paid Ads,Credit Card,Completed
ORD001759,CUST00870,Australia,2025-02-12 00:00:00,Home & Kitchen,Bed Sheets,1,73.66,0.0,0.0,73.66,73.66,Social Media,Cash on Delivery,Completed
ORD001760,CUST01191,India,2025-01-08 15:00:00,Electronics,USB-C Cable,1,39.12,20.0,7.82,39.12,31.3,Organic Search,PayPal,Completed
ORD001761,CUST00356,UK,2024-01-12 22:00:00,Toys,Building Blocks,1,39.62,0.0,0.0,39.62,39.62,Organic Search,Cash on Delivery,Completed
ORD001762,CUST01346,USA,2025-02-25 06:00:00,Clothing,Hoodie,1,43.47,0.0,0.0,43.47,43.47,Organic Search,UPI,Completed
ORD001763,CUST01165,India,2024-01-18 10:00:00,Clothing,T-Shirt,1,60.78,5.0,3.04,60.78,57.74,Email,UPI,Completed
ORD001764,CUST01021,UK,2025-04-09 15:00:00,Electronics,Bluetooth Speaker,2,72.82,20.0,29.13,145.64,116.51,Email,UPI,Cancelled
ORD001765,CUST01397,USA,2024-02-18 17:00:00,Clothing,Hoodie,1,21.99,0.0,0.0,21.99,21.99,Paid Ads,Cash on Delivery,Completed
ORD001766,CUST01186,Australia,2024-01-06 05:00:00,Sports,Water Bottle,1,29.16,0.0,0.0,29.16,29.16,Social Media,UPI,Completed
ORD001767,CUST01033,India,2025-01-29 03:00:00,Beauty,Shampoo,1,59.43,0.0,0.0,59.43,59.43,Social Media,UPI,Returned
ORD001768,CUST01044,UK,2024-12-14 17:00:00,Beauty,Sunscreen,2,14.77,0.0,0.0,29.54,29.54,Email,UPI,Completed
ORD001769,CUST01239,Australia,2024-06-01 02:00:00,Electronics,Power Bank,1,136.05,10.0,13.6,136.05,122.45,Organic Search,Credit Card,Cancelled
ORD001770,CUST00222,USA,2024-03-27 06:00:00,Home & Kitchen,Coffee Maker,1,56.1,0.0,0.0,56.1,56.1,Organic Search,Credit Card,Completed
ORD001771,CUST00621,India,2024-09-03 18:00:00,Home & Kitchen,Bed Sheets,1,12.15,0.0,0.0,12.15,12.15,Organic Search,Debit Card,Completed
ORD001772,CUST01256,USA,2025-05-06 00:00:00,Electronics,Wireless Earbuds,1,138.07,0.0,0.0,138.07,138.07,Paid Ads,Cash on Delivery,Completed
ORD001773,CUST01185,India,2024-09-21 05:00:00,Electronics,USB-C Cable,2,79.99,0.0,0.0,159.98,159.98,Social Media,Cash on Delivery,Completed
ORD001774,CUST00539,USA,2024-10-01 12:00:00,Electronics,USB-C Cable,1,23.6,15.0,3.54,23.6,20.06,Direct,Debit Card,Completed
ORD001775,CUST01215,UK,2024-03-09 05:00:00,Toys,RC Car,1,35.87,0.0,0.0,35.87,35.87,Social Media,PayPal,Completed
ORD001776,CUST00703,India,2024-01-16 10:00:00,Electronics,USB-C Cable,1,79.79,5.0,3.99,79.79,75.8,Email,PayPal,Completed
ORD001777,CUST00703,India,2024-11-28 01:00:00,Books,Biography,1,15.08,0.0,0.0,15.08,15.08,Organic Search,Cash on Delivery,Completed
ORD001778,CUST01497,UK,2024-09-13 18:00:00,Electronics,Wireless Earbuds,1,31.65,5.0,1.58,31.65,30.07,Organic Search,Cash on Delivery,Completed
ORD001779,CUST00870,Australia,2024-08-21 17:00:00,Home & Kitchen,Bed Sheets,1,49.39,5.0,2.47,49.39,46.92,Organic Search,Credit Card,Completed
ORD001780,CUST00274,Canada,2025-05-05 19:00:00,Home & Kitchen,Storage Box,4,70.93,5.0,14.19,283.72,269.53,Social Media,Credit Card,Returned
ORD001781,CUST00328,UK,2024-10-06 19:00:00,Sports,Yoga Mat,1,55.94,0.0,0.0,55.94,55.94,Organic Search,Debit Card,Completed
ORD001782,CUST01414,India,2024-05-04 01:00:00,Beauty,Lipstick,1,39.84,10.0,3.98,39.84,35.86,Paid Ads,PayPal,Completed
ORD001783,CUST00102,UK,2024-02-21 06:00:00,Books,Self-Help Book,1,17.97,5.0,0.9,17.97,17.07,Paid Ads,PayPal,Completed
ORD001784,CUST00969,U.S.A,2024-02-20 22:00:00,Books,Novel,2,7.89,10.0,1.58,15.78,14.2,Social Media,Credit Card,Completed
ORD001785,CUST01067,India,2025-03-29 09:00:00,Electronics,Wireless Earbuds,1,85.07,0.0,0.0,85.07,85.07,Direct,Cash on Delivery,Completed
ORD001786,CUST01443,UK,2025-03-24 01:00:00,Home & Kitchen,Bed Sheets,1,41.09,0.0,0.0,41.09,41.09,Social Media,Credit Card,Returned
ORD001787,CUST01142,India,2025-02-02 04:00:00,Clothing,Sneakers,1,44.0,0.0,0.0,44.0,44.0,Organic Search,UPI,Completed
ORD001788,CUST00761,India,2024-06-21 06:00:00,Electronics,USB-C Cable,1,69.39,0.0,0.0,69.39,69.39,Paid Ads,Credit Card,Completed
ORD001789,CUST00788,USA,2025-03-06 05:00:00,Electronics,Smartphone Case,1,52.75,0.0,0.0,52.75,52.75,Social Media,Credit Card,Completed
ORD001790,CUST00289,India,2025-02-09 06:00:00,Sports,Water Bottle,4,65.43,0.0,0.0,261.72,261.72,Paid Ads,Cash on Delivery,Cancelled
ORD001791,CUST01084,Canada,2024-08-15 20:00:00,Home & Kitchen,Coffee Maker,1,58.18,0.0,0.0,58.18,58.18,Email,Credit Card,Completed
ORD001792,CUST00259,USA,2024-02-12 15:00:00,Clothing,Hoodie,1,18.82,0.0,0.0,18.82,18.82,Social Media,Debit Card,Completed
ORD001793,CUST00702,India,2025-02-04 09:00:00,Books,Biography,1,25.29,0.0,0.0,25.29,25.29,Email,Debit Card,Completed
ORD001794,CUST01032,USA,2025-03-27 05:00:00,Electronics,Power Bank,1,132.04,20.0,26.41,132.04,105.63,Social Media,Debit Card,Completed
ORD001795,CUST01476,UK,2024-01-20 11:00:00,Clothing,Hoodie,1,26.14,20.0,5.23,26.14,20.91,Organic Search,Credit Card,Completed
ORD001796,CUST01313,USA,2025-04-04 09:00:00,Home & Kitchen,Bed Sheets,1,72.06,10.0,7.21,72.06,64.85,Email,Cash on Delivery,Completed
ORD001797,CUST00383,UK,2025-02-12 16:00:00,Electronics,USB-C Cable,1,68.6,0.0,0.0,68.6,68.6,Direct,Credit Card,Completed
ORD001798,CUST00075,UK,2024-02-08 14:00:00,Clothing,Jeans,1,56.07,20.0,11.21,56.07,44.86,Social Media,UPI,Completed
ORD001799,CUST00121,Germany,2024-08-22 22:00:00,Sports,Water Bottle,2,45.0,0.0,0.0,90.0,90.0,Organic Search,UPI,Returned
ORD001800,CUST00344,USA,2024-12-10 13:00:00,Beauty,Face Cream,1,39.3,0.0,0.0,39.3,39.3,Organic Search,Debit Card,Completed
ORD001801,CUST00006,India,2024-12-27 06:00:00,Books,Novel,2,19.04,0.0,0.0,38.08,38.08,Organic Search,Debit Card,Completed
ORD001802,CUST00905,USA,2025-01-16 16:00:00,Electronics,Power Bank,1,38.36,0.0,0.0,38.36,38.36,Social Media,UPI,Completed
ORD001803,CUST00020,India,2024-02-19 13:00:00,Sports,Running Shoes,2,8.44,0.0,0.0,16.88,16.88,Paid Ads,Debit Card,Completed
ORD001804,CUST00689,Germany,2025-05-05 06:00:00,Electronics,Smartphone Case,1,47.42,0.0,0.0,47.42,47.42,Social Media,PayPal,Completed
ORD001805,CUST00434,India,2025-01-01 04:00:00,Toys,RC Car,3,36.12,0.0,0.0,108.36,108.36,Email,Debit Card,Completed
ORD001806,CUST00015,India,2024-06-24 07:00:00,Electronics,Power Bank,1,90.76,0.0,0.0,90.76,90.76,Social Media,Debit Card,Completed
ORD001807,CUST00462,UK,2024-07-23 15:00:00,Clothing,Hoodie,2,19.14,0.0,0.0,38.28,38.28,Paid Ads,Debit Card,Completed
ORD001808,CUST00152,India,2024-05-10 07:00:00,Beauty,Shampoo,1,50.91,0.0,0.0,50.91,50.91,Paid Ads,UPI,Completed
ORD001809,CUST00604,India,2025-01-27 13:00:00,Clothing,Jeans,2,11.39,0.0,0.0,22.78,22.78,Email,UPI,Completed
ORD001810,CUST01483,USA,2024-01-17 10:00:00,Sports,Yoga Mat,2,41.82,0.0,0.0,83.64,83.64,Direct,Credit Card,Completed
ORD001811,CUST00225,India,2025-01-20 12:00:00,Home & Kitchen,Cutlery Set,1,49.83,0.0,0.0,49.83,49.83,Email,UPI,Completed
ORD001812,CUST00922,USA,2024-10-04 11:00:00,Clothing,Sneakers,1,24.82,0.0,0.0,24.82,24.82,Paid Ads,UPI,Completed
ORD001813,CUST01495,UK,2025-01-31 14:00:00,Clothing,Sneakers,2,27.24,0.0,0.0,54.48,54.48,Organic Search,Credit Card,Completed
ORD001814,CUST01365,Germany,2024-12-24 12:00:00,Home & Kitchen,Coffee Maker,2,70.59,0.0,0.0,141.18,141.18,Paid Ads,Credit Card,Completed
ORD001815,CUST01174,India,2024-01-08 14:00:00,Toys,Building Blocks,4,10.87,15.0,6.52,43.48,36.96,Social Media,Debit Card,Completed
ORD001816,CUST01373,Canada,2025-03-02 09:00:00,Electronics,Smartphone Case,2,118.7,0.0,0.0,237.4,237.4,Email,PayPal,Completed
ORD001817,CUST00373,India,2025-03-28 08:00:00,Home & Kitchen,Blender,1,28.13,0.0,0.0,28.13,28.13,Social Media,UPI,Completed
ORD001818,CUST00130,USA,2024-04-01 09:00:00,Toys,Puzzle,1,21.85,5.0,1.09,21.85,20.76,Organic Search,UPI,Completed
ORD001819,CUST00439,UK,2024-06-21 20:00:00,Electronics,Bluetooth Speaker,1,19.44,0.0,0.0,19.44,19.44,Social Media,Credit Card,Completed
ORD001820,CUST01120,India,2025-03-08 05:00:00,Beauty,Perfume,1,5.46,5.0,0.27,5.46,5.19,Paid Ads,UPI,Completed
ORD001821,CUST00441,India,2024-08-20 13:00:00,Toys,Board Game,1,36.23,0.0,0.0,36.23,36.23,Organic Search,Credit Card,Completed
ORD001822,CUST00897,India,2024-12-01 14:00:00,Books,Comic,1,11.44,0.0,0.0,11.44,11.44,Social Media,Debit Card,Completed
ORD001823,CUST00151,Canada,2024-04-11 05:00:00,Sports,Resistance Bands,1,53.51,0.0,0.0,53.51,53.51,Organic Search,Cash on Delivery,Completed
ORD001824,CUST01246,UK,2024-09-05 09:00:00,Clothing,T-Shirt,1,42.29,0.0,0.0,42.29,42.29,Organic Search,Cash on Delivery,Completed
ORD001825,CUST01405,UK,2024-07-24 01:00:00,Beauty,Lipstick,2,43.09,0.0,0.0,86.18,86.18,Organic Search,UPI,Completed
ORD001826,CUST01362,India,2024-04-26 07:00:00,Sports,Dumbbells,2,27.48,15.0,8.24,54.96,46.72,Paid Ads,UPI,Completed
ORD001827,CUST01401,India,2024-07-02 15:00:00,Clothing,Jeans,1,13.51,0.0,0.0,13.51,13.51,Paid Ads,Cash on Delivery,Completed
ORD001828,CUST00455,India,2024-07-23 03:00:00,Toys,RC Car,1,25.99,0.0,0.0,25.99,25.99,Direct,Cash on Delivery,Completed
ORD001829,CUST00588,India,2024-08-20 14:00:00,Clothing,Jacket,2,46.02,0.0,0.0,92.04,92.04,Direct,PayPal,Completed
ORD001830,CUST00032,India,2024-10-18 10:00:00,Sports,Water Bottle,1,68.19,5.0,3.41,68.19,64.78,Paid Ads,Debit Card,Completed
ORD001831,CUST01016,Australia,2024-07-29 10:00:00,Clothing,Jeans,1,77.83,10.0,7.78,77.83,70.05,Social Media,Cash on Delivery,Completed
ORD001832,CUST01043,India,2024-05-08 13:00:00,Sports,Yoga Mat,1,79.93,20.0,15.99,79.93,63.94,Organic Search,UPI,Completed
ORD001833,CUST00893,Canada,2025-03-23 11:00:00,Home & Kitchen,Blender,1,17.62,5.0,0.88,17.62,16.74,Paid Ads,Cash on Delivery,Completed
ORD001834,CUST00575,Canada,2024-08-20 11:00:00,Electronics,Smartphone Case,3,31.24,5.0,4.69,93.72,89.03,Social Media,Credit Card,Completed
ORD001835,CUST00052,Germany,2024-03-10 02:00:00,Clothing,Sneakers,2,70.84,10.0,14.17,141.68,127.51,Social Media,Credit Card,Returned
ORD001836,CUST00516,India,2024-08-04 00:00:00,Electronics,Smartphone Case,4,58.14,5.0,11.63,232.56,220.93,Paid Ads,UPI,Completed
ORD001837,CUST01440,UK,2024-02-08 08:00:00,Sports,Dumbbells,1,15.67,0.0,0.0,15.67,15.67,Organic Search,Debit Card,Completed
ORD001838,CUST01399,UK,2025-04-25 14:00:00,Home & Kitchen,Coffee Maker,2,57.28,0.0,0.0,114.56,114.56,Email,Credit Card,Returned
ORD001839,CUST01468,USA,2024-06-02 22:00:00,Books,Biography,1,23.81,0.0,0.0,23.81,23.81,Social Media,Debit Card,Cancelled
ORD001840,CUST00443,USA,2025-01-03 19:00:00,Clothing,Jacket,1,73.57,0.0,0.0,73.57,73.57,Social Media,UPI,Completed
ORD001841,CUST00433,UK,2024-10-05 12:00:00,Home & Kitchen,Cutlery Set,1,49.18,0.0,0.0,49.18,49.18,Direct,Credit Card,Completed
ORD001842,CUST00414,USA,2024-02-13 15:00:00,Home & Kitchen,Cutlery Set,1,57.66,0.0,0.0,57.66,57.66,Paid Ads,UPI,Completed
ORD001843,CUST00526,USA,2024-05-01 18:00:00,Home & Kitchen,Blender,1,66.11,0.0,0.0,66.11,66.11,Social Media,PayPal,Completed
ORD001844,CUST00180,India,2025-01-16 10:00:00,Clothing,T-Shirt,1,45.3,0.0,0.0,45.3,45.3,Organic Search,PayPal,Completed
ORD001845,CUST01279,India,2024-03-13 04:00:00,Sports,Running Shoes,1,76.72,0.0,0.0,76.72,76.72,Organic Search,Debit Card,Completed
ORD001846,CUST01055,Australia,2024-09-05 10:00:00,Toys,Action Figure,3,15.24,0.0,0.0,45.72,45.72,Paid Ads,Credit Card,Returned
ORD001847,CUST00628,Germany,2024-07-29 03:00:00,Electronics,Wireless Earbuds,1,95.76,0.0,0.0,95.76,95.76,Organic Search,Credit Card,Completed
ORD001848,CUST00024,USA,2024-05-17 00:00:00,Toys,RC Car,1,45.75,5.0,2.29,45.75,43.46,Paid Ads,PayPal,Completed
ORD001849,CUST01492,USA,2025-03-29 12:00:00,Electronics,Bluetooth Speaker,4,56.19,15.0,33.71,224.76,191.05,Organic Search,Debit Card,Completed
ORD001850,CUST00345,USA,2024-09-12 16:00:00,Clothing,Jacket,1,10.52,,0.53,10.52,9.99,Email,PayPal,Completed
ORD001851,CUST00487,India,2024-09-11 08:00:00,Books,Cookbook,1,10.22,15.0,1.53,10.22,8.69,Paid Ads,Debit Card,Completed
ORD001852,CUST00134,India,2024-06-27 20:00:00,Clothing,Jacket,2,79.58,5.0,7.96,159.16,151.2,Organic Search,UPI,Completed
ORD001853,CUST00901,India,2024-04-13 10:00:00,Electronics,Smartphone Case,1,46.85,0.0,0.0,46.85,46.85,Organic Search,PayPal,Returned
ORD001854,CUST00868,India,2024-06-14 17:00:00,Clothing,Jacket,1,50.23,0.0,0.0,50.23,50.23,Social Media,Debit Card,Completed
ORD001855,CUST00159,India,2025-03-19 19:00:00,Clothing,Jacket,2,35.31,0.0,0.0,70.62,70.62,Organic Search,UPI,Completed
ORD001856,CUST01038,Germany,2024-06-23 17:00:00,Home & Kitchen,Storage Box,2,51.43,0.0,0.0,102.86,102.86,Organic Search,Credit Card,Completed
ORD001857,CUST00171,UK,2024-03-10 06:00:00,Clothing,Hoodie,4,64.8,0.0,0.0,259.2,259.2,Email,Credit Card,Completed
ORD001858,CUST01029,India,2024-12-18 15:00:00,Electronics,USB-C Cable,1,114.49,0.0,0.0,114.49,114.49,Organic Search,Credit Card,Completed
ORD001859,CUST01338,UK,2025-03-03 17:00:00,Toys,Board Game,1,48.05,0.0,0.0,48.05,48.05,Organic Search,UPI,Completed
ORD001860,CUST01100,USA,2025-01-16 13:00:00,Electronics,Smartphone Case,1,141.44,0.0,0.0,141.44,141.44,Organic Search,Debit Card,Completed
ORD001861,CUST00884,India,2024-12-27 06:00:00,Beauty,Perfume,4,15.54,0.0,0.0,62.16,62.16,Direct,UPI,Returned
ORD001862,CUST01418,India,2024-03-10 11:00:00,Toys,Building Blocks,1,47.63,0.0,0.0,47.63,47.63,Paid Ads,Debit Card,Completed
ORD001863,CUST00951,UK,2024-04-24 13:00:00,Electronics,Smartphone Case,1,80.92,0.0,0.0,80.92,80.92,Organic Search,UPI,Completed
ORD001864,CUST00811,Australia,2024-10-28 13:00:00,Electronics,Bluetooth Speaker,1,148.03,0.0,0.0,148.03,148.03,Paid Ads,PayPal,Completed
ORD001865,CUST00194,UK,2024-02-22 18:00:00,Clothing,Jeans,1,21.32,0.0,0.0,21.32,21.32,Email,PayPal,Completed
ORD001866,CUST00813,India,2024-11-18 16:00:00,Sports,Yoga Mat,1,11.08,5.0,0.55,11.08,10.53,Direct,Debit Card,Completed
ORD001867,CUST01240,India,2024-09-25 08:00:00,Books,Cookbook,3,7.48,0.0,0.0,22.44,22.44,Direct,UPI,Completed
ORD001868,CUST00849,USA,2024-06-09 20:00:00,Sports,Running Shoes,1,69.36,20.0,13.87,69.36,55.49,Social Media,Cash on Delivery,Returned
ORD001869,CUST00374,UK,2025-02-01 15:00:00,Toys,Puzzle,2,9.93,0.0,0.0,19.86,19.86,Organic Search,UPI,Completed
ORD001870,CUST00174,India,2024-06-19 10:00:00,Beauty,Face Cream,2,30.47,20.0,12.19,60.94,48.75,Paid Ads,Debit Card,Completed
ORD001871,CUST01239,Australia,2025-03-08 00:00:00,Beauty,Lipstick,1,24.42,0.0,0.0,24.42,24.42,Organic Search,UPI,Completed
ORD001872,CUST01398,India,2024-08-30 19:00:00,Clothing,T-Shirt,1,12.32,0.0,0.0,12.32,12.32,Paid Ads,UPI,Cancelled
ORD001873,CUST00442,Australia,2024-11-16 16:00:00,Home & Kitchen,Cutlery Set,1,75.01,5.0,3.75,75.01,71.26,Organic Search,Debit Card,Completed
ORD001874,CUST01209,India,2025-05-11 03:00:00,Sports,Dumbbells,1,58.72,0.0,0.0,58.72,58.72,Social Media,Cash on Delivery,Returned
ORD001875,CUST00136,India,2024-05-03 06:00:00,Toys,Board Game,1,30.17,0.0,0.0,30.17,30.17,Social Media,Debit Card,Completed
ORD001876,CUST00489,Australia,2024-04-07 11:00:00,Clothing,T-Shirt,2,44.54,0.0,0.0,89.08,89.08,Email,Debit Card,Completed
ORD001877,CUST01413,India,2024-03-05 15:00:00,Beauty,Lipstick,2,52.81,5.0,5.28,105.62,100.34,Social Media,Cash on Delivery,Completed
ORD001878,CUST00920,India,2024-05-02 16:00:00,Toys,Board Game,1,30.75,0.0,0.0,30.75,30.75,Organic Search,PayPal,Completed
ORD001879,CUST00201,UK,2024-10-26 03:00:00,Beauty,Lipstick,1,24.8,0.0,0.0,24.8,24.8,Paid Ads,PayPal,Completed
ORD001880,CUST00093,Germany,2025-01-18 09:00:00,Books,Biography,2,7.02,10.0,1.4,14.04,12.64,Direct,Debit Card,Completed
ORD001881,CUST01242,Germany,2025-03-18 02:00:00,Electronics,Power Bank,1,65.62,0.0,0.0,65.62,65.62,Email,UPI,Completed
ORD001882,CUST00448,Germany,2024-12-23 15:00:00,Clothing,T-Shirt,1,26.76,5.0,1.34,26.76,25.42,Paid Ads,Debit Card,Completed
ORD001883,CUST00774,USA,2024-09-28 11:00:00,Clothing,Sneakers,2,24.11,0.0,0.0,48.22,48.22,Paid Ads,PayPal,Completed
ORD001884,CUST00789,USA,2025-03-26 11:00:00,Electronics,Smartphone Case,1,31.72,10.0,3.17,31.72,28.55,Social Media,Cash on Delivery,Completed
ORD001885,CUST00969,USA,2024-04-04 00:00:00,Beauty,Perfume,1,47.87,0.0,0.0,47.87,47.87,Paid Ads,Credit Card,Completed
ORD001886,CUST00164,USA,2024-10-01 12:00:00,Toys,Puzzle,1,14.63,5.0,0.73,14.63,13.9,Social Media,UPI,Completed
ORD001887,CUST00849,USA,2025-01-19 02:00:00,Home & Kitchen,Blender,1,41.07,5.0,2.05,41.07,39.02,Paid Ads,Debit Card,Completed
ORD001888,CUST00551,USA,2025-04-26 08:00:00,Clothing,T-Shirt,1,34.56,20.0,6.91,34.56,27.65,Paid Ads,Debit Card,Completed
ORD001889,CUST01072,India,2024-07-03 08:00:00,Books,Comic,1,6.77,5.0,0.34,6.77,6.43,Social Media,Cash on Delivery,Completed
ORD001890,CUST00353,UK,2024-01-04 12:00:00,Home & Kitchen,Storage Box,1,66.15,0.0,0.0,66.15,66.15,Email,Cash on Delivery,Completed
ORD001891,CUST00189,USA,2025-02-06 17:00:00,Clothing,T-Shirt,1,17.51,0.0,0.0,17.51,17.51,Paid Ads,Debit Card,Completed
ORD001892,CUST00880,India,2024-09-19 15:00:00,Beauty,Shampoo,2,33.15,15.0,9.94,66.3,56.36,Paid Ads,Cash on Delivery,Completed
ORD001893,CUST00438,Canada,2024-11-18 15:00:00,Beauty,Perfume,1,8.93,5.0,0.45,8.93,8.48,Paid Ads,Credit Card,Completed
ORD001894,CUST00903,India,2024-10-25 18:00:00,Beauty,Shampoo,2,13.73,5.0,1.37,27.46,26.09,Direct,Debit Card,Completed
ORD001895,CUST00108,Germany,2024-02-28 16:00:00,Clothing,Hoodie,1,38.74,0.0,0.0,38.74,38.74,Direct,Cash on Delivery,Completed
ORD001896,CUST01454,USA,2024-04-15 03:00:00,Sports,Resistance Bands,2,9.6,0.0,0.0,19.2,19.2,Social Media,Debit Card,Completed
ORD001897,CUST01199,Germany,2024-03-01 08:00:00,Electronics,Wireless Earbuds,1,48.61,20.0,9.72,48.61,38.89,Paid Ads,Debit Card,Completed
ORD001898,CUST01323,Canada,2024-07-30 12:00:00,Clothing,Hoodie,2,76.27,10.0,15.25,152.54,137.29,Paid Ads,Credit Card,Returned
ORD001899,CUST01223,USA,2024-10-13 12:00:00,Home & Kitchen,Storage Box,1,76.58,20.0,15.32,76.58,61.26,Organic Search,Credit Card,Completed
ORD001900,CUST00469,India,2024-07-03 21:00:00,Home & Kitchen,Blender,1,49.35,0.0,0.0,49.35,49.35,Paid Ads,UPI,Cancelled
ORD001901,CUST00595,Canada,2024-02-27 04:00:00,Clothing,Jeans,2,22.74,0.0,0.0,45.48,45.48,Organic Search,Cash on Delivery,Completed
ORD001902,CUST00030,India,2024-09-14 03:00:00,Electronics,Power Bank,1,31.39,5.0,1.57,31.39,29.82,Direct,PayPal,Completed
ORD001903,CUST00605,India,2024-09-09 21:00:00,Electronics,Power Bank,1,82.96,0.0,0.0,82.96,82.96,Direct,Debit Card,Completed
ORD001904,CUST00900,India,2025-01-14 18:00:00,Clothing,T-Shirt,1,51.34,0.0,0.0,51.34,51.34,Direct,Credit Card,Completed
ORD001905,CUST00691,India,2025-03-05 06:00:00,Clothing,Jacket,1,26.97,10.0,2.7,26.97,24.27,Organic Search,Debit Card,Completed
ORD001906,CUST01026,USA,2024-01-05 06:00:00,Clothing,Jeans,1,13.25,15.0,1.99,13.25,11.26,Social Media,UPI,Completed
ORD001907,CUST00813,India,2024-12-21 12:00:00,Toys,Puzzle,2,46.67,0.0,0.0,93.34,93.34,Direct,UPI,Completed
ORD001908,CUST01429,UK,2025-04-10 11:00:00,Sports,Water Bottle,2,55.23,,5.52,110.46,104.94,Paid Ads,UPI,Completed
ORD001909,CUST01014,India,2025-04-13 16:00:00,Home & Kitchen,Coffee Maker,1,41.09,20.0,8.22,41.09,32.87,Paid Ads,PayPal,Completed
ORD001910,CUST00570,India,2024-09-02 04:00:00,Books,Novel,1,28.44,0.0,0.0,28.44,28.44,Email,UPI,Completed
ORD001911,CUST01325,Australia,2025-02-11 01:00:00,Beauty,Shampoo,1,39.85,0.0,0.0,39.85,39.85,Organic Search,PayPal,Cancelled
ORD001912,CUST00391,Australia,2024-05-27 10:00:00,Toys,Puzzle,1,12.21,0.0,0.0,12.21,12.21,Organic Search,Debit Card,Completed
ORD001913,CUST00762,India,2024-01-01 21:00:00,Books,Comic,1,8.07,10.0,0.81,8.07,7.26,Organic Search,Debit Card,Completed
ORD001914,CUST00031,UK,2024-10-22 17:00:00,Clothing,Jeans,1,27.84,10.0,2.78,27.84,25.06,Direct,PayPal,Completed
ORD001915,CUST01479,Germany,2024-06-05 15:00:00,Clothing,Hoodie,1,63.63,15.0,9.54,63.63,54.09,Social Media,UPI,Completed
ORD001916,CUST00953,India,2025-03-17 01:00:00,Clothing,Hoodie,1,30.61,15.0,4.59,30.61,26.02,Organic Search,UPI,Completed
ORD001917,CUST00593,India,2024-05-16 00:00:00,Clothing,T-Shirt,3,61.48,5.0,9.22,184.44,175.22,Email,Cash on Delivery,Completed
ORD001918,CUST00010,UK,2025-03-19 03:00:00,Home & Kitchen,Storage Box,1,47.61,0.0,0.0,47.61,47.61,Paid Ads,Debit Card,Completed
ORD001919,CUST00240,India,2024-07-11 06:00:00,Toys,Action Figure,1,13.88,0.0,0.0,13.88,13.88,Paid Ads,PayPal,Completed
ORD001920,CUST00861,Germany,2024-06-19 03:00:00,Home & Kitchen,Blender,1,23.77,0.0,0.0,23.77,23.77,Paid Ads,PayPal,Completed
ORD001921,CUST00309,Germany,2024-06-26 00:00:00,Home & Kitchen,Cutlery Set,1,18.06,5.0,0.9,18.06,17.16,Organic Search,PayPal,Completed
ORD001922,CUST00787,USA,2025-02-16 07:00:00,Sports,Running Shoes,1,60.14,0.0,0.0,60.14,60.14,Organic Search,Cash on Delivery,Completed
ORD001923,CUST00078,India,2024-02-05 11:00:00,Sports,Yoga Mat,1,50.95,0.0,0.0,50.95,50.95,Organic Search,Credit Card,Completed
ORD001924,CUST01444,USA,2024-05-17 16:00:00,Clothing,Sneakers,1,64.92,0.0,0.0,64.92,64.92,Paid Ads,PayPal,Completed
ORD001925,CUST01449,Australia,2025-03-09 12:00:00,Toys,Puzzle,1,34.14,15.0,5.12,34.14,29.02,Paid Ads,Debit Card,Completed
ORD001926,CUST01071,India,2024-10-29 17:00:00,Books,Comic,1,14.95,0.0,0.0,14.95,14.95,Paid Ads,Credit Card,Completed
ORD001927,CUST00776,India,2024-03-28 05:00:00,Clothing,Hoodie,1,10.87,0.0,0.0,10.87,10.87,Paid Ads,Debit Card,Completed
ORD001928,CUST01226,UK,2024-11-16 08:00:00,Clothing,Jacket,2,12.15,5.0,1.22,24.3,23.08,Organic Search,PayPal,Completed
ORD001929,CUST01166,Germany,2024-10-22 07:00:00,Sports,Running Shoes,1,34.98,0.0,0.0,34.98,34.98,Social Media,PayPal,Completed
ORD001930,CUST00553,USA,2025-03-28 07:00:00,Beauty,Lipstick,1,6.22,0.0,0.0,6.22,6.22,Paid Ads,UPI,Completed
ORD001931,CUST00498,India,2024-11-22 10:00:00,Sports,Resistance Bands,1,41.47,10.0,4.15,41.47,37.32,Organic Search,Cash on Delivery,Completed
ORD001932,CUST01438,UK,2024-12-05 01:00:00,Sports,Yoga Mat,2,30.39,5.0,3.04,60.78,57.74,Email,UPI,Completed
ORD001933,CUST00245,India,2025-04-10 13:00:00,Home & Kitchen,Cutlery Set,1,15.71,10.0,1.57,15.71,14.14,Social Media,Cash on Delivery,Completed
ORD001934,CUST00354,India,2024-10-14 03:00:00,Home & Kitchen,Storage Box,4,17.44,0.0,0.0,69.76,69.76,Social Media,Debit Card,Completed
ORD001935,CUST01136,India,2024-01-24 14:00:00,Beauty,Sunscreen,2,32.67,0.0,0.0,65.34,65.34,Social Media,PayPal,Completed
ORD001936,CUST00504,Germany,2024-01-13 02:00:00,Books,Biography,1,25.62,20.0,5.12,25.62,20.5,Direct,PayPal,Completed
ORD001937,CUST00171,UK,2025-03-23 02:00:00,Beauty,Lipstick,2,39.44,15.0,11.83,78.88,67.05,Organic Search,Cash on Delivery,Completed
ORD001938,CUST00826,Canada,2024-04-04 21:00:00,Books,Biography,1,23.67,5.0,1.18,23.67,22.49,Social Media,Cash on Delivery,Completed
ORD001939,CUST00313,India,2024-06-19 06:00:00,Electronics,USB-C Cable,3,128.79,0.0,0.0,386.37,386.37,Email,UPI,Completed
ORD001940,CUST01300,UK,2025-01-19 02:00:00,Electronics,Wireless Earbuds,2,130.54,0.0,0.0,261.08,261.08,Paid Ads,Debit Card,Completed
ORD001941,CUST01464,UK,2024-07-21 20:00:00,Beauty,Lipstick,1,14.6,0.0,0.0,14.6,14.6,Paid Ads,PayPal,Completed
ORD001942,CUST00776,India,2024-06-13 19:00:00,Books,Comic,4,7.72,0.0,0.0,30.88,30.88,Paid Ads,Cash on Delivery,Completed
ORD001943,CUST00149,India,2024-12-09 22:00:00,Toys,Puzzle,2,30.45,5.0,3.04,60.9,57.86,Direct,Credit Card,Completed
ORD001944,CUST00234,USA,2024-05-14 20:00:00,Electronics,Wireless Earbuds,1,80.69,0.0,0.0,80.69,80.69,Organic Search,Debit Card,Completed
ORD001945,CUST00153,India,2024-09-08 05:00:00,Clothing,Jacket,1,51.87,5.0,2.59,51.87,49.28,Paid Ads,PayPal,Completed
ORD001946,CUST00957,USA,2024-07-06 09:00:00,Electronics,USB-C Cable,2,119.87,20.0,47.95,239.74,191.79,Direct,Debit Card,Completed
ORD001947,CUST01289,India,2025-02-25 04:00:00,Electronics,USB-C Cable,2,88.0,0.0,0.0,176.0,176.0,Organic Search,Cash on Delivery,Completed
ORD001948,CUST00198,Canada,2025-01-05 19:00:00,Clothing,Jeans,2,40.95,0.0,0.0,81.9,81.9,Direct,UPI,Completed
ORD001949,CUST00989,India,2024-09-01 16:00:00,Electronics,Wireless Earbuds,1,82.92,0.0,0.0,82.92,82.92,Paid Ads,Debit Card,Completed
ORD001950,CUST00342,USA,2024-10-11 12:00:00,Home & Kitchen,Cutlery Set,1,17.95,10.0,1.8,17.95,16.15,Paid Ads,UPI,Completed
ORD001951,CUST01460,UK,2024-11-26 02:00:00,Electronics,Smartphone Case,1,110.77,5.0,5.54,110.77,105.23,Paid Ads,PayPal,Completed
ORD001952,CUST00680,Canada,2024-04-20 20:00:00,Clothing,Sneakers,1,46.19,0.0,0.0,46.19,46.19,Paid Ads,UPI,Completed
ORD001953,CUST00367,Australia,2024-10-19 00:00:00,Clothing,Jacket,3,21.85,0.0,0.0,65.55,65.55,Paid Ads,UPI,Completed
ORD001954,CUST00714,USA,2024-08-14 08:00:00,Clothing,Hoodie,2,68.03,0.0,0.0,136.06,136.06,Organic Search,Cash on Delivery,Completed
ORD001955,CUST01485,India,2024-11-13 20:00:00,Toys,Puzzle,1,35.69,10.0,3.57,35.69,32.12,Email,Credit Card,Completed
ORD001956,CUST00016,India,2024-04-07 09:00:00,Books,Biography,2,11.93,0.0,0.0,23.86,23.86,Social Media,Debit Card,Completed
ORD001957,CUST00045,India,2025-01-25 01:00:00,Electronics,Bluetooth Speaker,1,62.51,0.0,0.0,62.51,62.51,Organic Search,Cash on Delivery,Completed
ORD001958,CUST00413,Australia,2024-07-14 01:00:00,Electronics,USB-C Cable,1,132.99,0.0,0.0,132.99,132.99,Organic Search,PayPal,Completed
ORD001959,CUST00308,India,2024-06-15 20:00:00,Beauty,Sunscreen,1,53.1,0.0,0.0,53.1,53.1,Social Media,Debit Card,Completed
ORD001960,CUST00399,Germany,2025-04-20 20:00:00,Books,Cookbook,1,17.25,0.0,0.0,17.25,17.25,Paid Ads,PayPal,Completed
ORD001961,CUST00214,India,2024-06-26 18:00:00,Clothing,Hoodie,1,22.61,0.0,0.0,22.61,22.61,Paid Ads,Credit Card,Completed
ORD001962,CUST01296,India,2024-01-15 07:00:00,Clothing,Sneakers,1,25.46,0.0,0.0,25.46,25.46,Paid Ads,Debit Card,Completed
ORD001963,CUST00050,India,2024-09-02 02:00:00,Clothing,Jeans,2,19.59,5.0,1.96,39.18,37.22,Social Media,Credit Card,Completed
ORD001964,CUST00401,India,2024-08-10 09:00:00,Home & Kitchen,Coffee Maker,1,93.75,0.0,0.0,93.75,93.75,Organic Search,Debit Card,Cancelled
ORD001965,CUST00547,India,2024-10-16 08:00:00,Home & Kitchen,Coffee Maker,1,41.33,0.0,0.0,41.33,41.33,Organic Search,UPI,Completed
ORD001966,CUST01417,India,2024-12-02 18:00:00,Home & Kitchen,Coffee Maker,3,63.93,5.0,9.59,191.79,182.2,Organic Search,UPI,Completed
ORD001967,CUST01278,Australia,2024-09-21 00:00:00,Sports,Resistance Bands,1,85.23,0.0,0.0,85.23,85.23,Social Media,PayPal,Completed
ORD001968,CUST00484,UK,2024-09-01 03:00:00,Beauty,Face Cream,1,47.71,0.0,0.0,47.71,47.71,Paid Ads,PayPal,Returned
ORD001969,CUST00196,India,2025-01-26 19:00:00,Toys,Board Game,1,28.62,0.0,0.0,28.62,28.62,Direct,UPI,Completed
ORD001970,CUST00008,Canada,2024-07-21 14:00:00,Home & Kitchen,Bed Sheets,1,61.83,0.0,0.0,61.83,61.83,Paid Ads,UPI,Completed
ORD001971,CUST01010,USA,2024-01-07 08:00:00,Clothing,Jeans,1,42.66,0.0,0.0,42.66,42.66,Social Media,Credit Card,Completed
ORD001972,CUST00697,India,2024-03-02 08:00:00,Clothing,Jeans,1,61.59,5.0,3.08,61.59,58.51,Organic Search,Credit Card,Completed
ORD001973,CUST01113,India,2024-02-22 06:00:00,Clothing,Jacket,1,35.69,0.0,0.0,35.69,35.69,Social Media,UPI,Completed
ORD001974,CUST00098,USA,2025-04-26 07:00:00,Electronics,USB-C Cable,2,54.04,5.0,5.4,108.08,102.68,Paid Ads,UPI,Completed
ORD001975,CUST00463,Germany,2025-03-28 16:00:00,Sports,Resistance Bands,2,68.87,0.0,0.0,137.74,137.74,Email,Credit Card,Completed
ORD001976,CUST00600,India,2024-11-06 21:00:00,Electronics,USB-C Cable,1,59.09,0.0,0.0,59.09,59.09,Organic Search,Cash on Delivery,Returned
ORD001977,CUST00323,UK,2025-01-04 13:00:00,Electronics,USB-C Cable,1,75.17,10.0,7.52,75.17,67.65,Paid Ads,Debit Card,Completed
ORD001978,CUST01024,Australia,2025-02-14 22:00:00,Clothing,Hoodie,1,18.41,10.0,1.84,18.41,16.57,Organic Search,UPI,Cancelled
ORD001979,CUST01033,India,2025-05-12 09:00:00,Home & Kitchen,Bed Sheets,3,49.63,0.0,0.0,148.89,148.89,Paid Ads,Credit Card,Completed
ORD001980,CUST00415,UK,2024-06-08 12:00:00,Electronics,USB-C Cable,1,23.72,0.0,0.0,23.72,23.72,Organic Search,Credit Card,Completed
ORD001981,CUST01370,India,2025-04-04 12:00:00,Clothing,Jacket,1,56.07,5.0,2.8,56.07,53.27,Social Media,Cash on Delivery,Completed
ORD001982,CUST01475,India,2024-05-02 14:00:00,Clothing,T-Shirt,1,28.02,15.0,4.2,28.02,23.82,Direct,PayPal,Returned
ORD001983,CUST00228,USA,2024-10-18 19:00:00,Toys,Action Figure,1,24.95,0.0,0.0,24.95,24.95,Organic Search,PayPal,Completed
ORD001984,CUST00231,Germany,2025-03-26 04:00:00,Clothing,T-Shirt,1,65.42,0.0,0.0,65.42,65.42,Paid Ads,Credit Card,Completed
ORD001985,CUST00997,Canada,2025-01-15 10:00:00,Toys,Puzzle,2,49.41,0.0,0.0,98.82,98.82,Organic Search,Credit Card,Completed
ORD001986,CUST00255,India,2024-12-15 18:00:00,Electronics,USB-C Cable,1,130.72,0.0,0.0,130.72,130.72,Direct,UPI,Completed
ORD001987,CUST00798,USA,2024-06-11 19:00:00,Clothing,T-Shirt,1,55.12,0.0,0.0,55.12,55.12,Paid Ads,UPI,Completed
ORD001988,CUST00105,Canada,2024-09-08 21:00:00,Home & Kitchen,Storage Box,2,33.94,0.0,0.0,67.88,67.88,Paid Ads,Credit Card,Returned
ORD001989,CUST00630,India,2024-10-20 22:00:00,Beauty,Lipstick,2,28.42,5.0,2.84,56.84,54.0,Direct,Cash on Delivery,Completed
ORD001990,CUST01247,India,2024-01-17 16:00:00,Clothing,T-Shirt,1,21.35,5.0,1.07,21.35,20.28,Organic Search,UPI,Completed
ORD001991,CUST00132,India,2024-03-27 09:00:00,Home & Kitchen,Blender,1,61.32,0.0,0.0,61.32,61.32,Paid Ads,Cash on Delivery,Completed
ORD001992,CUST00445,Germany,2025-05-09 03:00:00,Home & Kitchen,Bed Sheets,4,27.01,15.0,16.21,108.04,91.83,Direct,Credit Card,Completed
ORD001993,CUST00954,Canada,2024-04-20 16:00:00,Toys,Puzzle,1,38.45,0.0,0.0,38.45,38.45,Paid Ads,UPI,Completed
ORD001994,CUST00437,India,2024-06-22 11:00:00,Toys,RC Car,2,31.15,15.0,9.35,62.3,52.95,Paid Ads,UPI,Completed
ORD001995,CUST00176,India,2024-11-21 22:00:00,Home & Kitchen,Storage Box,1,78.25,20.0,15.65,78.25,62.6,Organic Search,UPI,Completed
ORD001996,CUST00015,India,2024-08-29 11:00:00,Toys,Puzzle,1,13.92,5.0,0.7,13.92,13.22,Email,Cash on Delivery,Completed
ORD001997,CUST00664,India,2024-02-15 01:00:00,Beauty,Shampoo,1,55.53,0.0,0.0,55.53,55.53,Email,UPI,Completed
ORD001998,CUST01173,UK,2024-12-29 17:00:00,Beauty,Perfume,1,49.71,20.0,9.94,49.71,39.77,Paid Ads,Credit Card,Completed
ORD001999,CUST00285,USA,2025-01-20 17:00:00,Beauty,Lipstick,1,56.02,0.0,0.0,56.02,56.02,Social Media,Debit Card,Completed
ORD002000,CUST00882,UK,2024-01-04 13:00:00,Sports,Running Shoes,2,32.92,20.0,13.17,65.84,52.67,Organic Search,Cash on Delivery,Cancelled
ORD002001,CUST00499,Australia,2024-03-05 10:00:00,Toys,RC Car,1,33.65,0.0,0.0,33.65,33.65,Paid Ads,Credit Card,Completed
ORD002002,CUST00727,India,2025-04-07 00:00:00,Beauty,Shampoo,1,43.81,5.0,2.19,43.81,41.62,Social Media,Debit Card,Completed
ORD002003,CUST00516,India,2024-07-21 18:00:00,Clothing,Jeans,1,29.05,15.0,4.36,29.05,24.69,Organic Search,PayPal,Completed
ORD002004,CUST00862,USA,2024-04-19 21:00:00,Electronics,Bluetooth Speaker,1,132.23,0.0,0.0,132.23,132.23,Direct,Cash on Delivery,Completed
ORD002005,CUST00014,India,2025-01-08 05:00:00,Electronics,USB-C Cable,1,140.36,0.0,0.0,140.36,140.36,Organic Search,Debit Card,Completed
ORD002006,CUST00007,India,2024-05-02 18:00:00,Sports,Water Bottle,3,84.93,0.0,0.0,254.79,254.79,Direct,Debit Card,Completed
ORD002007,CUST01007,UK,2024-07-31 19:00:00,Books,Self-Help Book,1,18.65,0.0,0.0,18.65,18.65,Social Media,Debit Card,Completed
ORD002008,CUST01282,UK,2024-02-02 13:00:00,Clothing,T-Shirt,2,44.68,15.0,13.4,89.36,75.96,Email,Cash on Delivery,Cancelled
ORD002009,CUST00291,India,2024-03-14 09:00:00,Beauty,Sunscreen,4,49.35,5.0,9.87,197.4,187.53,Organic Search,Cash on Delivery,Completed
ORD002010,CUST00079,USA,2024-06-08 06:00:00,Clothing,Hoodie,1,10.65,10.0,1.06,10.65,9.59,Organic Search,Debit Card,Completed
ORD002011,CUST00226,India,2024-11-26 08:00:00,Home & Kitchen,Cutlery Set,1,12.49,0.0,0.0,12.49,12.49,Social Media,Cash on Delivery,Completed
ORD002012,CUST00387,India,2024-10-11 17:00:00,Sports,Yoga Mat,1,42.03,0.0,0.0,42.03,42.03,Paid Ads,PayPal,Completed
ORD002013,CUST01105,Australia,2024-10-03 09:00:00,Home & Kitchen,Cutlery Set,4,79.81,0.0,0.0,319.24,319.24,Organic Search,UPI,Completed
ORD002014,CUST00177,UK,2024-02-02 11:00:00,Toys,RC Car,1,12.34,0.0,0.0,12.34,12.34,Paid Ads,Credit Card,Completed
ORD002015,CUST01445,Canada,2024-11-15 19:00:00,Electronics,Smartphone Case,1,44.46,10.0,4.45,44.46,40.01,Organic Search,UPI,Completed
ORD002016,CUST00683,India,2024-04-19 04:00:00,Books,Novel,1,5.08,0.0,0.0,5.08,5.08,Email,Cash on Delivery,Completed
ORD002017,CUST01153,UK,2024-06-14 21:00:00,Electronics,USB-C Cable,1,85.33,0.0,0.0,85.33,85.33,Organic Search,PayPal,Completed
ORD002018,CUST01442,India,2024-12-31 21:00:00,Toys,Action Figure,2,17.24,0.0,0.0,34.48,34.48,Social Media,Credit Card,Completed
ORD002019,CUST00106,India,2025-05-01 20:00:00,Beauty,Face Cream,1,47.06,0.0,0.0,47.06,47.06,Direct,Cash on Delivery,Completed
ORD002020,CUST01129,USA,2024-08-05 02:00:00,Books,Biography,2,6.02,0.0,0.0,12.04,12.04,Organic Search,Credit Card,Completed
ORD002021,CUST00923,Canada,2024-09-14 05:00:00,Home & Kitchen,Blender,2,65.81,0.0,0.0,131.62,131.62,Email,PayPal,Completed
ORD002022,CUST00129,India,2024-03-07 00:00:00,Sports,Yoga Mat,1,84.15,10.0,8.41,84.15,75.74,Paid Ads,PayPal,Completed
ORD002023,CUST00210,India,2024-11-17 12:00:00,Clothing,Jeans,1,43.23,0.0,0.0,43.23,43.23,Organic Search,Credit Card,Completed
ORD002024,CUST00490,Canada,2024-09-14 22:00:00,Electronics,Wireless Earbuds,4,120.08,0.0,0.0,480.32,480.32,Organic Search,Cash on Delivery,Completed
ORD002025,CUST01249,Australia,2024-12-22 00:00:00,Books,Novel,2,9.67,0.0,0.0,19.34,19.34,Organic Search,Cash on Delivery,Returned
ORD002026,CUST00308,India,2025-01-09 07:00:00,Sports,Yoga Mat,1,82.01,0.0,0.0,82.01,82.01,Organic Search,UPI,Completed
ORD002027,CUST00172,India,2024-04-26 13:00:00,Toys,Building Blocks,1,32.94,0.0,0.0,32.94,32.94,Organic Search,Cash on Delivery,Completed
ORD002028,CUST00205,UK,2025-03-27 06:00:00,Toys,Building Blocks,2,25.58,20.0,10.23,51.16,40.93,Social Media,Cash on Delivery,Completed
ORD002029,CUST01028,Canada,2025-05-11 12:00:00,Electronics,Bluetooth Speaker,2,83.91,0.0,0.0,167.82,167.82,Email,Debit Card,Completed
ORD002030,CUST01157,India,2024-06-02 00:00:00,Home & Kitchen,Coffee Maker,2,44.04,0.0,0.0,88.08,88.08,Direct,PayPal,Completed
ORD002031,CUST00026,Germany,2025-05-08 08:00:00,Beauty,Lipstick,1,49.07,5.0,2.45,49.07,46.62,Social Media,Credit Card,Completed
ORD002032,CUST00495,USA,2024-08-25 00:00:00,Electronics,Bluetooth Speaker,1,28.15,5.0,1.41,28.15,26.74,Email,UPI,Returned
ORD002033,CUST01360,USA,2024-11-27 06:00:00,Electronics,Bluetooth Speaker,1,113.61,10.0,11.36,113.61,102.25,Organic Search,Debit Card,Completed
ORD002034,CUST01038,Germany,2024-12-10 21:00:00,Books,Biography,2,8.81,5.0,0.88,17.62,16.74,Paid Ads,Debit Card,Returned
ORD002035,CUST01060,UK,2024-02-13 15:00:00,Electronics,USB-C Cable,4,25.58,0.0,0.0,102.32,102.32,Paid Ads,Cash on Delivery,Completed
ORD002036,CUST01168,USA,2024-11-22 00:00:00,Beauty,Lipstick,1,48.91,0.0,0.0,48.91,48.91,Paid Ads,Debit Card,Completed
ORD002037,CUST00083,India,2024-08-28 04:00:00,Toys,RC Car,1,40.24,20.0,8.05,40.24,32.19,Organic Search,PayPal,Completed
ORD002038,CUST01125,UK,2024-10-29 05:00:00,Beauty,Lipstick,4,28.06,0.0,0.0,112.24,112.24,Organic Search,Cash on Delivery,Completed
ORD002039,CUST00922,USA,2024-08-04 12:00:00,Home & Kitchen,Cutlery Set,3,73.25,0.0,0.0,219.75,219.75,Paid Ads,Cash on Delivery,Completed
ORD002040,CUST01210,Australia,2025-02-11 13:00:00,Sports,Resistance Bands,1,88.52,0.0,0.0,88.52,88.52,Social Media,PayPal,Completed
ORD002041,CUST01453,Canada,2024-11-08 00:00:00,Home & Kitchen,Cutlery Set,2,15.88,0.0,0.0,31.76,31.76,Email,Cash on Delivery,Completed
ORD002042,CUST00384,Canada,2024-06-17 08:00:00,Beauty,Lipstick,1,22.09,10.0,2.21,22.09,19.88,Social Media,Cash on Delivery,Completed
ORD002043,CUST00345,USA,2024-11-02 06:00:00,Home & Kitchen,Storage Box,3,28.46,15.0,12.81,85.38,72.57,Social Media,Debit Card,Completed
ORD002044,CUST01441,Australia,2024-06-21 18:00:00,Sports,Water Bottle,2,45.92,0.0,0.0,91.84,91.84,Social Media,PayPal,Completed
ORD002045,CUST00418,India,2025-02-10 04:00:00,Books,Self-Help Book,1,17.94,5.0,0.9,17.94,17.04,Email,Credit Card,Completed
ORD002046,CUST00101,India,2024-02-29 09:00:00,Clothing,T-Shirt,1,19.45,0.0,0.0,19.45,19.45,Social Media,Credit Card,Completed
ORD002047,CUST00771,India,2025-04-22 02:00:00,Books,Comic,2,16.25,20.0,6.5,32.5,26.0,Paid Ads,Debit Card,Completed
ORD002048,CUST00349,USA,2024-03-12 11:00:00,Sports,Dumbbells,1,25.53,0.0,0.0,25.53,25.53,Social Media,Credit Card,Completed
ORD002049,CUST00226,India,2025-01-04 17:00:00,Home & Kitchen,Storage Box,2,70.49,10.0,14.1,140.98,126.88,Paid Ads,UPI,Completed
ORD002050,CUST01369,India,2024-01-18 09:00:00,Toys,RC Car,1,25.53,10.0,2.55,25.53,22.98,Organic Search,Cash on Delivery,Completed
ORD002051,CUST00234,USA,2024-05-05 11:00:00,Clothing,Hoodie,1,44.49,5.0,2.22,44.49,42.27,Paid Ads,Cash on Delivery,Completed
ORD002052,CUST00179,Australia,2024-06-12 03:00:00,Toys,Puzzle,1,14.14,0.0,0.0,14.14,14.14,Organic Search,Credit Card,Completed
ORD002053,CUST00681,Germany,2025-04-04 09:00:00,Electronics,Wireless Earbuds,1,145.12,0.0,0.0,145.12,145.12,Paid Ads,Cash on Delivery,Returned
ORD002054,CUST00410,India,2025-01-09 13:00:00,Electronics,Bluetooth Speaker,1,143.2,20.0,28.64,143.2,114.56,Direct,Credit Card,Completed
ORD002055,CUST00541,Australia,2024-09-23 08:00:00,Clothing,Jeans,1,45.98,5.0,2.3,45.98,43.68,Email,Cash on Delivery,Completed
ORD002056,CUST00683,India,2024-06-07 06:00:00,Electronics,Bluetooth Speaker,1,56.19,20.0,11.24,56.19,44.95,Paid Ads,PayPal,Completed
ORD002057,CUST00685,Australia,2025-04-09 03:00:00,Electronics,Power Bank,1,117.69,0.0,0.0,117.69,117.69,Organic Search,Credit Card,Completed
ORD002058,CUST00851,India,2024-11-23 22:00:00,Books,Self-Help Book,4,21.49,0.0,0.0,85.96,85.96,Direct,PayPal,Completed
ORD002059,CUST01214,Germany,2025-01-18 03:00:00,Toys,RC Car,1,23.46,0.0,0.0,23.46,23.46,Email,PayPal,Completed
ORD002060,CUST01499,USA,2024-07-02 11:00:00,Sports,Resistance Bands,1,39.56,0.0,0.0,39.56,39.56,Social Media,UPI,Completed
ORD002061,CUST00005,India,2025-02-26 06:00:00,Home & Kitchen,Cutlery Set,1,92.31,0.0,0.0,92.31,92.31,Paid Ads,Cash on Delivery,Completed
ORD002062,CUST00670,India,2025-03-21 21:00:00,Sports,Water Bottle,1,12.59,0.0,0.0,12.59,12.59,Email,UPI,Returned
ORD002063,CUST01363,UK,2024-04-11 16:00:00,Home & Kitchen,Cutlery Set,1,51.1,0.0,0.0,51.1,51.1,Social Media,Debit Card,Completed
ORD002064,CUST00641,India,2024-09-28 22:00:00,Home & Kitchen,Coffee Maker,1,80.49,0.0,0.0,80.49,80.49,Social Media,PayPal,Completed
ORD002065,CUST01068,India,2024-09-29 22:00:00,Books,Comic,1,22.75,0.0,0.0,22.75,22.75,Social Media,UPI,Completed
ORD002066,CUST01286,USA,2024-08-05 16:00:00,Clothing,Sneakers,1,39.6,0.0,0.0,39.6,39.6,Organic Search,Credit Card,Completed
ORD002067,CUST00363,USA,2024-10-24 19:00:00,Electronics,USB-C Cable,2,142.43,0.0,0.0,284.86,284.86,Social Media,UPI,Completed
ORD002068,CUST00776,India,2024-07-21 02:00:00,Toys,Board Game,1,47.67,0.0,0.0,47.67,47.67,Paid Ads,Debit Card,Completed
ORD002069,CUST00606,USA,2024-03-12 15:00:00,Home & Kitchen,Bed Sheets,4,58.22,0.0,0.0,232.88,232.88,Paid Ads,Credit Card,Completed
ORD002070,CUST00479,Australia,2024-10-25 16:00:00,Sports,Resistance Bands,1,15.41,0.0,0.0,15.41,15.41,Paid Ads,Debit Card,Completed
ORD002071,CUST00861,Germany,2024-02-12 15:00:00,Home & Kitchen,Storage Box,1,99.55,10.0,9.96,99.55,89.59,Social Media,PayPal,Completed
ORD002072,CUST00130,USA,2024-10-15 04:00:00,Electronics,Power Bank,1,123.61,10.0,12.36,123.61,111.25,Organic Search,PayPal,Completed
ORD002073,CUST00055,USA,2025-05-10 17:00:00,Sports,Dumbbells,4,28.93,5.0,5.79,115.72,109.93,Organic Search,Debit Card,Completed
ORD002074,CUST00396,Australia,2024-01-03 20:00:00,Toys,Action Figure,2,39.17,0.0,0.0,78.34,78.34,Social Media,Debit Card,Completed
ORD002075,CUST00143,USA,2024-06-04 09:00:00,Books,Comic,1,18.3,0.0,0.0,18.3,18.3,Organic Search,UPI,Completed
ORD002076,CUST00870,Australia,2024-10-01 20:00:00,Home & Kitchen,Storage Box,1,72.78,5.0,3.64,72.78,69.14,Paid Ads,Credit Card,Completed
ORD002077,CUST00300,India,2024-10-02 01:00:00,Books,Cookbook,1,10.26,5.0,0.51,10.26,9.75,Organic Search,PayPal,Completed
ORD002078,CUST01418,India,2024-02-07 09:00:00,Sports,Resistance Bands,1,57.61,15.0,8.64,57.61,48.97,Organic Search,Cash on Delivery,Completed
ORD002079,CUST00854,Canada,2024-01-14 11:00:00,Clothing,Jeans,4,27.83,0.0,0.0,111.32,111.32,Paid Ads,PayPal,Completed
ORD002080,CUST00218,Germany,2024-01-24 08:00:00,Electronics,Smartphone Case,1,30.27,0.0,0.0,30.27,30.27,Paid Ads,PayPal,Returned
ORD002081,CUST01260,USA,2025-03-22 10:00:00,Home & Kitchen,Blender,2,80.93,0.0,0.0,161.86,161.86,Paid Ads,Credit Card,Completed
ORD002082,CUST00607,India,2024-10-23 05:00:00,Books,Cookbook,1,26.31,0.0,0.0,26.31,26.31,Email,PayPal,Completed
ORD002083,CUST00240,India,2024-07-30 17:00:00,Clothing,Hoodie,1,77.84,0.0,0.0,77.84,77.84,Direct,Debit Card,Completed
ORD002084,CUST00651,India,2024-05-30 20:00:00,Sports,Resistance Bands,1,89.83,0.0,0.0,89.83,89.83,Organic Search,Cash on Delivery,Completed
ORD002085,CUST00007,India,2024-05-30 03:00:00,Electronics,USB-C Cable,1,116.39,0.0,0.0,116.39,116.39,Organic Search,Cash on Delivery,Completed
ORD002086,CUST00104,USA,2024-05-14 16:00:00,Electronics,Power Bank,2,114.46,0.0,0.0,228.92,228.92,Direct,Debit Card,Completed
ORD002087,CUST00293,Canada,2024-01-17 09:00:00,Toys,Puzzle,4,17.67,0.0,0.0,70.68,70.68,Social Media,Cash on Delivery,Completed
ORD002088,CUST01115,USA,2024-03-23 06:00:00,Electronics,Bluetooth Speaker,1,125.79,0.0,0.0,125.79,125.79,Email,Credit Card,Completed
ORD002089,CUST01128,USA,2024-05-25 12:00:00,Clothing,Jeans,1,40.78,5.0,2.04,40.78,38.74,Social Media,UPI,Completed
ORD002090,CUST00834,India,2024-09-11 18:00:00,Books,Novel,3,21.78,0.0,0.0,65.34,65.34,Paid Ads,Debit Card,Returned
ORD002091,CUST00698,USA,2025-04-06 08:00:00,Sports,Yoga Mat,1,12.31,5.0,0.62,12.31,11.69,Email,UPI,Completed
ORD002092,CUST00632,Canada,2024-09-05 22:00:00,Electronics,USB-C Cable,4,39.34,0.0,0.0,157.36,157.36,Organic Search,Cash on Delivery,Completed
ORD002093,CUST00731,India,2025-01-13 11:00:00,Home & Kitchen,Bed Sheets,3,16.88,0.0,0.0,50.64,50.64,Organic Search,UPI,Cancelled
ORD002094,CUST00623,USA,2024-04-03 02:00:00,Home & Kitchen,Coffee Maker,1,69.04,0.0,0.0,69.04,69.04,Email,PayPal,Completed
ORD002095,CUST00939,India,2024-01-03 18:00:00,Clothing,Sneakers,1,14.81,0.0,0.0,14.81,14.81,Organic Search,UPI,Completed
ORD002096,CUST00115,UK,2024-12-21 20:00:00,Home & Kitchen,Coffee Maker,1,41.07,0.0,0.0,41.07,41.07,Paid Ads,PayPal,Cancelled
ORD002097,CUST00845,India,2024-10-12 12:00:00,Sports,Resistance Bands,1,36.97,0.0,0.0,36.97,36.97,Paid Ads,UPI,Completed
ORD002098,CUST00398,USA,2025-01-14 07:00:00,Books,Comic,2,24.52,5.0,2.45,49.04,46.59,Social Media,Debit Card,Cancelled
ORD002099,CUST00292,India,2024-05-02 18:00:00,Electronics,Bluetooth Speaker,1,23.8,0.0,0.0,23.8,23.8,Paid Ads,Credit Card,Completed
ORD002100,CUST00415,UK,2024-11-27 12:00:00,Electronics,Smartphone Case,1,21.26,5.0,1.06,21.26,20.2,Paid Ads,UPI,Completed
ORD002101,CUST00666,India,2025-02-14 15:00:00,Toys,Board Game,1,38.71,5.0,1.94,38.71,36.77,Email,PayPal,Completed
ORD002102,CUST01303,India,2024-01-28 17:00:00,Clothing,Hoodie,1,21.57,5.0,1.08,21.57,20.49,Paid Ads,Debit Card,Cancelled
ORD002103,CUST00256,USA,2025-05-01 21:00:00,Books,Self-Help Book,1,15.63,0.0,0.0,15.63,15.63,Direct,Cash on Delivery,Completed
ORD002104,CUST00555,Canada,2024-08-31 19:00:00,Beauty,Perfume,1,26.95,0.0,0.0,26.95,26.95,Email,Cash on Delivery,Completed
ORD002105,CUST00623,USA,2024-02-25 21:00:00,Sports,Yoga Mat,1,36.54,0.0,0.0,36.54,36.54,Social Media,Credit Card,Returned
ORD002106,CUST01109,UK,2024-05-26 01:00:00,Books,Biography,2,9.44,10.0,1.89,18.88,16.99,Social Media,PayPal,Completed
ORD002107,CUST00759,Canada,2024-11-28 10:00:00,Beauty,Perfume,1,57.96,0.0,0.0,57.96,57.96,Social Media,Debit Card,Completed
ORD002108,CUST01217,India,2024-09-25 02:00:00,Electronics,USB-C Cable,2,121.76,0.0,0.0,243.52,243.52,Social Media,Credit Card,Completed
ORD002109,CUST00176,India,2024-10-02 12:00:00,Clothing,Sneakers,3,60.77,0.0,0.0,182.31,182.31,Social Media,UPI,Completed
ORD002110,CUST01394,USA,2024-10-05 08:00:00,Home & Kitchen,Cutlery Set,2,53.97,0.0,0.0,107.94,107.94,Email,Cash on Delivery,Returned
ORD002111,CUST00334,India,2024-03-08 18:00:00,Home & Kitchen,Coffee Maker,1,72.84,0.0,0.0,72.84,72.84,Organic Search,Cash on Delivery,Completed
ORD002112,CUST01271,UK,2024-05-31 10:00:00,Beauty,Perfume,2,15.29,0.0,0.0,30.58,30.58,Email,Cash on Delivery,Completed
ORD002113,CUST00158,Germany,2024-03-18 16:00:00,Clothing,Sneakers,1,23.08,0.0,0.0,23.08,23.08,Social Media,UPI,Cancelled
ORD002114,CUST00945,India,2024-07-24 03:00:00,Toys,Board Game,1,25.18,0.0,0.0,25.18,25.18,Organic Search,PayPal,Completed
ORD002115,CUST00279,UK,2024-05-02 14:00:00,Clothing,Sneakers,1,41.68,0.0,0.0,41.68,41.68,Social Media,PayPal,Completed
ORD002116,CUST00037,India,2024-10-17 05:00:00,Books,Cookbook,2,28.61,0.0,0.0,57.22,57.22,Paid Ads,PayPal,Completed
ORD002117,CUST00255,India,2025-01-18 20:00:00,Home & Kitchen,Coffee Maker,1,22.53,0.0,0.0,22.53,22.53,Email,Debit Card,Completed
ORD002118,CUST01013,Australia,2025-01-10 15:00:00,Sports,Yoga Mat,1,37.19,5.0,1.86,37.19,35.33,Social Media,UPI,Completed
ORD002119,CUST00616,Australia,2025-05-10 08:00:00,Home & Kitchen,Cutlery Set,1,59.51,0.0,0.0,59.51,59.51,Paid Ads,UPI,Returned
ORD002120,CUST00895,UK,2025-03-04 12:00:00,Beauty,Face Cream,2,32.11,5.0,3.21,64.22,61.01,Organic Search,UPI,Completed
ORD002121,CUST00668,India,2024-11-02 09:00:00,Clothing,T-Shirt,1,25.8,5.0,1.29,25.8,24.51,Paid Ads,UPI,Completed
ORD002122,CUST01128,USA,2024-01-12 22:00:00,Clothing,T-Shirt,4,50.97,0.0,0.0,203.88,203.88,Organic Search,Credit Card,Completed
ORD002123,CUST01394,USA,2024-06-01 14:00:00,Beauty,Lipstick,4,5.11,10.0,2.04,20.44,18.4,Email,PayPal,Completed
ORD002124,CUST00495,USA,2024-07-02 09:00:00,Clothing,Jacket,4,68.18,0.0,0.0,272.72,272.72,Social Media,Credit Card,Completed
ORD002125,CUST00165,India,2024-02-15 19:00:00,Home & Kitchen,Storage Box,1,81.62,20.0,16.32,81.62,65.3,Paid Ads,Debit Card,Completed
ORD002126,CUST01281,UK,2025-03-18 11:00:00,Clothing,Sneakers,4,26.54,10.0,10.62,106.16,95.54,Social Media,UPI,Returned
ORD002127,CUST00860,India,2024-07-09 04:00:00,Home & Kitchen,Cutlery Set,1,83.15,0.0,0.0,83.15,83.15,Organic Search,UPI,Completed
ORD002128,CUST01349,Australia,2024-11-13 13:00:00,Clothing,Hoodie,1,46.54,0.0,0.0,46.54,46.54,Direct,Debit Card,Completed
ORD002129,CUST00298,India,2024-02-12 01:00:00,Books,Self-Help Book,1,21.67,5.0,1.08,21.67,20.59,Organic Search,PayPal,Completed
ORD002130,CUST01352,USA,2024-04-30 16:00:00,Sports,Running Shoes,1,68.4,0.0,0.0,68.4,68.4,Social Media,Cash on Delivery,Completed
ORD002131,CUST00077,Germany,2025-02-05 21:00:00,Clothing,T-Shirt,2,19.63,5.0,1.96,39.26,37.3,Paid Ads,UPI,Completed
ORD002132,CUST00369,India,2024-10-24 19:00:00,Clothing,Jeans,1,60.58,0.0,0.0,60.58,60.58,Email,Debit Card,Returned
ORD002133,CUST00049,USA,2025-04-18 16:00:00,Books,Novel,1,25.06,0.0,0.0,25.06,25.06,Paid Ads,Debit Card,Completed
ORD002134,CUST00072,India,2025-03-15 09:00:00,Sports,Yoga Mat,2,82.1,0.0,0.0,164.2,164.2,Organic Search,Cash on Delivery,Completed
ORD002135,CUST00634,USA,2024-06-09 14:00:00,Home & Kitchen,Storage Box,1,70.6,0.0,0.0,70.6,70.6,Organic Search,Credit Card,Completed
ORD002136,CUST00780,UK,2024-06-06 08:00:00,Toys,RC Car,2,26.24,0.0,0.0,52.48,52.48,Organic Search,UPI,Completed
ORD002137,CUST00040,USA,2024-10-17 16:00:00,Beauty,Lipstick,1,50.97,5.0,2.55,50.97,48.42,Social Media,Debit Card,Completed
ORD002138,CUST00963,India,2024-08-24 06:00:00,Beauty,Shampoo,1,57.68,5.0,2.88,57.68,54.8,Organic Search,Debit Card,Completed
ORD002139,CUST01098,India,2024-01-07 10:00:00,Home & Kitchen,Bed Sheets,1,68.13,10.0,6.81,68.13,61.32,Organic Search,UPI,Returned
ORD002140,CUST00349,USA,2024-06-08 20:00:00,Clothing,Jeans,1,29.96,20.0,5.99,29.96,23.97,Social Media,Credit Card,Completed
ORD002141,CUST01313,USA,2024-06-24 11:00:00,Electronics,USB-C Cable,2,142.3,5.0,14.23,284.6,270.37,Email,Credit Card,Completed
ORD002142,CUST01317,USA,2024-08-14 20:00:00,Clothing,Jeans,1,28.73,0.0,0.0,28.73,28.73,Social Media,Credit Card,Completed
ORD002143,CUST00188,USA,2024-11-22 03:00:00,Home & Kitchen,Storage Box,2,46.7,20.0,18.68,93.4,74.72,Social Media,Cash on Delivery,Completed
ORD002144,CUST00443,USA,2024-04-08 08:00:00,Home & Kitchen,Coffee Maker,2,27.13,0.0,0.0,54.26,54.26,Paid Ads,UPI,Completed
ORD002145,CUST01041,USA,2024-01-13 12:00:00,Electronics,Wireless Earbuds,2,94.92,0.0,0.0,189.84,189.84,Email,Credit Card,Returned
ORD002146,CUST01137,Canada,2024-05-06 03:00:00,Sports,Resistance Bands,1,81.3,0.0,0.0,81.3,81.3,Social Media,UPI,Completed
ORD002147,CUST00787,USA,2024-01-24 15:00:00,Electronics,Smartphone Case,1,114.63,10.0,11.46,114.63,103.17,Paid Ads,PayPal,Completed
ORD002148,CUST00352,Canada,2024-09-03 21:00:00,Home & Kitchen,Cutlery Set,1,92.02,15.0,13.8,92.02,78.22,Social Media,Cash on Delivery,Completed
ORD002149,CUST00851,India,2024-11-13 14:00:00,Sports,Yoga Mat,3,41.28,10.0,12.38,123.84,111.46,Email,Credit Card,Completed
ORD002150,CUST00944,Canada,2024-08-20 20:00:00,Electronics,USB-C Cable,1,65.13,10.0,6.51,65.13,58.62,Paid Ads,PayPal,Completed
ORD002151,CUST01068,India,2025-01-26 09:00:00,Electronics,Wireless Earbuds,2,88.06,10.0,17.61,176.12,158.51,Social Media,PayPal,Completed
ORD002152,CUST00637,USA,2024-09-03 09:00:00,Toys,Action Figure,2,25.48,0.0,0.0,50.96,50.96,Organic Search,Debit Card,Completed
ORD002153,CUST01099,Germany,2025-03-09 21:00:00,Home & Kitchen,Blender,1,45.19,0.0,0.0,45.19,45.19,Organic Search,UPI,Returned
ORD002154,CUST00329,USA,2024-12-12 18:00:00,Clothing,Sneakers,1,30.26,0.0,0.0,30.26,30.26,Paid Ads,UPI,Completed
ORD002155,CUST00983,India,2024-07-25 00:00:00,Clothing,Jeans,2,77.09,0.0,0.0,154.18,154.18,Email,Cash on Delivery,Completed
ORD002156,CUST00112,India,2024-08-10 03:00:00,Home & Kitchen,Coffee Maker,2,42.62,,8.52,85.24,76.72,Organic Search,PayPal,Returned
ORD002157,CUST00377,Canada,2024-05-26 10:00:00,Clothing,T-Shirt,2,32.32,,0.0,64.64,64.64,Organic Search,Debit Card,Completed
ORD002158,CUST01334,Australia,2024-03-13 03:00:00,Sports,Dumbbells,1,32.76,0.0,0.0,32.76,32.76,Email,PayPal,Completed
ORD002159,CUST00241,Australia,2024-02-26 03:00:00,Clothing,Jacket,4,47.42,0.0,0.0,189.68,189.68,Direct,PayPal,Completed
ORD002160,CUST01119,India,2024-07-15 19:00:00,Toys,Action Figure,4,28.02,0.0,0.0,112.08,112.08,Paid Ads,Credit Card,Completed
ORD002161,CUST00913,UK,2024-10-12 13:00:00,Toys,Board Game,1,23.95,5.0,1.2,23.95,22.75,Email,PayPal,Returned
ORD002162,CUST00586,India,2024-09-04 22:00:00,Electronics,Bluetooth Speaker,4,34.9,0.0,0.0,139.6,139.6,Paid Ads,Debit Card,Returned
ORD002163,CUST00319,India,2024-05-08 18:00:00,Sports,Water Bottle,1,77.67,0.0,0.0,77.67,77.67,Paid Ads,Credit Card,Completed
ORD002164,CUST01245,Germany,2024-04-12 14:00:00,Clothing,T-Shirt,1,38.76,20.0,7.75,38.76,31.01,Organic Search,Cash on Delivery,Completed
ORD002165,CUST00217,India,2024-11-13 16:00:00,Clothing,Jacket,1,55.73,0.0,0.0,55.73,55.73,Direct,Debit Card,Completed
ORD002166,CUST01230,USA,2024-10-09 22:00:00,Books,Self-Help Book,1,11.98,5.0,0.6,11.98,11.38,Organic Search,Cash on Delivery,Completed
ORD002167,CUST01422,USA,2024-10-28 11:00:00,Electronics,Wireless Earbuds,1,117.95,0.0,0.0,117.95,117.95,Email,Cash on Delivery,Completed
ORD002168,CUST00141,Australia,2024-03-23 20:00:00,Toys,Board Game,2,47.34,0.0,0.0,94.68,94.68,Organic Search,Debit Card,Completed
ORD002169,CUST00581,USA,2025-01-27 16:00:00,Toys,Puzzle,1,12.94,0.0,0.0,12.94,12.94,Paid Ads,PayPal,Returned
ORD002170,CUST00442,Australia,2025-01-21 19:00:00,Beauty,Face Cream,1,55.38,10.0,5.54,55.38,49.84,Social Media,UPI,Completed
ORD002171,CUST00280,Germany,2025-03-14 05:00:00,Home & Kitchen,Bed Sheets,1,27.74,0.0,0.0,27.74,27.74,Email,PayPal,Completed
ORD002172,CUST00029,USA,2024-09-04 18:00:00,Clothing,Jacket,1,16.68,15.0,2.5,16.68,14.18,Organic Search,UPI,Completed
ORD002173,CUST01369,India,2024-03-30 10:00:00,Clothing,Jeans,1,67.72,10.0,6.77,67.72,60.95,Paid Ads,Credit Card,Completed
ORD002174,CUST00985,Germany,2025-04-26 10:00:00,Electronics,Power Bank,1,97.88,0.0,0.0,97.88,97.88,Organic Search,Cash on Delivery,Completed
ORD002175,CUST00241,Australia,2025-02-23 20:00:00,Sports,Running Shoes,1,14.71,0.0,0.0,14.71,14.71,Social Media,Cash on Delivery,Completed
ORD002176,CUST00168,India,2024-12-31 16:00:00,Clothing,Jacket,1,12.46,0.0,0.0,12.46,12.46,Social Media,UPI,Completed
ORD002177,CUST01044,UK,2024-12-11 17:00:00,Sports,Water Bottle,1,84.11,0.0,0.0,84.11,84.11,Social Media,PayPal,Completed
ORD002178,CUST00840,UK,2024-03-23 22:00:00,Home & Kitchen,Storage Box,1,62.37,0.0,0.0,62.37,62.37,Social Media,Credit Card,Completed
ORD002179,CUST01347,India,2025-02-03 12:00:00,Home & Kitchen,Cutlery Set,1,33.99,0.0,0.0,33.99,33.99,Paid Ads,Credit Card,Completed
ORD002180,CUST01383,Australia,2024-04-25 17:00:00,Sports,Water Bottle,1,27.71,0.0,0.0,27.71,27.71,Social Media,UPI,Completed
ORD002181,CUST00460,India,2024-12-24 18:00:00,Sports,Water Bottle,1,58.14,0.0,0.0,58.14,58.14,Direct,UPI,Completed
ORD002182,CUST00964,USA,2024-07-19 16:00:00,Books,Comic,4,23.96,0.0,0.0,95.84,95.84,Organic Search,Debit Card,Returned
ORD002183,CUST01287,India,2024-12-05 11:00:00,Sports,Yoga Mat,1,53.39,0.0,0.0,53.39,53.39,Organic Search,UPI,Completed
ORD002184,CUST01500,Canada,2025-02-20 17:00:00,Beauty,Sunscreen,1,56.29,0.0,0.0,56.29,56.29,Social Media,Cash on Delivery,Completed
ORD002185,CUST00500,Australia,2024-06-19 22:00:00,Sports,Water Bottle,1,21.23,5.0,1.06,21.23,20.17,Organic Search,UPI,Completed
ORD002186,CUST00804,UK,2024-09-17 13:00:00,Home & Kitchen,Cutlery Set,1,21.81,20.0,4.36,21.81,17.45,Paid Ads,PayPal,Completed
ORD002187,CUST00890,India,2024-08-03 15:00:00,Home & Kitchen,Cutlery Set,1,77.45,5.0,3.87,77.45,73.58,Social Media,Debit Card,Completed
ORD002188,CUST00119,Canada,2024-10-07 14:00:00,Toys,RC Car,1,14.23,0.0,0.0,14.23,14.23,Paid Ads,Cash on Delivery,Completed
ORD002189,CUST00632,Canada,2025-02-06 10:00:00,Electronics,Wireless Earbuds,1,84.35,0.0,0.0,84.35,84.35,Social Media,Credit Card,Completed
ORD002190,CUST00134,India,2024-08-26 15:00:00,Beauty,Shampoo,2,57.92,5.0,5.79,115.84,110.05,Paid Ads,Cash on Delivery,Completed
ORD002191,CUST01482,India,2024-05-26 20:00:00,Sports,Water Bottle,2,83.4,0.0,0.0,166.8,166.8,Paid Ads,Debit Card,Cancelled
ORD002192,CUST01043,India,2024-12-04 10:00:00,Home & Kitchen,Bed Sheets,1,70.39,0.0,0.0,70.39,70.39,Email,UPI,Completed
ORD002193,CUST01409,USA,2024-08-06 15:00:00,Clothing,T-Shirt,3,55.93,0.0,0.0,167.79,167.79,Paid Ads,PayPal,Completed
ORD002194,CUST01275,USA,2025-04-03 05:00:00,Clothing,Jeans,1,52.55,0.0,0.0,52.55,52.55,Social Media,PayPal,Completed
ORD002195,CUST01495,UK,2024-12-14 22:00:00,Electronics,Smartphone Case,1,101.86,10.0,10.19,101.86,91.67,Organic Search,PayPal,Completed
ORD002196,CUST00628,Germany,2025-04-05 06:00:00,Electronics,USB-C Cable,1,66.17,10.0,6.62,66.17,59.55,Organic Search,Credit Card,Completed
ORD002197,CUST00351,USA,2024-12-11 15:00:00,Home & Kitchen,Coffee Maker,3,64.99,0.0,0.0,194.97,194.97,Direct,PayPal,Completed
ORD002198,CUST00781,UK,2024-04-13 07:00:00,Clothing,Hoodie,2,10.57,0.0,0.0,21.14,21.14,Paid Ads,Credit Card,Completed
ORD002199,CUST00476,Australia,2024-03-17 07:00:00,Clothing,Hoodie,1,65.11,0.0,0.0,65.11,65.11,Organic Search,Cash on Delivery,Completed
ORD002200,CUST00808,Australia,2024-06-27 20:00:00,Electronics,Wireless Earbuds,1,69.16,0.0,0.0,69.16,69.16,Organic Search,Debit Card,Completed
ORD002201,CUST01373,Canada,2025-02-10 00:00:00,Beauty,Perfume,1,42.37,0.0,0.0,42.37,42.37,Direct,PayPal,Completed
ORD002202,CUST00590,India,2024-07-11 19:00:00,Home & Kitchen,Blender,1,24.35,0.0,0.0,24.35,24.35,Organic Search,Debit Card,Completed
ORD002203,CUST01201,Germany,2024-11-12 12:00:00,Beauty,Perfume,1,34.26,20.0,6.85,34.26,27.41,Organic Search,Credit Card,Completed
ORD002204,CUST00236,Germany,2024-10-08 15:00:00,Toys,Board Game,1,21.8,20.0,4.36,21.8,17.44,Direct,PayPal,Completed
ORD002205,CUST00945,India,2024-05-24 16:00:00,Home & Kitchen,Coffee Maker,1,52.31,5.0,2.62,52.31,49.69,Paid Ads,Debit Card,Completed
ORD002206,CUST01028,Canada,2024-04-14 22:00:00,Toys,Action Figure,1,38.04,5.0,1.9,38.04,36.14,Paid Ads,UPI,Completed
ORD002207,CUST00104,USA,2024-12-02 10:00:00,Sports,Resistance Bands,1,36.53,0.0,0.0,36.53,36.53,Email,Cash on Delivery,Completed
ORD002208,CUST00537,Canada,2025-01-25 12:00:00,Electronics,Wireless Earbuds,2,33.97,10.0,6.79,67.94,61.15,Organic Search,Debit Card,Cancelled
ORD002209,CUST00991,Germany,2024-06-11 20:00:00,Beauty,Perfume,1,20.13,0.0,0.0,20.13,20.13,Organic Search,PayPal,Completed
ORD002210,CUST00806,Germany,2025-04-17 17:00:00,Electronics,Bluetooth Speaker,2,137.43,20.0,54.97,274.86,219.89,Organic Search,Cash on Delivery,Returned
ORD002211,CUST00339,USA,2024-04-22 16:00:00,Sports,Resistance Bands,1,85.09,0.0,0.0,85.09,85.09,Social Media,UPI,Completed
ORD002212,CUST00556,USA,2025-02-23 06:00:00,Electronics,Power Bank,1,87.77,5.0,4.39,87.77,83.38,Social Media,PayPal,Returned
ORD002213,CUST01245,Germany,2025-04-18 21:00:00,Electronics,Power Bank,1,53.21,5.0,2.66,53.21,50.55,Organic Search,UPI,Completed
ORD002214,CUST00976,India,2025-01-13 17:00:00,Home & Kitchen,Bed Sheets,1,83.8,15.0,12.57,83.8,71.23,Direct,PayPal,Completed
ORD002215,CUST01105,Australia,2025-01-03 21:00:00,Beauty,Face Cream,1,10.15,5.0,0.51,10.15,9.64,Direct,PayPal,Completed
ORD002216,CUST00988,USA,2024-08-09 01:00:00,Electronics,Wireless Earbuds,3,88.73,0.0,0.0,266.19,266.19,Social Media,Cash on Delivery,Completed
ORD002217,CUST00969,USA,2024-12-27 09:00:00,Beauty,Lipstick,1,42.29,0.0,0.0,42.29,42.29,Direct,PayPal,Returned
ORD002218,CUST00605,India,2024-02-03 11:00:00,Sports,Running Shoes,1,39.33,0.0,0.0,39.33,39.33,Email,Credit Card,Completed
ORD002219,CUST00415,UK,2025-02-08 14:00:00,Clothing,Jacket,1,11.55,10.0,1.16,11.55,10.39,Paid Ads,PayPal,Completed
ORD002220,CUST00828,India,2024-05-23 18:00:00,Clothing,Jeans,1,10.92,5.0,0.55,10.92,10.37,Organic Search,PayPal,Completed
ORD002221,CUST00477,India,2024-01-09 11:00:00,Electronics,USB-C Cable,1,69.8,0.0,0.0,69.8,69.8,Social Media,Cash on Delivery,Completed
ORD002222,CUST01469,Canada,2025-02-19 04:00:00,Sports,Yoga Mat,1,32.14,15.0,4.82,32.14,27.32,Organic Search,Cash on Delivery,Completed
ORD002223,CUST00525,Canada,2024-01-16 06:00:00,Toys,Building Blocks,1,10.57,0.0,0.0,10.57,10.57,Organic Search,Credit Card,Completed
ORD002224,CUST01047,India,2025-02-17 05:00:00,Home & Kitchen,Coffee Maker,2,25.57,0.0,0.0,51.14,51.14,Organic Search,Debit Card,Completed
ORD002225,CUST00785,India,2024-10-08 04:00:00,Clothing,Sneakers,1,23.77,0.0,0.0,23.77,23.77,Email,UPI,Completed
ORD002226,CUST01144,USA,2024-10-25 16:00:00,Clothing,Jacket,1,15.45,0.0,0.0,15.45,15.45,Paid Ads,PayPal,Completed
ORD002227,CUST00696,UK,2024-10-09 16:00:00,Electronics,Smartphone Case,2,25.44,0.0,0.0,50.88,50.88,Direct,PayPal,Completed
ORD002228,CUST00426,USA,2025-01-12 17:00:00,Home & Kitchen,Cutlery Set,2,41.41,0.0,0.0,82.82,82.82,Email,Cash on Delivery,Completed
ORD002229,CUST01008,Canada,2024-02-11 01:00:00,Sports,Running Shoes,1,61.27,0.0,0.0,61.27,61.27,Organic Search,Cash on Delivery,Completed
ORD002230,CUST00629,India,2024-04-10 05:00:00,Beauty,Face Cream,2,16.65,0.0,0.0,33.3,33.3,Organic Search,Cash on Delivery,Completed
ORD002231,CUST00919,Germany,2024-11-22 00:00:00,Clothing,Jacket,1,50.86,0.0,0.0,50.86,50.86,Paid Ads,Credit Card,Completed
ORD002232,CUST00776,India,2024-09-27 14:00:00,Home & Kitchen,Bed Sheets,1,43.49,0.0,0.0,43.49,43.49,Organic Search,PayPal,Cancelled
ORD002233,CUST00149,India,2024-07-04 16:00:00,Books,Self-Help Book,1,14.32,0.0,0.0,14.32,14.32,Paid Ads,UPI,Completed
ORD002234,CUST01486,USA,2024-05-08 08:00:00,Beauty,Face Cream,1,56.18,0.0,0.0,56.18,56.18,Social Media,Debit Card,Completed
ORD002235,CUST01420,Australia,2024-06-25 18:00:00,Beauty,Sunscreen,2,49.99,20.0,20.0,99.98,79.98,Social Media,Cash on Delivery,Returned
ORD002236,CUST01400,UK,2024-04-17 16:00:00,Sports,Water Bottle,1,53.32,5.0,2.67,53.32,50.65,Email,Cash on Delivery,Completed
ORD002237,CUST01436,India,2024-05-27 07:00:00,Home & Kitchen,Storage Box,1,30.06,0.0,0.0,30.06,30.06,Social Media,PayPal,Completed
ORD002238,CUST01065,USA,2024-03-05 04:00:00,Home & Kitchen,Blender,1,74.32,10.0,7.43,74.32,66.89,Paid Ads,PayPal,Completed
ORD002239,CUST00804,UK,2025-02-07 20:00:00,Home & Kitchen,Storage Box,1,93.8,0.0,0.0,93.8,93.8,Organic Search,PayPal,Completed
ORD002240,CUST00257,Australia,2024-03-13 16:00:00,Clothing,Jeans,1,64.58,0.0,0.0,64.58,64.58,Social Media,Debit Card,Completed
ORD002241,CUST01254,India,2025-02-09 08:00:00,Home & Kitchen,Bed Sheets,2,15.96,5.0,1.6,31.92,30.32,Social Media,UPI,Completed
ORD002242,CUST00438,Canada,2025-03-08 12:00:00,Clothing,Sneakers,2,33.11,0.0,0.0,66.22,66.22,Paid Ads,PayPal,Completed
ORD002243,CUST00824,USA,2024-01-25 00:00:00,Electronics,USB-C Cable,1,110.17,20.0,22.03,110.17,88.14,Organic Search,PayPal,Returned
ORD002244,CUST00409,Canada,2025-04-05 12:00:00,Electronics,Smartphone Case,1,147.46,10.0,14.75,147.46,132.71,Organic Search,PayPal,Completed
ORD002245,CUST00402,Canada,2024-02-14 01:00:00,Clothing,Hoodie,1,10.99,0.0,0.0,10.99,10.99,Direct,Cash on Delivery,Completed
ORD002246,CUST00237,India,2024-07-10 22:00:00,Sports,Resistance Bands,1,39.42,0.0,0.0,39.42,39.42,Social Media,UPI,Completed
ORD002247,CUST01189,India,2025-02-20 16:00:00,Clothing,Jacket,3,65.6,10.0,19.68,196.8,177.12,Paid Ads,Debit Card,Returned
ORD002248,CUST00944,Canada,2025-02-09 19:00:00,Clothing,Hoodie,1,28.67,10.0,2.87,28.67,25.8,Social Media,Debit Card,Completed
ORD002249,CUST00863,USA,2024-05-25 00:00:00,Toys,Action Figure,1,42.98,0.0,0.0,42.98,42.98,Organic Search,Cash on Delivery,Completed
ORD002250,CUST01088,India,2025-02-28 21:00:00,Clothing,T-Shirt,1,14.08,5.0,0.7,14.08,13.38,Paid Ads,UPI,Completed
ORD002251,CUST00954,Canada,2025-01-02 00:00:00,Clothing,Jeans,1,51.6,0.0,0.0,51.6,51.6,Paid Ads,PayPal,Completed
ORD002252,CUST00742,India,2024-04-04 16:00:00,Electronics,Power Bank,1,148.07,0.0,0.0,148.07,148.07,Paid Ads,UPI,Completed
ORD002253,CUST00820,India,2024-10-20 05:00:00,Clothing,Jacket,1,33.24,5.0,1.66,33.24,31.58,Paid Ads,PayPal,Completed
ORD002254,CUST00258,UK,2024-12-01 17:00:00,Home & Kitchen,Bed Sheets,2,36.28,0.0,0.0,72.56,72.56,Organic Search,PayPal,Completed
ORD002255,CUST01018,USA,2024-06-25 02:00:00,Clothing,T-Shirt,3,52.85,0.0,0.0,158.55,158.55,Email,PayPal,Completed
ORD002256,CUST01399,UK,2024-05-13 03:00:00,Clothing,Sneakers,1,44.75,0.0,0.0,44.75,44.75,Organic Search,Cash on Delivery,Completed
ORD002257,CUST00759,Canada,2024-09-18 11:00:00,Clothing,T-Shirt,1,23.61,0.0,0.0,23.61,23.61,Paid Ads,Debit Card,Completed
ORD002258,CUST00022,India,2024-05-08 19:00:00,Beauty,Sunscreen,1,37.64,0.0,0.0,37.64,37.64,Organic Search,Debit Card,Completed
ORD002259,CUST00466,USA,2024-10-10 01:00:00,Electronics,Wireless Earbuds,1,85.34,5.0,4.27,85.34,81.07,Social Media,PayPal,Completed
ORD002260,CUST00660,USA,2024-10-11 07:00:00,Electronics,USB-C Cable,4,41.26,5.0,8.25,165.04,156.79,Social Media,PayPal,Completed
ORD002261,CUST00608,USA,2024-02-18 06:00:00,Home & Kitchen,Blender,3,39.31,0.0,0.0,117.93,117.93,Paid Ads,PayPal,Completed
ORD002262,CUST00869,Canada,2024-09-14 22:00:00,Sports,Running Shoes,1,82.73,10.0,8.27,82.73,74.46,Social Media,Debit Card,Completed
ORD002263,CUST00728,Germany,2025-03-22 11:00:00,Beauty,Lipstick,1,42.52,10.0,4.25,42.52,38.27,Organic Search,UPI,Completed
ORD002264,CUST00929,UK,2024-06-12 09:00:00,Sports,Resistance Bands,1,74.0,0.0,0.0,74.0,74.0,Organic Search,Credit Card,Completed
ORD002265,CUST00922,USA,2024-05-07 12:00:00,Books,Comic,1,13.82,0.0,0.0,13.82,13.82,Paid Ads,Credit Card,Completed
ORD002266,CUST00962,UK,2024-02-09 04:00:00,Beauty,Face Cream,2,25.76,,0.0,51.52,51.52,Organic Search,Credit Card,Completed
ORD002267,CUST00847,India,2024-06-15 08:00:00,Electronics,Bluetooth Speaker,2,43.57,0.0,0.0,87.14,87.14,Email,Credit Card,Completed
ORD002268,CUST00374,UK,2024-01-04 05:00:00,Electronics,Power Bank,1,127.56,20.0,25.51,127.56,102.05,Organic Search,Cash on Delivery,Completed
ORD002269,CUST00502,USA,2025-03-21 20:00:00,Home & Kitchen,Bed Sheets,1,13.9,0.0,0.0,13.9,13.9,Paid Ads,Cash on Delivery,Completed
ORD002270,CUST00133,India,2024-06-24 11:00:00,Electronics,Bluetooth Speaker,2,26.8,0.0,0.0,53.6,53.6,Organic Search,UPI,Completed
ORD002271,CUST01421,India,2024-02-04 07:00:00,Beauty,Shampoo,1,7.19,0.0,0.0,7.19,7.19,Organic Search,Debit Card,Completed
ORD002272,CUST00186,UK,2024-06-01 22:00:00,Toys,Puzzle,1,26.24,0.0,0.0,26.24,26.24,Organic Search,Credit Card,Completed
ORD002273,CUST00077,Germany,2024-03-31 04:00:00,Clothing,Jacket,1,73.51,0.0,0.0,73.51,73.51,Paid Ads,PayPal,Completed
ORD002274,CUST00788,USA,2025-05-12 17:00:00,Beauty,Shampoo,1,13.89,0.0,0.0,13.89,13.89,Organic Search,Credit Card,Completed
ORD002275,CUST01139,USA,2024-03-02 18:00:00,Electronics,Wireless Earbuds,1,79.88,0.0,0.0,79.88,79.88,Organic Search,PayPal,Completed
ORD002276,CUST01372,India,2025-01-24 12:00:00,Electronics,Bluetooth Speaker,2,31.35,10.0,6.27,62.7,56.43,Direct,PayPal,Completed
ORD002277,CUST00535,Germany,2024-08-01 22:00:00,Books,Comic,1,14.93,0.0,0.0,14.93,14.93,Organic Search,Credit Card,Completed
ORD002278,CUST00035,Australia,2025-03-22 09:00:00,Clothing,Hoodie,1,59.33,0.0,0.0,59.33,59.33,Paid Ads,PayPal,Completed
ORD002279,CUST00484,UK,2024-10-26 16:00:00,Beauty,Sunscreen,1,55.38,10.0,5.54,55.38,49.84,Paid Ads,Debit Card,Completed
ORD002280,CUST01402,India,2025-04-06 22:00:00,Electronics,Bluetooth Speaker,2,26.35,20.0,10.54,52.7,42.16,Direct,UPI,Completed
ORD002281,CUST00780,UK,2025-03-30 16:00:00,Toys,Building Blocks,1,49.13,0.0,0.0,49.13,49.13,Organic Search,Debit Card,Completed
ORD002282,CUST00541,Australia,2024-10-16 20:00:00,Toys,Building Blocks,1,20.95,0.0,0.0,20.95,20.95,Paid Ads,Cash on Delivery,Completed
ORD002283,CUST00604,India,2024-05-18 19:00:00,Toys,Board Game,1,37.32,10.0,3.73,37.32,33.59,Organic Search,Credit Card,Completed
ORD002284,CUST00514,Canada,2024-05-07 06:00:00,Beauty,Lipstick,1,33.24,0.0,0.0,33.24,33.24,Paid Ads,PayPal,Cancelled
ORD002285,CUST00266,Germany,2025-05-09 22:00:00,Home & Kitchen,Coffee Maker,1,95.11,10.0,9.51,95.11,85.6,Direct,Cash on Delivery,Completed
ORD002286,CUST00865,USA,2025-04-24 05:00:00,Home & Kitchen,Bed Sheets,1,13.62,10.0,1.36,13.62,12.26,Email,UPI,Completed
ORD002287,CUST00210,India,2024-01-24 08:00:00,Electronics,Power Bank,1,42.82,0.0,0.0,42.82,42.82,Paid Ads,UPI,Completed
ORD002288,CUST00061,USA,2024-10-20 19:00:00,Home & Kitchen,Cutlery Set,2,32.37,0.0,0.0,64.74,64.74,Social Media,PayPal,Cancelled
ORD002289,CUST00062,India,2024-11-03 17:00:00,Books,Cookbook,1,12.78,5.0,0.64,12.78,12.14,Direct,Debit Card,Completed
ORD002290,CUST00250,Canada,2025-03-14 08:00:00,Toys,Puzzle,1,47.77,0.0,0.0,47.77,47.77,Social Media,Credit Card,Completed
ORD002291,CUST01351,Canada,2024-01-13 10:00:00,Home & Kitchen,Blender,1,34.64,5.0,1.73,34.64,32.91,Paid Ads,UPI,Completed
ORD002292,CUST00975,India,2024-09-13 21:00:00,Toys,Action Figure,1,21.22,0.0,0.0,21.22,21.22,Social Media,UPI,Cancelled
ORD002293,CUST00518,Germany,2024-01-12 20:00:00,Clothing,T-Shirt,3,48.84,0.0,0.0,146.52,146.52,Paid Ads,Credit Card,Completed
ORD002294,CUST01013,Australia,2024-01-27 22:00:00,Home & Kitchen,Coffee Maker,1,33.97,5.0,1.7,33.97,32.27,Social Media,UPI,Returned
ORD002295,CUST01253,India,2025-03-22 04:00:00,Clothing,Hoodie,1,77.4,0.0,0.0,77.4,77.4,Social Media,UPI,Completed
ORD002296,CUST00601,India,2024-11-01 15:00:00,Beauty,Lipstick,2,25.25,0.0,0.0,50.5,50.5,Organic Search,UPI,Completed
ORD002297,CUST01466,India,2024-04-30 16:00:00,Books,Biography,1,9.21,5.0,0.46,9.21,8.75,Email,Debit Card,Completed
ORD002298,CUST01281,UK,2025-04-28 00:00:00,Home & Kitchen,Cutlery Set,1,61.95,0.0,0.0,61.95,61.95,Email,PayPal,Completed
ORD002299,CUST00503,India,2024-02-25 02:00:00,Electronics,Smartphone Case,1,105.71,0.0,0.0,105.71,105.71,Organic Search,Credit Card,Completed
ORD002300,CUST00202,India,2024-08-20 14:00:00,Books,Comic,2,21.27,0.0,0.0,42.54,42.54,Organic Search,Cash on Delivery,Completed
ORD002301,CUST01315,USA,2025-01-17 01:00:00,Clothing,Jacket,2,42.06,5.0,4.21,84.12,79.91,Email,Debit Card,Returned
ORD002302,CUST00824,USA,2025-01-14 10:00:00,Home & Kitchen,Blender,2,69.65,15.0,20.9,139.3,118.4,Email,UPI,Returned
ORD002303,CUST00500,Australia,2024-12-14 00:00:00,Clothing,T-Shirt,1,12.22,0.0,0.0,12.22,12.22,Email,UPI,Cancelled
ORD002304,CUST01095,India,2025-02-10 21:00:00,Clothing,Jacket,1,63.89,10.0,6.39,63.89,57.5,Organic Search,UPI,Completed
ORD002305,CUST00677,India,2025-02-08 20:00:00,Clothing,T-Shirt,4,33.4,0.0,0.0,133.6,133.6,Social Media,Credit Card,Completed
ORD002306,CUST00578,Australia,2024-03-18 19:00:00,Electronics,Bluetooth Speaker,1,29.42,0.0,0.0,29.42,29.42,Organic Search,PayPal,Completed
ORD002307,CUST01160,India,2024-07-06 03:00:00,Electronics,Smartphone Case,3,33.6,0.0,0.0,100.8,100.8,Organic Search,UPI,Completed
ORD002308,CUST01328,Germany,2024-02-13 13:00:00,Electronics,Bluetooth Speaker,2,103.21,0.0,0.0,206.42,206.42,Paid Ads,Debit Card,Completed
ORD002309,CUST01136,India,2024-11-29 01:00:00,Clothing,Jeans,1,30.44,0.0,0.0,30.44,30.44,Paid Ads,Cash on Delivery,Completed
ORD002310,CUST00745,India,2024-09-15 08:00:00,Clothing,Jacket,1,24.93,0.0,0.0,24.93,24.93,Paid Ads,Credit Card,Completed
ORD002311,CUST00382,UK,2025-01-22 07:00:00,Electronics,Power Bank,2,138.95,0.0,0.0,277.9,277.9,Social Media,Debit Card,Completed
ORD002312,CUST00505,UK,2024-06-11 17:00:00,Home & Kitchen,Blender,1,73.25,0.0,0.0,73.25,73.25,Paid Ads,Cash on Delivery,Completed
ORD002313,CUST01197,Australia,2024-06-02 05:00:00,Home & Kitchen,Coffee Maker,1,49.04,0.0,0.0,49.04,49.04,Direct,Debit Card,Completed
ORD002314,CUST00951,UK,2024-03-22 16:00:00,Home & Kitchen,Blender,1,61.67,0.0,0.0,61.67,61.67,Direct,Cash on Delivery,Completed
ORD002315,CUST01416,Australia,2024-05-24 13:00:00,Toys,Board Game,1,8.44,0.0,0.0,8.44,8.44,Direct,Debit Card,Completed
ORD002316,CUST01202,India,2025-04-08 10:00:00,Beauty,Shampoo,1,15.36,0.0,0.0,15.36,15.36,Organic Search,Debit Card,Completed
ORD002317,CUST01281,UK,2024-04-11 03:00:00,Electronics,Bluetooth Speaker,2,92.52,0.0,0.0,185.04,185.04,Paid Ads,Cash on Delivery,Completed
ORD002318,CUST00488,India,2024-10-21 16:00:00,Clothing,T-Shirt,1,33.26,0.0,0.0,33.26,33.26,Organic Search,UPI,Completed
ORD002319,CUST00156,India,2024-03-15 11:00:00,Clothing,Jacket,2,24.68,10.0,4.94,49.36,44.42,Email,Debit Card,Completed
ORD002320,CUST00428,Canada,2024-01-24 05:00:00,Clothing,T-Shirt,1,13.53,10.0,1.35,13.53,12.18,Email,Cash on Delivery,Completed
ORD002321,CUST00965,India,2025-02-10 09:00:00,Home & Kitchen,Blender,1,25.17,,0.0,25.17,25.17,Direct,Credit Card,Returned
ORD002322,CUST00057,India,2025-01-13 13:00:00,Clothing,Jeans,2,32.56,5.0,3.26,65.12,61.86,Email,Debit Card,Completed
ORD002323,CUST00511,UK,2024-04-16 00:00:00,Sports,Dumbbells,1,35.74,0.0,0.0,35.74,35.74,Social Media,UPI,Completed
ORD002324,CUST00749,Canada,2024-02-27 20:00:00,Sports,Resistance Bands,1,53.01,0.0,0.0,53.01,53.01,Email,Debit Card,Completed
ORD002325,CUST00708,Germany,2024-03-29 16:00:00,Beauty,Sunscreen,1,16.4,5.0,0.82,16.4,15.58,Social Media,UPI,Completed
ORD002326,CUST00923,Canada,2024-03-18 02:00:00,Books,Self-Help Book,1,27.38,15.0,4.11,27.38,23.27,Paid Ads,Cash on Delivery,Returned
ORD002327,CUST00548,UK,2024-01-24 22:00:00,Beauty,Shampoo,1,57.54,0.0,0.0,57.54,57.54,Paid Ads,Credit Card,Completed
ORD002328,CUST00554,USA,2024-11-13 20:00:00,Electronics,Power Bank,3,73.77,0.0,0.0,221.31,221.31,Paid Ads,Credit Card,Returned
ORD002329,CUST00167,India,2025-04-13 10:00:00,Clothing,Jacket,1,22.86,0.0,0.0,22.86,22.86,Paid Ads,Debit Card,Completed
ORD002330,CUST00236,Germany,2024-03-25 13:00:00,Clothing,Sneakers,1,45.53,5.0,2.28,45.53,43.25,Organic Search,PayPal,Completed
ORD002331,CUST01448,Canada,2024-04-29 04:00:00,Sports,Running Shoes,1,12.62,0.0,0.0,12.62,12.62,Email,PayPal,Completed
ORD002332,CUST00887,UK,2024-11-30 21:00:00,Electronics,Smartphone Case,1,89.18,15.0,13.38,89.18,75.8,Paid Ads,UPI,Completed
ORD002333,CUST01226,UK,2024-01-04 19:00:00,Electronics,Wireless Earbuds,4,89.11,0.0,0.0,356.44,356.44,Organic Search,PayPal,Cancelled
ORD002334,CUST01389,Australia,2025-05-10 06:00:00,Electronics,Bluetooth Speaker,1,22.08,0.0,0.0,22.08,22.08,Social Media,PayPal,Completed
ORD002335,CUST00284,India,2024-11-19 12:00:00,Home & Kitchen,Bed Sheets,3,36.53,20.0,21.92,109.59,87.67,Paid Ads,UPI,Cancelled
ORD002336,CUST01122,Australia,2024-08-06 11:00:00,Toys,Building Blocks,1,8.28,0.0,0.0,8.28,8.28,Organic Search,PayPal,Completed
ORD002337,CUST00890,India,2024-09-28 17:00:00,Home & Kitchen,Cutlery Set,2,98.64,0.0,0.0,197.28,197.28,Organic Search,Credit Card,Completed
ORD002338,CUST00776,India,2025-03-02 10:00:00,Toys,Building Blocks,3,23.04,20.0,13.82,69.12,55.3,Direct,Credit Card,Completed
ORD002339,CUST00922,USA,2024-10-16 08:00:00,Electronics,Wireless Earbuds,3,52.71,0.0,0.0,158.13,158.13,Organic Search,PayPal,Completed
ORD002340,CUST00784,India,2024-04-20 20:00:00,Beauty,Perfume,1,31.27,10.0,3.13,31.27,28.14,Paid Ads,PayPal,Completed
ORD002341,CUST00811,Australia,2024-05-24 21:00:00,Clothing,Sneakers,1,65.81,0.0,0.0,65.81,65.81,Social Media,Credit Card,Completed
ORD002342,CUST01349,Australia,2025-02-21 00:00:00,Beauty,Perfume,2,50.2,0.0,0.0,100.4,100.4,Email,Debit Card,Cancelled
ORD002343,CUST00868,India,2024-07-16 00:00:00,Electronics,Smartphone Case,2,23.92,5.0,2.39,47.84,45.45,Social Media,PayPal,Completed
ORD002344,CUST00839,USA,2025-04-07 11:00:00,Home & Kitchen,Storage Box,3,46.39,0.0,0.0,139.17,139.17,Organic Search,PayPal,Completed
ORD002345,CUST01088,India,2024-06-01 05:00:00,Books,Cookbook,1,11.93,0.0,0.0,11.93,11.93,Email,UPI,Completed
ORD002346,CUST00710,UK,2024-11-10 17:00:00,Electronics,USB-C Cable,1,123.27,0.0,0.0,123.27,123.27,Social Media,Debit Card,Completed
ORD002347,CUST01481,Germany,2024-08-01 03:00:00,Home & Kitchen,Bed Sheets,2,98.06,0.0,0.0,196.12,196.12,Organic Search,Cash on Delivery,Cancelled
ORD002348,CUST01005,Germany,2024-03-07 19:00:00,Clothing,Jacket,1,68.23,0.0,0.0,68.23,68.23,Organic Search,Credit Card,Completed
ORD002349,CUST01308,Germany,2025-01-15 04:00:00,Home & Kitchen,Coffee Maker,1,71.91,0.0,0.0,71.91,71.91,Organic Search,PayPal,Returned
ORD002350,CUST01365,Germany,2024-03-14 21:00:00,Electronics,Wireless Earbuds,2,127.89,0.0,0.0,255.78,255.78,Social Media,Credit Card,Completed
ORD002351,CUST01170,India,2024-03-07 04:00:00,Beauty,Perfume,1,14.7,15.0,2.2,14.7,12.5,Organic Search,Cash on Delivery,Cancelled
ORD002352,CUST00924,Germany,2024-10-29 09:00:00,Home & Kitchen,Coffee Maker,4,79.11,0.0,0.0,316.44,316.44,Organic Search,Debit Card,Completed
ORD002353,CUST01032,USA,2024-07-25 22:00:00,Toys,RC Car,1,10.4,0.0,0.0,10.4,10.4,Paid Ads,Debit Card,Completed
ORD002354,CUST01465,Australia,2025-04-29 19:00:00,Home & Kitchen,Coffee Maker,1,57.66,0.0,0.0,57.66,57.66,Social Media,Credit Card,Completed
ORD002355,CUST00434,India,2024-02-28 12:00:00,Electronics,Smartphone Case,2,34.74,0.0,0.0,69.48,69.48,Social Media,Cash on Delivery,Completed
ORD002356,CUST00377,Canada,2025-02-21 17:00:00,Toys,Board Game,1,11.2,0.0,0.0,11.2,11.2,Paid Ads,Cash on Delivery,Completed
ORD002357,CUST01111,Germany,2024-01-24 05:00:00,Clothing,Jeans,4,34.13,10.0,13.65,136.52,122.87,Paid Ads,Debit Card,Completed
ORD002358,CUST00324,India,2024-03-25 04:00:00,Home & Kitchen,Bed Sheets,3,78.96,10.0,23.69,236.88,213.19,Organic Search,UPI,Completed
ORD002359,CUST01368,Canada,2024-05-01 02:00:00,Electronics,USB-C Cable,1,111.68,0.0,0.0,111.68,111.68,Organic Search,UPI,Completed
ORD002360,CUST00175,UK,2024-10-25 07:00:00,Electronics,Power Bank,1,22.32,10.0,2.23,22.32,20.09,Organic Search,Cash on Delivery,Completed
ORD002361,CUST00383,UK,2024-09-02 02:00:00,Home & Kitchen,Blender,1,44.88,0.0,0.0,44.88,44.88,Paid Ads,Debit Card,Cancelled
ORD002362,CUST01103,Canada,2024-04-01 10:00:00,Toys,Building Blocks,1,23.45,10.0,2.35,23.45,21.1,Social Media,Cash on Delivery,Completed
ORD002363,CUST01247,India,2024-10-16 10:00:00,Books,Cookbook,2,28.6,10.0,5.72,57.2,51.48,Organic Search,Debit Card,Completed
ORD002364,CUST00271,Germany,2024-01-20 11:00:00,Clothing,Jacket,1,23.34,0.0,0.0,23.34,23.34,Paid Ads,Credit Card,Completed
ORD002365,CUST00507,Canada,2024-04-27 15:00:00,Home & Kitchen,Cutlery Set,1,64.04,0.0,0.0,64.04,64.04,Social Media,UPI,Completed
ORD002366,CUST00570,India,2024-12-15 19:00:00,Toys,Puzzle,1,29.35,5.0,1.47,29.35,27.88,Email,Credit Card,Completed
ORD002367,CUST00758,USA,2025-04-15 14:00:00,Electronics,Power Bank,2,146.4,0.0,0.0,292.8,292.8,Email,UPI,Completed
ORD002368,CUST00217,India,2025-03-21 08:00:00,Clothing,Hoodie,1,20.03,0.0,0.0,20.03,20.03,Email,Debit Card,Completed
ORD002369,CUST00057,India,2025-04-03 18:00:00,Beauty,Face Cream,1,41.02,0.0,0.0,41.02,41.02,Social Media,Debit Card,Completed
ORD002370,CUST01243,Germany,2024-06-10 09:00:00,Toys,Puzzle,1,17.74,0.0,0.0,17.74,17.74,Social Media,UPI,Completed
ORD002371,CUST01098,India,2024-07-24 18:00:00,Electronics,Power Bank,2,137.79,0.0,0.0,275.58,275.58,Paid Ads,Debit Card,Completed
ORD002372,CUST01029,India,2024-02-28 12:00:00,Electronics,Power Bank,1,148.85,10.0,14.88,148.85,133.97,Paid Ads,PayPal,Completed
ORD002373,CUST00135,Australia,2024-05-05 10:00:00,Books,Biography,1,24.92,0.0,0.0,24.92,24.92,Paid Ads,Credit Card,Completed
ORD002374,CUST00486,Canada,2024-10-04 06:00:00,Electronics,Power Bank,1,36.66,10.0,3.67,36.66,32.99,Social Media,Debit Card,Completed
ORD002375,CUST00900,India,2025-01-04 18:00:00,Beauty,Lipstick,1,20.32,10.0,2.03,20.32,18.29,Organic Search,PayPal,Completed
ORD002376,CUST00106,India,2025-03-13 11:00:00,Clothing,Hoodie,2,75.76,0.0,0.0,151.52,151.52,Social Media,PayPal,Completed
ORD002377,CUST00684,UK,2024-09-13 02:00:00,Home & Kitchen,Storage Box,2,81.58,10.0,16.32,163.16,146.84,Email,Cash on Delivery,Completed
ORD002378,CUST01215,UK,2024-07-11 00:00:00,Electronics,Wireless Earbuds,1,36.3,10.0,3.63,36.3,32.67,Email,UPI,Completed
ORD002379,CUST00447,Australia,2024-10-02 09:00:00,Clothing,Jacket,1,65.17,0.0,0.0,65.17,65.17,Direct,Cash on Delivery,Completed
ORD002380,CUST00476,Australia,2024-11-05 18:00:00,Electronics,USB-C Cable,1,41.16,15.0,6.17,41.16,34.99,Organic Search,Cash on Delivery,Completed
ORD002381,CUST00276,USA,2024-12-13 09:00:00,Sports,Dumbbells,2,8.29,5.0,0.83,16.58,15.75,Paid Ads,PayPal,Completed
ORD002382,CUST00727,India,2025-01-22 21:00:00,Electronics,Power Bank,1,25.84,0.0,0.0,25.84,25.84,Email,Credit Card,Completed
ORD002383,CUST00348,India,2024-02-18 02:00:00,Toys,RC Car,1,29.15,0.0,0.0,29.15,29.15,Social Media,Debit Card,Completed
ORD002384,CUST00259,USA,2024-11-05 07:00:00,Sports,Dumbbells,1,47.15,0.0,0.0,47.15,47.15,Organic Search,UPI,Completed
ORD002385,CUST00860,India,2025-02-02 19:00:00,Home & Kitchen,Blender,1,43.48,0.0,0.0,43.48,43.48,Organic Search,Debit Card,Completed
ORD002386,CUST00024,USA,2025-05-06 09:00:00,Electronics,Power Bank,1,91.85,10.0,9.18,91.85,82.67,Direct,Cash on Delivery,Completed
ORD002387,CUST00387,India,2024-07-10 17:00:00,Electronics,Bluetooth Speaker,1,88.23,0.0,0.0,88.23,88.23,Organic Search,PayPal,Completed
ORD002388,CUST01449,Australia,2024-06-18 13:00:00,Home & Kitchen,Storage Box,1,15.13,5.0,0.76,15.13,14.37,Organic Search,UPI,Completed
ORD002389,CUST00618,India,2024-10-30 14:00:00,Books,Comic,2,6.82,0.0,0.0,13.64,13.64,Organic Search,Cash on Delivery,Cancelled
ORD002390,CUST00429,USA,2024-07-31 06:00:00,Toys,Board Game,1,17.22,5.0,0.86,17.22,16.36,Email,Cash on Delivery,Completed
ORD002391,CUST00300,India,2025-03-13 01:00:00,Beauty,Sunscreen,2,47.95,0.0,0.0,95.9,95.9,Paid Ads,UPI,Completed
ORD002392,CUST01221,Australia,2024-04-08 04:00:00,Electronics,Power Bank,1,60.9,0.0,0.0,60.9,60.9,Social Media,Cash on Delivery,Completed
ORD002393,CUST01344,Germany,2024-11-06 08:00:00,Sports,Running Shoes,2,57.05,0.0,0.0,114.1,114.1,Organic Search,Debit Card,Completed
ORD002394,CUST00890,India,2024-09-20 13:00:00,Electronics,Power Bank,1,69.61,5.0,3.48,69.61,66.13,Organic Search,Cash on Delivery,Returned
ORD002395,CUST00369,India,2024-09-11 04:00:00,Sports,Yoga Mat,2,81.51,20.0,32.6,163.02,130.42,Organic Search,UPI,Completed
ORD002396,CUST00226,India,2024-01-30 21:00:00,Sports,Resistance Bands,1,21.73,0.0,0.0,21.73,21.73,Organic Search,Credit Card,Completed
ORD002397,CUST00383,UK,2024-09-30 08:00:00,Electronics,USB-C Cable,1,91.01,0.0,0.0,91.01,91.01,Social Media,Credit Card,Completed
ORD002398,CUST00586,India,2025-01-19 20:00:00,Toys,Building Blocks,1,21.45,20.0,4.29,21.45,17.16,Social Media,Cash on Delivery,Completed
ORD002399,CUST01026,USA,2024-03-13 13:00:00,Clothing,Jacket,1,56.09,0.0,0.0,56.09,56.09,Social Media,Debit Card,Completed
ORD002400,CUST01094,USA,2024-09-21 10:00:00,Home & Kitchen,Coffee Maker,1,82.08,,0.0,82.08,82.08,Direct,PayPal,Cancelled
ORD002401,CUST00309,Germany,2024-04-30 01:00:00,Clothing,Sneakers,2,29.11,0.0,0.0,58.22,58.22,Social Media,UPI,Completed
ORD002402,CUST01377,U.S.A,2024-09-17 08:00:00,Electronics,Smartphone Case,2,50.46,0.0,0.0,100.92,100.92,Organic Search,PayPal,Completed
ORD002403,CUST00817,USA,2025-05-02 04:00:00,Sports,Resistance Bands,1,25.77,20.0,5.15,25.77,20.62,Paid Ads,Credit Card,Completed
ORD002404,CUST00787,USA,2025-04-02 07:00:00,Home & Kitchen,Storage Box,1,68.93,0.0,0.0,68.93,68.93,Organic Search,Cash on Delivery,Completed
ORD002405,CUST00613,UK,2024-10-31 16:00:00,Clothing,Jacket,2,76.96,15.0,23.09,153.92,130.83,Organic Search,UPI,Completed
ORD002406,CUST00204,Canada,2025-01-02 22:00:00,Toys,Building Blocks,1,35.04,0.0,0.0,35.04,35.04,Organic Search,UPI,Completed
ORD002407,CUST00959,India,2024-10-31 19:00:00,Home & Kitchen,Blender,1,87.76,0.0,0.0,87.76,87.76,Organic Search,Debit Card,Completed
ORD002408,CUST01208,USA,2024-12-07 07:00:00,Home & Kitchen,Coffee Maker,1,16.38,0.0,0.0,16.38,16.38,Paid Ads,UPI,Completed
ORD002409,CUST00813,India,2024-05-22 12:00:00,Toys,RC Car,1,32.85,0.0,0.0,32.85,32.85,Social Media,Credit Card,Completed
ORD002410,CUST01314,Germany,2025-04-25 15:00:00,Books,Cookbook,1,20.48,5.0,1.02,20.48,19.46,Social Media,PayPal,Completed
ORD002411,CUST00044,Canada,2025-04-16 21:00:00,Clothing,Jacket,1,71.94,0.0,0.0,71.94,71.94,Direct,Credit Card,Completed
ORD002412,CUST01280,USA,2024-09-16 14:00:00,Books,Novel,2,18.86,0.0,0.0,37.72,37.72,Social Media,Cash on Delivery,Completed
ORD002413,CUST00958,India,2024-12-28 17:00:00,Home & Kitchen,Storage Box,1,44.93,0.0,0.0,44.93,44.93,Direct,Credit Card,Completed
ORD002414,CUST01424,India,2024-11-01 12:00:00,Beauty,Sunscreen,1,40.56,0.0,0.0,40.56,40.56,Social Media,PayPal,Completed
ORD002415,CUST00234,USA,2024-09-07 07:00:00,Electronics,Bluetooth Speaker,1,102.59,0.0,0.0,102.59,102.59,Organic Search,Debit Card,Completed
ORD002416,CUST00629,India,2024-04-07 11:00:00,Sports,Water Bottle,1,13.71,0.0,0.0,13.71,13.71,Paid Ads,PayPal,Completed
ORD002417,CUST01429,UK,2024-02-15 20:00:00,Beauty,Face Cream,1,56.38,0.0,0.0,56.38,56.38,Paid Ads,UPI,Completed
ORD002418,CUST00647,USA,2024-10-16 03:00:00,Beauty,Shampoo,1,7.2,0.0,0.0,7.2,7.2,Paid Ads,PayPal,Completed
ORD002419,CUST00267,UK,2024-02-11 09:00:00,Books,Biography,1,10.68,0.0,0.0,10.68,10.68,Social Media,PayPal,Completed
ORD002420,CUST00445,Germany,2024-08-04 10:00:00,Toys,RC Car,2,38.64,0.0,0.0,77.28,77.28,Organic Search,Credit Card,Completed
ORD002421,CUST01393,India,2024-05-21 22:00:00,Toys,Building Blocks,1,47.18,20.0,9.44,47.18,37.74,Paid Ads,UPI,Completed
ORD002422,CUST00909,India,2024-03-21 06:00:00,Home & Kitchen,Blender,1,84.82,0.0,0.0,84.82,84.82,Paid Ads,UPI,Returned
ORD002423,CUST01115,USA,2024-01-31 01:00:00,Clothing,T-Shirt,4,63.01,5.0,12.6,252.04,239.44,Paid Ads,Debit Card,Completed
ORD002424,CUST01110,India,2025-03-07 02:00:00,Clothing,Hoodie,4,35.7,20.0,28.56,142.8,114.24,Social Media,PayPal,Returned
ORD002425,CUST00242,Australia,2025-03-30 22:00:00,Electronics,Wireless Earbuds,1,149.3,5.0,7.46,149.3,141.84,Social Media,Cash on Delivery,Completed
ORD002426,CUST00599,India,2025-05-11 20:00:00,Electronics,Bluetooth Speaker,1,88.4,20.0,17.68,88.4,70.72,Direct,Debit Card,Completed
ORD002427,CUST00416,USA,2024-03-12 03:00:00,Clothing,Jeans,1,28.56,0.0,0.0,28.56,28.56,Direct,Credit Card,Returned
ORD002428,CUST00336,India,2024-03-20 20:00:00,Books,Biography,1,27.05,0.0,0.0,27.05,27.05,Paid Ads,Cash on Delivery,Returned
ORD002429,CUST00821,Germany,2025-04-12 20:00:00,Electronics,Wireless Earbuds,1,76.1,0.0,0.0,76.1,76.1,Paid Ads,PayPal,Returned
ORD002430,CUST00905,USA,2024-06-04 21:00:00,Beauty,Lipstick,2,59.28,5.0,5.93,118.56,112.63,Organic Search,Credit Card,Completed
ORD002431,CUST00108,Germany,2025-01-29 01:00:00,Sports,Yoga Mat,1,50.92,0.0,0.0,50.92,50.92,Social Media,Credit Card,Returned
ORD002432,CUST01049,Canada,2025-05-08 07:00:00,Electronics,Bluetooth Speaker,1,32.57,0.0,0.0,32.57,32.57,Organic Search,Debit Card,Completed
ORD002433,CUST01333,India,2024-09-30 20:00:00,Books,Comic,1,29.43,0.0,0.0,29.43,29.43,Social Media,PayPal,Completed
ORD002434,CUST01187,UK,2024-04-14 18:00:00,Home & Kitchen,Cutlery Set,1,20.87,0.0,0.0,20.87,20.87,Social Media,Cash on Delivery,Completed
ORD002435,CUST01072,India,2025-03-23 00:00:00,Beauty,Lipstick,1,58.72,10.0,5.87,58.72,52.85,Social Media,Debit Card,Cancelled
ORD002436,CUST00898,Canada,2025-01-04 09:00:00,Electronics,Bluetooth Speaker,1,47.62,0.0,0.0,47.62,47.62,Paid Ads,Debit Card,Cancelled
ORD002437,CUST00482,UK,2024-03-21 06:00:00,Electronics,USB-C Cable,4,149.05,0.0,0.0,596.2,596.2,Organic Search,UPI,Cancelled
ORD002438,CUST00910,USA,2025-02-24 01:00:00,Home & Kitchen,Cutlery Set,1,40.59,0.0,0.0,40.59,40.59,Organic Search,PayPal,Completed
ORD002439,CUST00851,India,2025-02-09 06:00:00,Books,Biography,2,5.52,0.0,0.0,11.04,11.04,Organic Search,UPI,Completed
ORD002440,CUST00780,UK,2024-02-12 11:00:00,Home & Kitchen,Coffee Maker,2,67.85,0.0,0.0,135.7,135.7,Organic Search,UPI,Completed
ORD002441,CUST00457,India,2024-05-17 04:00:00,Clothing,T-Shirt,1,74.61,20.0,14.92,74.61,59.69,Social Media,Cash on Delivery,Completed
ORD002442,CUST00598,India,2024-06-24 11:00:00,Books,Novel,1,22.84,0.0,0.0,22.84,22.84,Email,Cash on Delivery,Completed
ORD002443,CUST01170,India,2024-06-08 19:00:00,Beauty,Face Cream,1,56.35,20.0,11.27,56.35,45.08,Email,PayPal,Completed
ORD002444,CUST01345,Germany,2024-05-08 09:00:00,Home & Kitchen,Coffee Maker,1,98.75,0.0,0.0,98.75,98.75,Paid Ads,Debit Card,Completed
ORD002445,CUST01068,India,2024-06-27 03:00:00,Toys,Puzzle,1,35.29,0.0,0.0,35.29,35.29,Social Media,UPI,Returned
ORD002446,CUST00137,USA,2024-11-19 03:00:00,Sports,Dumbbells,1,78.07,0.0,0.0,78.07,78.07,Paid Ads,Credit Card,Completed
ORD002447,CUST01499,USA,2024-11-22 06:00:00,Electronics,Power Bank,1,47.47,0.0,0.0,47.47,47.47,Social Media,Debit Card,Completed
ORD002448,CUST01032,USA,2025-01-08 16:00:00,Books,Biography,1,14.17,0.0,0.0,14.17,14.17,Paid Ads,Debit Card,Completed
ORD002449,CUST00909,India,2025-03-20 14:00:00,Home & Kitchen,Cutlery Set,1,41.6,5.0,2.08,41.6,39.52,Paid Ads,UPI,Completed
ORD002450,CUST00228,USA,2024-02-03 08:00:00,Beauty,Face Cream,1,38.84,0.0,0.0,38.84,38.84,Paid Ads,Debit Card,Completed
ORD002451,CUST00158,Germany,2024-11-03 15:00:00,Electronics,Bluetooth Speaker,1,23.13,0.0,0.0,23.13,23.13,Social Media,Credit Card,Completed
ORD002452,CUST00335,India,2024-08-07 14:00:00,Electronics,Power Bank,1,19.04,20.0,3.81,19.04,15.23,Email,Debit Card,Completed
ORD002453,CUST00038,India,2024-04-17 21:00:00,Beauty,Perfume,1,42.11,15.0,6.32,42.11,35.79,Direct,Debit Card,Cancelled
ORD002454,CUST00625,UK,2025-03-03 12:00:00,Clothing,T-Shirt,1,12.48,0.0,0.0,12.48,12.48,Social Media,PayPal,Returned
ORD002455,CUST01460,UK,2024-04-24 14:00:00,Sports,Resistance Bands,1,50.79,0.0,0.0,50.79,50.79,Paid Ads,Debit Card,Completed
ORD002456,CUST01342,USA,2024-03-28 05:00:00,Books,Self-Help Book,2,29.43,20.0,11.77,58.86,47.09,Email,Debit Card,Completed
ORD002457,CUST00613,UK,2024-01-18 00:00:00,Electronics,Bluetooth Speaker,2,123.7,10.0,24.74,247.4,222.66,Social Media,Cash on Delivery,Completed
ORD002458,CUST00951,UK,2024-09-29 07:00:00,Electronics,Power Bank,1,47.01,15.0,7.05,47.01,39.96,Paid Ads,Credit Card,Completed
ORD002459,CUST01280,USA,2025-05-03 22:00:00,Home & Kitchen,Blender,1,96.51,20.0,19.3,96.51,77.21,Email,Debit Card,Completed
ORD002460,CUST00625,UK,2025-01-12 11:00:00,Electronics,Wireless Earbuds,2,18.22,20.0,7.29,36.44,29.15,Organic Search,UPI,Completed
ORD002461,CUST00080,India,2025-04-09 17:00:00,Toys,Puzzle,1,43.58,0.0,0.0,43.58,43.58,Organic Search,Cash on Delivery,Completed
ORD002462,CUST01056,USA,2024-10-06 00:00:00,Clothing,Jeans,2,42.66,10.0,8.53,85.32,76.79,Social Media,Cash on Delivery,Completed
ORD002463,CUST00069,India,2024-12-25 06:00:00,Beauty,Sunscreen,2,19.52,0.0,0.0,39.04,39.04,Direct,UPI,Completed
ORD002464,CUST00376,India,2024-12-10 11:00:00,Books,Self-Help Book,1,10.88,0.0,0.0,10.88,10.88,Paid Ads,Credit Card,Completed
ORD002465,CUST00422,Germany,2025-01-22 21:00:00,Electronics,Smartphone Case,3,107.69,0.0,0.0,323.07,323.07,Organic Search,PayPal,Completed
ORD002466,CUST00810,India,2024-03-14 06:00:00,Beauty,Face Cream,1,22.75,0.0,0.0,22.75,22.75,Paid Ads,UPI,Completed
ORD002467,CUST00370,India,2024-11-30 02:00:00,Home & Kitchen,Coffee Maker,1,72.58,5.0,3.63,72.58,68.95,Paid Ads,Cash on Delivery,Completed
ORD002468,CUST01050,India,2024-12-23 02:00:00,Toys,Action Figure,1,45.67,20.0,9.13,45.67,36.54,Paid Ads,UPI,Completed
ORD002469,CUST00124,India,2024-09-13 20:00:00,Beauty,Shampoo,1,22.04,0.0,0.0,22.04,22.04,Paid Ads,UPI,Completed
ORD002470,CUST01231,Canada,2025-03-15 16:00:00,Electronics,Power Bank,1,134.07,0.0,0.0,134.07,134.07,Organic Search,Credit Card,Completed
ORD002471,CUST00185,India,2024-10-09 19:00:00,Clothing,Jeans,1,30.99,15.0,4.65,30.99,26.34,Organic Search,Cash on Delivery,Completed
ORD002472,CUST00946,India,2024-01-06 20:00:00,Beauty,Lipstick,1,25.48,10.0,2.55,25.48,22.93,Social Media,Debit Card,Completed
ORD002473,CUST01222,India,2024-12-07 08:00:00,Toys,Puzzle,1,38.71,5.0,1.94,38.71,36.77,Organic Search,Debit Card,Returned
ORD002474,CUST00429,USA,2024-10-06 18:00:00,Electronics,Smartphone Case,1,47.23,0.0,0.0,47.23,47.23,Social Media,Debit Card,Completed
ORD002475,CUST00098,USA,2024-04-09 20:00:00,Toys,Board Game,1,40.99,0.0,0.0,40.99,40.99,Email,UPI,Completed
ORD002476,CUST01218,UK,2025-01-01 22:00:00,Sports,Yoga Mat,2,50.47,0.0,0.0,100.94,100.94,Direct,Debit Card,Completed
ORD002477,CUST00330,India,2024-09-14 12:00:00,Electronics,Power Bank,1,149.37,0.0,0.0,149.37,149.37,Email,UPI,Completed
ORD002478,CUST00572,Germany,2024-06-23 09:00:00,Home & Kitchen,Cutlery Set,1,79.94,0.0,0.0,79.94,79.94,Social Media,Cash on Delivery,Completed
ORD002479,CUST00522,USA,2024-03-04 00:00:00,Beauty,Lipstick,1,48.99,0.0,0.0,48.99,48.99,Paid Ads,UPI,Completed
ORD002480,CUST00021,UK,2024-11-03 17:00:00,Home & Kitchen,Bed Sheets,2,51.4,0.0,0.0,102.8,102.8,Social Media,Cash on Delivery,Cancelled
ORD002481,CUST00754,India,2025-03-29 06:00:00,Beauty,Sunscreen,1,27.41,10.0,2.74,27.41,24.67,Social Media,Credit Card,Completed
ORD002482,CUST01124,Germany,2025-03-08 14:00:00,Clothing,T-Shirt,1,10.82,5.0,0.54,10.82,10.28,Organic Search,Credit Card,Completed
ORD002483,CUST01352,USA,2024-06-22 00:00:00,Toys,RC Car,2,47.72,0.0,0.0,95.44,95.44,Organic Search,Credit Card,Completed
ORD002484,CUST01247,India,2024-08-31 09:00:00,Beauty,Perfume,2,5.42,0.0,0.0,10.84,10.84,Paid Ads,PayPal,Completed
ORD002485,CUST00098,USA,2025-02-17 12:00:00,Home & Kitchen,Bed Sheets,2,81.09,0.0,0.0,162.18,162.18,Organic Search,UPI,Completed
ORD002486,CUST01265,India,2024-01-18 00:00:00,Home & Kitchen,Storage Box,1,27.84,0.0,0.0,27.84,27.84,Social Media,UPI,Completed
ORD002487,CUST00840,UK,2024-03-25 22:00:00,Toys,Board Game,2,42.21,0.0,0.0,84.42,84.42,Paid Ads,Cash on Delivery,Completed
ORD002488,CUST00731,India,2024-09-27 18:00:00,Books,Comic,2,24.69,0.0,0.0,49.38,49.38,Direct,UPI,Completed
ORD002489,CUST01432,USA,2024-08-14 05:00:00,Toys,RC Car,2,11.32,10.0,2.26,22.64,20.38,Social Media,Cash on Delivery,Completed
ORD002490,CUST01187,UK,2024-06-15 11:00:00,Clothing,Hoodie,1,76.8,15.0,11.52,76.8,65.28,Organic Search,Debit Card,Completed
ORD002491,CUST00976,India,2024-06-14 00:00:00,Home & Kitchen,Coffee Maker,1,41.25,0.0,0.0,41.25,41.25,Organic Search,UPI,Completed
ORD002492,CUST00111,India,2024-02-24 20:00:00,Books,Cookbook,2,7.06,10.0,1.41,14.12,12.71,Paid Ads,UPI,Completed
ORD002493,CUST00759,Canada,2024-06-08 05:00:00,Clothing,T-Shirt,1,48.67,5.0,2.43,48.67,46.24,Paid Ads,PayPal,Completed
ORD002494,CUST01473,Canada,2024-09-30 04:00:00,Books,Biography,1,11.16,0.0,0.0,11.16,11.16,Paid Ads,PayPal,Completed
ORD002495,CUST01157,India,2024-05-22 03:00:00,Home & Kitchen,Bed Sheets,2,32.38,0.0,0.0,64.76,64.76,Paid Ads,PayPal,Completed
ORD002496,CUST00540,India,2024-06-16 12:00:00,Electronics,Wireless Earbuds,2,92.27,0.0,0.0,184.54,184.54,Organic Search,UPI,Completed
ORD002497,CUST00573,USA,2025-05-14 18:00:00,Clothing,Sneakers,1,33.47,0.0,0.0,33.47,33.47,Paid Ads,Cash on Delivery,Completed
ORD002498,CUST01487,USA,2024-03-24 06:00:00,Beauty,Perfume,3,45.07,0.0,0.0,135.21,135.21,Direct,UPI,Completed
ORD002499,CUST00336,India,2024-11-14 06:00:00,Electronics,Bluetooth Speaker,2,50.47,0.0,0.0,100.94,100.94,Paid Ads,PayPal,Returned
ORD002500,CUST00121,Germany,2024-10-30 15:00:00,Books,Cookbook,1,9.36,0.0,0.0,9.36,9.36,Organic Search,Debit Card,Completed
ORD002501,CUST00673,India,2024-10-10 00:00:00,Clothing,T-Shirt,4,27.7,0.0,0.0,110.8,110.8,Organic Search,Debit Card,Completed
ORD002502,CUST00705,India,2025-05-14 08:00:00,Toys,Action Figure,1,10.77,0.0,0.0,10.77,10.77,Organic Search,Credit Card,Completed
ORD002503,CUST00238,India,2024-09-30 10:00:00,Clothing,Jacket,1,58.22,5.0,2.91,58.22,55.31,Email,PayPal,Completed
ORD002504,CUST00101,India,2025-02-14 16:00:00,Clothing,T-Shirt,1,57.64,0.0,0.0,57.64,57.64,Email,Cash on Delivery,Completed
ORD002505,CUST01102,Australia,2024-10-27 00:00:00,Home & Kitchen,Storage Box,1,87.73,15.0,13.16,87.73,74.57,Paid Ads,Debit Card,Completed
ORD002506,CUST00993,India,2024-02-05 09:00:00,Toys,Puzzle,2,31.28,0.0,0.0,62.56,62.56,Direct,Debit Card,Completed
ORD002507,CUST00381,India,2025-03-17 03:00:00,Clothing,Hoodie,1,50.96,0.0,0.0,50.96,50.96,Social Media,UPI,Completed
ORD002508,CUST00336,India,2024-04-25 09:00:00,Beauty,Lipstick,1,15.6,0.0,0.0,15.6,15.6,Organic Search,Credit Card,Completed
ORD002509,CUST01056,USA,2024-06-29 00:00:00,Electronics,Bluetooth Speaker,1,130.42,5.0,6.52,130.42,123.9,Direct,PayPal,Completed
ORD002510,CUST00595,Canada,2025-01-01 16:00:00,Electronics,Smartphone Case,1,149.02,20.0,29.8,149.02,119.22,Direct,Credit Card,Completed
ORD002511,CUST00325,Australia,2024-11-15 00:00:00,Toys,Action Figure,1,27.72,0.0,0.0,27.72,27.72,Email,Debit Card,Completed
ORD002512,CUST00117,Germany,2025-04-13 16:00:00,Home & Kitchen,Storage Box,2,57.62,0.0,0.0,115.24,115.24,Paid Ads,Cash on Delivery,Completed
ORD002513,CUST01487,USA,2024-08-05 12:00:00,Clothing,Hoodie,1,55.63,0.0,0.0,55.63,55.63,Organic Search,Credit Card,Completed
ORD002514,CUST00095,Germany,2024-09-24 21:00:00,Home & Kitchen,Coffee Maker,2,98.03,0.0,0.0,196.06,196.06,Organic Search,PayPal,Returned
ORD002515,CUST00852,Germany,2025-02-03 03:00:00,Toys,Action Figure,1,37.13,0.0,0.0,37.13,37.13,Paid Ads,Debit Card,Completed
ORD002516,CUST01386,India,2024-07-24 18:00:00,Home & Kitchen,Bed Sheets,3,16.24,5.0,2.44,48.72,46.28,Email,PayPal,Completed
ORD002517,CUST01496,UK,2024-06-08 15:00:00,Home & Kitchen,Bed Sheets,1,42.42,0.0,0.0,42.42,42.42,Paid Ads,PayPal,Returned
ORD002518,CUST00091,India,2024-12-04 01:00:00,Electronics,Power Bank,1,54.14,,0.0,54.14,54.14,Paid Ads,UPI,Completed
ORD002519,CUST00719,India,2025-02-22 03:00:00,Clothing,Jacket,1,41.65,10.0,4.16,41.65,37.49,Email,PayPal,Completed
ORD002520,CUST00288,USA,2024-09-25 09:00:00,Clothing,Jeans,1,62.23,20.0,12.45,62.23,49.78,Social Media,Cash on Delivery,Completed
ORD002521,CUST00658,USA,2024-09-15 12:00:00,Clothing,Sneakers,3,10.67,0.0,0.0,32.01,32.01,Paid Ads,UPI,Completed
ORD002522,CUST01018,USA,2025-05-08 12:00:00,Home & Kitchen,Cutlery Set,1,66.93,0.0,0.0,66.93,66.93,Paid Ads,PayPal,Returned
ORD002523,CUST01459,India,2025-04-03 01:00:00,Home & Kitchen,Coffee Maker,1,85.33,20.0,17.07,85.33,68.26,Social Media,Cash on Delivery,Completed
ORD002524,CUST00334,India,2024-11-23 07:00:00,Toys,Board Game,2,19.68,5.0,1.97,39.36,37.39,Social Media,UPI,Completed
ORD002525,CUST01088,India,2024-11-16 06:00:00,Home & Kitchen,Blender,1,83.73,0.0,0.0,83.73,83.73,Direct,Credit Card,Completed
ORD002526,CUST00152,India,2024-10-15 21:00:00,Beauty,Perfume,3,22.41,0.0,0.0,67.23,67.23,Organic Search,UPI,Completed
ORD002527,CUST00541,Australia,2025-02-15 11:00:00,Clothing,Sneakers,1,17.75,0.0,0.0,17.75,17.75,Organic Search,PayPal,Completed
ORD002528,CUST01174,India,2024-01-16 00:00:00,Beauty,Lipstick,1,16.47,0.0,0.0,16.47,16.47,Organic Search,Cash on Delivery,Completed
ORD002529,CUST00705,India,2024-02-04 20:00:00,Electronics,Wireless Earbuds,1,104.9,0.0,0.0,104.9,104.9,Social Media,PayPal,Completed
ORD002530,CUST00011,India,2024-09-20 11:00:00,Beauty,Sunscreen,1,21.54,5.0,1.08,21.54,20.46,Direct,UPI,Completed
ORD002531,CUST00530,Canada,2024-04-11 09:00:00,Books,Novel,1,23.33,0.0,0.0,23.33,23.33,Paid Ads,Debit Card,Completed
ORD002532,CUST01398,India,2024-05-02 09:00:00,Electronics,Smartphone Case,3,116.01,10.0,34.8,348.03,313.23,Paid Ads,Credit Card,Completed
ORD002533,CUST00154,USA,2024-10-22 19:00:00,Electronics,Bluetooth Speaker,1,61.52,0.0,0.0,61.52,61.52,Organic Search,Credit Card,Completed
ORD002534,CUST00315,Canada,2024-11-06 14:00:00,Home & Kitchen,Coffee Maker,2,80.98,5.0,8.1,161.96,153.86,Paid Ads,Credit Card,Completed
ORD002535,CUST00424,USA,2024-06-08 02:00:00,Electronics,Power Bank,1,89.97,,0.0,89.97,89.97,Paid Ads,Credit Card,Completed
ORD002536,CUST00748,USA,2024-03-08 09:00:00,Books,Biography,1,28.92,0.0,0.0,28.92,28.92,Organic Search,Credit Card,Completed
ORD002537,CUST00807,Australia,2024-12-06 12:00:00,Home & Kitchen,Cutlery Set,2,77.75,0.0,0.0,155.5,155.5,Email,UPI,Completed
ORD002538,CUST00319,India,2025-01-17 22:00:00,Clothing,Jeans,2,49.27,10.0,9.85,98.54,88.69,Paid Ads,Cash on Delivery,Completed
ORD002539,CUST00846,USA,2025-02-25 07:00:00,Sports,Dumbbells,1,74.55,0.0,0.0,74.55,74.55,Organic Search,Cash on Delivery,Completed
ORD002540,CUST00175,UK,2025-05-12 14:00:00,Clothing,Hoodie,1,33.88,0.0,0.0,33.88,33.88,Paid Ads,Credit Card,Cancelled
ORD002541,CUST00839,USA,2024-03-15 13:00:00,Toys,Puzzle,2,16.69,10.0,3.34,33.38,30.04,Paid Ads,PayPal,Completed
ORD002542,CUST01289,India,2025-01-17 02:00:00,Books,Novel,2,6.37,0.0,0.0,12.74,12.74,Organic Search,UPI,Completed
ORD002543,CUST00394,Germany,2024-04-10 00:00:00,Electronics,Wireless Earbuds,2,90.67,0.0,0.0,181.34,181.34,Paid Ads,Cash on Delivery,Completed
ORD002544,CUST01461,USA,2024-11-26 05:00:00,Home & Kitchen,Cutlery Set,2,83.62,0.0,0.0,167.24,167.24,Paid Ads,PayPal,Completed
ORD002545,CUST00290,USA,2025-05-05 18:00:00,Home & Kitchen,Cutlery Set,2,75.05,15.0,22.52,150.1,127.58,Organic Search,Debit Card,Completed
ORD002546,CUST00371,India,2025-01-26 13:00:00,Clothing,Hoodie,2,20.75,0.0,0.0,41.5,41.5,Organic Search,PayPal,Completed
ORD002547,CUST00773,India,2024-12-16 12:00:00,Electronics,Wireless Earbuds,1,149.79,0.0,0.0,149.79,149.79,Social Media,UPI,Completed
ORD002548,CUST00794,UK,2024-05-02 13:00:00,Electronics,Power Bank,1,25.66,20.0,5.13,25.66,20.53,Organic Search,PayPal,Completed
ORD002549,CUST00418,India,2024-12-24 12:00:00,Toys,Puzzle,2,14.55,5.0,1.46,29.1,27.64,Email,Debit Card,Completed
ORD002550,CUST01198,Australia,2024-08-29 09:00:00,Sports,Dumbbells,1,48.57,5.0,2.43,48.57,46.14,Email,PayPal,Completed
ORD002551,CUST01228,India,2024-08-16 22:00:00,Beauty,Face Cream,1,22.37,0.0,0.0,22.37,22.37,Paid Ads,PayPal,Completed
ORD002552,CUST00139,USA,2025-04-24 19:00:00,Beauty,Lipstick,2,20.27,0.0,0.0,40.54,40.54,Paid Ads,Debit Card,Completed
ORD002553,CUST00492,UK,2024-08-02 09:00:00,Toys,Building Blocks,1,46.66,10.0,4.67,46.66,41.99,Direct,Debit Card,Completed
ORD002554,CUST01312,Canada,2024-09-03 19:00:00,Sports,Yoga Mat,1,62.29,0.0,0.0,62.29,62.29,Paid Ads,PayPal,Completed
ORD002555,CUST01092,UK,2024-01-05 01:00:00,Home & Kitchen,Storage Box,1,31.37,0.0,0.0,31.37,31.37,Organic Search,Cash on Delivery,Cancelled
ORD002556,CUST00864,USA,2024-04-21 11:00:00,Toys,Puzzle,1,22.28,0.0,0.0,22.28,22.28,Paid Ads,Credit Card,Completed
ORD002557,CUST00729,India,2024-02-07 18:00:00,Electronics,USB-C Cable,2,149.49,0.0,0.0,298.98,298.98,Social Media,PayPal,Completed
ORD002558,CUST00630,India,2024-12-27 01:00:00,Beauty,Lipstick,1,26.01,0.0,0.0,26.01,26.01,Paid Ads,Credit Card,Completed
ORD002559,CUST00861,Germany,2024-12-27 08:00:00,Clothing,T-Shirt,1,75.82,10.0,7.58,75.82,68.24,Direct,Credit Card,Completed
ORD002560,CUST01350,India,2024-09-20 11:00:00,Clothing,T-Shirt,1,36.69,0.0,0.0,36.69,36.69,Organic Search,PayPal,Completed
ORD002561,CUST00142,India,2024-01-04 15:00:00,Sports,Running Shoes,1,33.15,5.0,1.66,33.15,31.49,Organic Search,Cash on Delivery,Completed
ORD002562,CUST00375,India,2024-02-06 03:00:00,Books,Novel,1,12.33,5.0,0.62,12.33,11.71,Paid Ads,PayPal,Completed
ORD002563,CUST00691,India,2024-05-19 21:00:00,Sports,Dumbbells,2,75.74,0.0,0.0,151.48,151.48,Organic Search,Cash on Delivery,Completed
ORD002564,CUST00782,USA,2024-04-24 02:00:00,Home & Kitchen,Blender,1,74.45,0.0,0.0,74.45,74.45,Social Media,Cash on Delivery,Completed
ORD002565,CUST00201,UK,2025-03-21 22:00:00,Home & Kitchen,Storage Box,1,96.19,5.0,4.81,96.19,91.38,Paid Ads,Debit Card,Completed
ORD002566,CUST00963,India,2025-04-15 21:00:00,Clothing,Hoodie,3,24.99,0.0,0.0,74.97,74.97,Paid Ads,PayPal,Completed
ORD002567,CUST01097,India,2024-03-08 08:00:00,Clothing,T-Shirt,3,75.46,5.0,11.32,226.38,215.06,Paid Ads,Debit Card,Completed
ORD002568,CUST01164,Germany,2024-09-10 14:00:00,Electronics,USB-C Cable,1,149.13,10.0,14.91,149.13,134.22,Paid Ads,PayPal,Completed
ORD002569,CUST01257,India,2024-04-07 05:00:00,Sports,Dumbbells,1,25.48,5.0,1.27,25.48,24.21,Social Media,Credit Card,Completed
ORD002570,CUST01305,UK,2024-01-30 17:00:00,Sports,Water Bottle,1,27.84,0.0,0.0,27.84,27.84,Organic Search,PayPal,Completed
ORD002571,CUST01116,USA,2024-02-14 08:00:00,Home & Kitchen,Storage Box,4,91.92,5.0,18.38,367.68,349.3,Organic Search,Cash on Delivery,Completed
ORD002572,CUST00806,Germany,2025-03-06 11:00:00,Clothing,Jacket,1,37.8,5.0,1.89,37.8,35.91,Paid Ads,Cash on Delivery,Completed
ORD002573,CUST00100,India,2024-08-21 01:00:00,Beauty,Shampoo,3,49.16,0.0,0.0,147.48,147.48,Social Media,Credit Card,Completed
ORD002574,CUST00453,USA,2025-05-12 03:00:00,Beauty,Shampoo,2,30.05,10.0,6.01,60.1,54.09,Email,Debit Card,Completed
ORD002575,CUST01309,India,2024-10-22 21:00:00,Clothing,Jeans,1,10.13,0.0,0.0,10.13,10.13,Organic Search,Credit Card,Completed
ORD002576,CUST00290,USA,2024-06-08 12:00:00,Clothing,Jeans,1,17.46,0.0,0.0,17.46,17.46,Social Media,UPI,Completed
ORD002577,CUST01325,Australia,2024-06-08 13:00:00,Clothing,Jacket,1,22.85,0.0,0.0,22.85,22.85,Email,Debit Card,Completed
ORD002578,CUST00869,Canada,2024-04-28 08:00:00,Toys,Building Blocks,4,34.8,5.0,6.96,139.2,132.24,Email,Cash on Delivery,Returned
ORD002579,CUST00634,USA,2024-01-10 22:00:00,Beauty,Sunscreen,1,37.87,0.0,0.0,37.87,37.87,Social Media,PayPal,Completed
ORD002580,CUST01158,Canada,2024-09-23 10:00:00,Home & Kitchen,Storage Box,1,68.67,0.0,0.0,68.67,68.67,Direct,Cash on Delivery,Returned
ORD002581,CUST00521,USA,2024-12-08 05:00:00,Sports,Running Shoes,1,67.36,10.0,6.74,67.36,60.62,Organic Search,Debit Card,Completed
ORD002582,CUST00849,USA,2024-03-12 12:00:00,Toys,Puzzle,1,37.07,0.0,0.0,37.07,37.07,Email,Cash on Delivery,Returned
ORD002583,CUST01491,India,2024-05-25 14:00:00,Electronics,Smartphone Case,1,112.25,0.0,0.0,112.25,112.25,Direct,Credit Card,Returned
ORD002584,CUST00993,India,2024-08-10 18:00:00,Toys,Building Blocks,1,9.4,0.0,0.0,9.4,9.4,Organic Search,PayPal,Completed
ORD002585,CUST00356,UK,2024-03-09 20:00:00,Toys,RC Car,1,43.3,5.0,2.16,43.3,41.14,Paid Ads,Debit Card,Completed
ORD002586,CUST00021,UK,2024-08-05 07:00:00,Beauty,Lipstick,1,42.7,0.0,0.0,42.7,42.7,Email,UPI,Completed
ORD002587,CUST01032,USA,2025-05-11 02:00:00,Sports,Water Bottle,1,66.95,0.0,0.0,66.95,66.95,Paid Ads,PayPal,Returned
ORD002588,CUST01282,UK,2024-04-06 14:00:00,Sports,Yoga Mat,1,27.97,15.0,4.2,27.97,23.77,Organic Search,Credit Card,Completed
ORD002589,CUST00401,India,2024-08-09 11:00:00,Sports,Water Bottle,1,52.2,10.0,5.22,52.2,46.98,Paid Ads,Credit Card,Completed
ORD002590,CUST00782,USA,2024-03-18 06:00:00,Clothing,T-Shirt,1,69.7,0.0,0.0,69.7,69.7,Paid Ads,UPI,Completed
ORD002591,CUST01218,UK,2024-05-15 14:00:00,Home & Kitchen,Cutlery Set,3,75.46,0.0,0.0,226.38,226.38,Email,Cash on Delivery,Completed
ORD002592,CUST01272,Canada,2024-05-02 19:00:00,Sports,Water Bottle,3,56.04,20.0,33.62,168.12,134.5,Social Media,Credit Card,Returned
ORD002593,CUST00168,India,2024-02-16 05:00:00,Home & Kitchen,Storage Box,2,35.87,0.0,0.0,71.74,71.74,Paid Ads,PayPal,Completed
ORD002594,CUST00503,India,2024-06-26 20:00:00,Toys,Action Figure,1,30.0,5.0,1.5,30.0,28.5,Social Media,Credit Card,Completed
ORD002595,CUST00992,UK,2025-01-19 12:00:00,Electronics,Bluetooth Speaker,2,146.98,0.0,0.0,293.96,293.96,Social Media,Debit Card,Completed
ORD002596,CUST00819,India,2024-06-01 06:00:00,Books,Comic,1,25.44,0.0,0.0,25.44,25.44,Paid Ads,PayPal,Completed
ORD002597,CUST01049,Canada,2025-04-23 19:00:00,Sports,Yoga Mat,2,53.3,10.0,10.66,106.6,95.94,Email,Credit Card,Completed
ORD002598,CUST00407,USA,2024-03-21 16:00:00,Beauty,Perfume,1,47.05,5.0,2.35,47.05,44.7,Organic Search,UPI,Completed
ORD002599,CUST00744,USA,2024-08-05 05:00:00,Home & Kitchen,Storage Box,1,89.47,0.0,0.0,89.47,89.47,Organic Search,Debit Card,Completed
ORD002600,CUST00108,Germany,2024-11-01 10:00:00,Toys,Building Blocks,1,34.23,5.0,1.71,34.23,32.52,Organic Search,Debit Card,Completed
ORD002601,CUST01287,India,2024-11-29 07:00:00,Electronics,Power Bank,4,124.05,10.0,49.62,496.2,446.58,Social Media,Credit Card,Completed
ORD002602,CUST00570,India,2025-03-15 17:00:00,Beauty,Sunscreen,1,41.28,10.0,4.13,41.28,37.15,Paid Ads,Cash on Delivery,Completed
ORD002603,CUST00888,India,2024-03-15 20:00:00,Home & Kitchen,Storage Box,1,12.73,0.0,0.0,12.73,12.73,Organic Search,Credit Card,Completed
ORD002604,CUST01214,Germany,2024-10-12 22:00:00,Books,Comic,1,18.95,5.0,0.95,18.95,18.0,Organic Search,PayPal,Cancelled
ORD002605,CUST01297,India,2024-03-16 22:00:00,Clothing,Sneakers,1,56.02,0.0,0.0,56.02,56.02,Email,Credit Card,Completed
ORD002606,CUST00282,India,2024-06-07 15:00:00,Clothing,Sneakers,1,68.85,15.0,10.33,68.85,58.52,Paid Ads,PayPal,Completed
ORD002607,CUST01445,Canada,2025-02-09 08:00:00,Electronics,Wireless Earbuds,1,111.29,5.0,5.56,111.29,105.73,Paid Ads,UPI,Completed
ORD002608,CUST00234,USA,2024-02-09 07:00:00,Clothing,Jacket,1,79.69,10.0,7.97,79.69,71.72,Social Media,Debit Card,Completed
ORD002609,CUST00582,Australia,2024-12-18 03:00:00,Clothing,Jacket,2,71.95,0.0,0.0,143.9,143.9,Social Media,PayPal,Completed
ORD002610,CUST01310,Germany,2024-01-28 11:00:00,Electronics,USB-C Cable,1,45.37,10.0,4.54,45.37,40.83,Organic Search,Debit Card,Completed
ORD002611,CUST01474,USA,2024-06-06 10:00:00,Books,Cookbook,2,6.49,0.0,0.0,12.98,12.98,Organic Search,Cash on Delivery,Completed
ORD002612,CUST00522,USA,2024-06-26 01:00:00,Beauty,Sunscreen,2,33.29,10.0,6.66,66.58,59.92,Social Media,Credit Card,Completed
ORD002613,CUST01318,Germany,2024-04-29 14:00:00,Toys,Puzzle,2,28.4,10.0,5.68,56.8,51.12,Email,PayPal,Completed
ORD002614,CUST00187,Germany,2024-08-06 05:00:00,Books,Cookbook,2,20.65,5.0,2.06,41.3,39.24,Email,Cash on Delivery,Completed
ORD002615,CUST00608,USA,2024-05-11 12:00:00,Electronics,USB-C Cable,1,110.52,10.0,11.05,110.52,99.47,Social Media,PayPal,Completed
ORD002616,CUST00693,USA,2024-05-04 04:00:00,Beauty,Face Cream,2,47.92,0.0,0.0,95.84,95.84,Social Media,Credit Card,Completed
ORD002617,CUST00009,UK,2024-03-23 20:00:00,Clothing,T-Shirt,1,55.75,10.0,5.58,55.75,50.17,Paid Ads,PayPal,Completed
ORD002618,CUST00877,UK,2024-11-18 17:00:00,Books,Biography,1,29.05,0.0,0.0,29.05,29.05,Email,Cash on Delivery,Cancelled
ORD002619,CUST01177,Germany,2024-05-23 22:00:00,Beauty,Shampoo,1,37.79,20.0,7.56,37.79,30.23,Organic Search,PayPal,Completed
ORD002620,CUST00304,UK,2024-12-11 09:00:00,Electronics,Bluetooth Speaker,1,118.91,15.0,17.84,118.91,101.07,Social Media,Debit Card,Completed
ORD002621,CUST00555,Canada,2025-03-07 14:00:00,Sports,Dumbbells,2,85.29,0.0,0.0,170.58,170.58,Social Media,Cash on Delivery,Returned
ORD002622,CUST00281,Canada,2024-11-19 04:00:00,Beauty,Sunscreen,1,22.01,0.0,0.0,22.01,22.01,Social Media,UPI,Completed
ORD002623,CUST00315,Canada,2025-04-24 00:00:00,Electronics,Power Bank,1,136.43,5.0,6.82,136.43,129.61,Social Media,UPI,Completed
ORD002624,CUST01454,USA,2024-09-06 02:00:00,Toys,Puzzle,1,45.31,10.0,4.53,45.31,40.78,Paid Ads,Credit Card,Completed
ORD002625,CUST00982,Germany,2025-04-25 13:00:00,Beauty,Face Cream,3,22.71,5.0,3.41,68.13,64.72,Organic Search,Cash on Delivery,Completed
ORD002626,CUST01312,Canada,2024-09-02 12:00:00,Electronics,USB-C Cable,1,103.25,0.0,0.0,103.25,103.25,Paid Ads,Cash on Delivery,Completed
ORD002627,CUST00458,USA,2025-04-08 15:00:00,Sports,Water Bottle,1,62.88,0.0,0.0,62.88,62.88,Email,UPI,Completed
ORD002628,CUST00703,India,2025-03-31 20:00:00,Books,Novel,2,28.53,0.0,0.0,57.06,57.06,Social Media,Cash on Delivery,Completed
ORD002629,CUST00977,USA,2024-01-24 08:00:00,Electronics,USB-C Cable,1,39.09,0.0,0.0,39.09,39.09,Organic Search,Debit Card,Completed
ORD002630,CUST00176,India,2024-06-18 01:00:00,Books,Cookbook,1,25.25,0.0,0.0,25.25,25.25,Paid Ads,UPI,Completed
ORD002631,CUST01331,USA,2024-06-23 16:00:00,Home & Kitchen,Coffee Maker,2,24.66,0.0,0.0,49.32,49.32,Organic Search,PayPal,Completed
ORD002632,CUST00904,USA,2024-05-31 05:00:00,Electronics,USB-C Cable,1,115.18,5.0,5.76,115.18,109.42,Social Media,UPI,Completed
ORD002633,CUST01217,India,2024-03-18 17:00:00,Beauty,Sunscreen,1,40.41,10.0,4.04,40.41,36.37,Social Media,Debit Card,Completed
ORD002634,CUST01003,Canada,2025-03-25 10:00:00,Electronics,Wireless Earbuds,1,32.05,5.0,1.6,32.05,30.45,Email,Cash on Delivery,Completed
ORD002635,CUST00010,UK,2024-10-03 02:00:00,Electronics,Bluetooth Speaker,1,45.85,10.0,4.58,45.85,41.27,Email,UPI,Completed
ORD002636,CUST00304,UK,2025-04-02 06:00:00,Clothing,Jacket,3,24.95,5.0,3.74,74.85,71.11,Organic Search,Credit Card,Completed
ORD002637,CUST00502,USA,2024-06-09 11:00:00,Toys,RC Car,1,23.34,0.0,0.0,23.34,23.34,Direct,PayPal,Completed
ORD002638,CUST01236,USA,2024-09-19 15:00:00,Electronics,Bluetooth Speaker,1,54.67,15.0,8.2,54.67,46.47,Email,Cash on Delivery,Completed
ORD002639,CUST00370,India,2025-04-15 14:00:00,Sports,Dumbbells,2,41.42,0.0,0.0,82.84,82.84,Paid Ads,Credit Card,Completed
ORD002640,CUST01379,USA,2025-02-20 02:00:00,Electronics,Smartphone Case,1,25.74,0.0,0.0,25.74,25.74,Paid Ads,Credit Card,Completed
ORD002641,CUST01337,India,2024-01-02 01:00:00,Home & Kitchen,Cutlery Set,1,54.21,0.0,0.0,54.21,54.21,Social Media,PayPal,Completed
ORD002642,CUST00356,UK,2024-01-13 05:00:00,Electronics,USB-C Cable,1,135.25,0.0,0.0,135.25,135.25,Social Media,PayPal,Completed
ORD002643,CUST00969,USA,2024-07-23 13:00:00,Beauty,Shampoo,1,44.66,15.0,6.7,44.66,37.96,Organic Search,Debit Card,Completed
ORD002644,CUST00186,UK,2024-02-07 04:00:00,Clothing,T-Shirt,1,66.6,0.0,0.0,66.6,66.6,Social Media,Cash on Delivery,Completed
ORD002645,CUST01454,USA,2024-01-31 08:00:00,Beauty,Sunscreen,1,29.03,0.0,0.0,29.03,29.03,Paid Ads,Cash on Delivery,Completed
ORD002646,CUST00588,India,2024-04-23 00:00:00,Electronics,Bluetooth Speaker,1,44.07,0.0,0.0,44.07,44.07,Paid Ads,PayPal,Returned
ORD002647,CUST00846,USA,2025-03-19 13:00:00,Clothing,Jacket,1,78.75,0.0,0.0,78.75,78.75,Paid Ads,Debit Card,Completed
ORD002648,CUST00101,India,2024-09-25 10:00:00,Sports,Yoga Mat,1,72.16,20.0,14.43,72.16,57.73,Social Media,Debit Card,Cancelled
ORD002649,CUST00867,India,2024-03-29 11:00:00,Sports,Dumbbells,4,55.36,10.0,22.14,221.44,199.3,Organic Search,Credit Card,Completed
ORD002650,CUST01310,Germany,2024-09-04 08:00:00,Beauty,Perfume,4,59.94,0.0,0.0,239.76,239.76,Email,UPI,Completed
ORD002651,CUST01252,USA,2024-12-01 10:00:00,Beauty,Perfume,1,51.98,0.0,0.0,51.98,51.98,Organic Search,Debit Card,Returned
ORD002652,CUST00284,India,2025-02-05 11:00:00,Toys,RC Car,2,47.95,0.0,0.0,95.9,95.9,Organic Search,UPI,Completed
ORD002653,CUST01268,USA,2024-04-07 04:00:00,Clothing,Jacket,2,43.31,10.0,8.66,86.62,77.96,Social Media,PayPal,Cancelled
ORD002654,CUST00378,India,2024-07-26 14:00:00,Electronics,Smartphone Case,1,53.28,0.0,0.0,53.28,53.28,Social Media,PayPal,Completed
ORD002655,CUST01348,USA,2024-11-08 19:00:00,Electronics,Wireless Earbuds,2,75.94,0.0,0.0,151.88,151.88,Social Media,Debit Card,Completed
ORD002656,CUST00477,India,2024-10-31 02:00:00,Electronics,USB-C Cable,4,57.13,0.0,0.0,228.52,228.52,Social Media,PayPal,Completed
ORD002657,CUST01276,India,2025-05-03 10:00:00,Electronics,Smartphone Case,1,70.24,0.0,0.0,70.24,70.24,Paid Ads,Debit Card,Completed
ORD002658,CUST01252,USA,2024-03-06 09:00:00,Electronics,Wireless Earbuds,1,89.16,0.0,0.0,89.16,89.16,Paid Ads,Credit Card,Completed
ORD002659,CUST00356,UK,2024-04-09 00:00:00,Home & Kitchen,Coffee Maker,1,64.66,0.0,0.0,64.66,64.66,Paid Ads,UPI,Completed
ORD002660,CUST01173,UK,2025-02-10 14:00:00,Sports,Yoga Mat,3,51.12,0.0,0.0,153.36,153.36,Social Media,Cash on Delivery,Completed
ORD002661,CUST00591,India,2025-04-08 17:00:00,Electronics,Smartphone Case,1,62.29,0.0,0.0,62.29,62.29,Organic Search,PayPal,Completed
ORD002662,CUST00817,USA,2024-05-08 14:00:00,Books,Cookbook,1,18.85,0.0,0.0,18.85,18.85,Social Media,Credit Card,Completed
ORD002663,CUST01454,USA,2024-02-07 03:00:00,Books,Cookbook,1,17.5,0.0,0.0,17.5,17.5,Paid Ads,UPI,Completed
ORD002664,CUST00025,USA,2024-07-11 21:00:00,Clothing,Jeans,1,23.41,0.0,0.0,23.41,23.41,Paid Ads,Credit Card,Returned
ORD002665,CUST00837,Canada,2025-04-21 17:00:00,Beauty,Perfume,1,33.56,0.0,0.0,33.56,33.56,Social Media,PayPal,Completed
ORD002666,CUST01109,UK,2024-03-14 00:00:00,Beauty,Perfume,1,53.88,0.0,0.0,53.88,53.88,Organic Search,UPI,Completed
ORD002667,CUST00361,USA,2024-09-17 19:00:00,Sports,Yoga Mat,1,29.03,0.0,0.0,29.03,29.03,Email,PayPal,Completed
ORD002668,CUST00228,USA,2025-04-15 15:00:00,Beauty,Perfume,2,12.09,0.0,0.0,24.18,24.18,Paid Ads,Debit Card,Completed
ORD002669,CUST01243,Germany,2024-04-23 04:00:00,Clothing,Hoodie,2,25.82,10.0,5.16,51.64,46.48,Social Media,UPI,Completed
ORD002670,CUST00855,India,2025-01-06 04:00:00,Beauty,Sunscreen,1,44.88,0.0,0.0,44.88,44.88,Organic Search,PayPal,Completed
ORD002671,CUST00388,India,2024-03-25 12:00:00,Clothing,Jacket,1,47.6,10.0,4.76,47.6,42.84,Email,PayPal,Completed
ORD002672,CUST00931,India,2024-07-21 14:00:00,Home & Kitchen,Storage Box,3,45.45,15.0,20.45,136.35,115.9,Direct,Debit Card,Completed
ORD002673,CUST01096,India,2024-02-14 04:00:00,Sports,Water Bottle,3,26.49,10.0,7.95,79.47,71.52,Direct,UPI,Completed
ORD002674,CUST01379,USA,2024-03-19 13:00:00,Clothing,Sneakers,1,22.77,0.0,0.0,22.77,22.77,Organic Search,Cash on Delivery,Completed
ORD002675,CUST00717,Canada,2025-04-28 10:00:00,Toys,Building Blocks,3,16.15,0.0,0.0,48.45,48.45,Paid Ads,PayPal,Completed
ORD002676,CUST01317,USA,2024-12-17 15:00:00,Electronics,Power Bank,1,45.56,0.0,0.0,45.56,45.56,Social Media,PayPal,Completed
ORD002677,CUST00307,USA,2024-07-08 07:00:00,Electronics,Power Bank,1,102.23,0.0,0.0,102.23,102.23,Organic Search,PayPal,Completed
ORD002678,CUST00050,India,2025-03-26 01:00:00,Books,Comic,1,11.56,0.0,0.0,11.56,11.56,Email,Cash on Delivery,Completed
ORD002679,CUST00216,India,2024-11-23 16:00:00,Books,Novel,1,14.48,10.0,1.45,14.48,13.03,Organic Search,UPI,Completed
ORD002680,CUST00001,USA,2024-09-23 15:00:00,Clothing,Sneakers,1,76.12,0.0,0.0,76.12,76.12,Email,Debit Card,Completed
ORD002681,CUST00801,UK,2025-04-07 00:00:00,Home & Kitchen,Coffee Maker,1,94.63,15.0,14.19,94.63,80.44,Social Media,UPI,Completed
ORD002682,CUST00433,UK,2024-11-18 20:00:00,Books,Novel,1,26.01,0.0,0.0,26.01,26.01,Organic Search,UPI,Completed
ORD002683,CUST00647,USA,2025-05-06 20:00:00,Books,Self-Help Book,2,13.5,0.0,0.0,27.0,27.0,Organic Search,PayPal,Completed
ORD002684,CUST00267,UK,2025-04-30 22:00:00,Sports,Resistance Bands,1,43.28,0.0,0.0,43.28,43.28,Social Media,Cash on Delivery,Completed
ORD002685,CUST00804,UK,2024-09-03 20:00:00,Beauty,Shampoo,1,56.73,5.0,2.84,56.73,53.89,Organic Search,PayPal,Completed
ORD002686,CUST00395,India,2024-03-22 03:00:00,Electronics,Wireless Earbuds,1,145.47,0.0,0.0,145.47,145.47,Organic Search,Cash on Delivery,Completed
ORD002687,CUST00584,India,2024-03-14 15:00:00,Electronics,Power Bank,3,54.63,0.0,0.0,163.89,163.89,Paid Ads,Credit Card,Completed
ORD002688,CUST01391,India,2024-01-25 04:00:00,Beauty,Face Cream,1,55.86,0.0,0.0,55.86,55.86,Paid Ads,Debit Card,Completed
ORD002689,CUST00360,USA,2024-12-05 00:00:00,Electronics,USB-C Cable,2,67.18,0.0,0.0,134.36,134.36,Organic Search,PayPal,Completed
ORD002690,CUST00847,India,2025-03-25 14:00:00,Clothing,Jeans,1,69.07,0.0,0.0,69.07,69.07,Paid Ads,UPI,Completed
ORD002691,CUST00763,India,2025-01-14 02:00:00,Electronics,USB-C Cable,1,91.05,0.0,0.0,91.05,91.05,Organic Search,Credit Card,Completed
ORD002692,CUST01078,UK,2025-04-05 05:00:00,Electronics,Power Bank,1,148.93,20.0,29.79,148.93,119.14,Social Media,UPI,Completed
ORD002693,CUST00515,India,2025-03-25 17:00:00,Electronics,USB-C Cable,4,103.04,0.0,0.0,412.16,412.16,Paid Ads,PayPal,Completed
ORD002694,CUST00575,Canada,2024-06-15 11:00:00,Home & Kitchen,Blender,1,87.39,0.0,0.0,87.39,87.39,Social Media,Cash on Delivery,Returned
ORD002695,CUST00192,Canada,2025-03-06 16:00:00,Clothing,Jacket,1,44.31,0.0,0.0,44.31,44.31,Paid Ads,Credit Card,Completed
ORD002696,CUST00078,India,2024-12-25 10:00:00,Clothing,Jeans,1,43.84,0.0,0.0,43.84,43.84,Organic Search,Credit Card,Completed
ORD002697,CUST00703,India,2024-01-25 21:00:00,Toys,RC Car,1,37.0,10.0,3.7,37.0,33.3,Email,UPI,Completed
ORD002698,CUST00130,USA,2024-12-14 01:00:00,Clothing,T-Shirt,2,64.75,10.0,12.95,129.5,116.55,Paid Ads,UPI,Completed
ORD002699,CUST00016,India,2025-01-06 04:00:00,Toys,Building Blocks,1,35.31,0.0,0.0,35.31,35.31,Direct,PayPal,Completed
ORD002700,CUST00335,India,2024-11-23 12:00:00,Electronics,Bluetooth Speaker,3,148.92,10.0,44.68,446.76,402.08,Organic Search,UPI,Completed
ORD002701,CUST00237,India,2025-01-11 01:00:00,Books,Self-Help Book,2,5.12,5.0,0.51,10.24,9.73,Organic Search,PayPal,Cancelled
ORD002702,CUST00754,India,2025-01-14 02:00:00,Toys,RC Car,1,33.32,0.0,0.0,33.32,33.32,Social Media,Credit Card,Completed
ORD002703,CUST00228,USA,2024-06-28 11:00:00,Home & Kitchen,Storage Box,2,92.91,5.0,9.29,185.82,176.53,Social Media,PayPal,Completed
ORD002704,CUST00930,India,2025-01-30 17:00:00,Sports,Resistance Bands,1,44.07,0.0,0.0,44.07,44.07,Organic Search,UPI,Completed
ORD002705,CUST00752,Australia,2025-01-29 13:00:00,Beauty,Sunscreen,1,32.95,0.0,0.0,32.95,32.95,Direct,Credit Card,Completed
ORD002706,CUST00109,India,2025-02-10 09:00:00,Clothing,Jeans,1,15.33,5.0,0.77,15.33,14.56,Email,UPI,Cancelled
ORD002707,CUST00925,USA,2024-09-14 17:00:00,Sports,Resistance Bands,1,22.74,0.0,0.0,22.74,22.74,Organic Search,UPI,Completed
ORD002708,CUST00658,USA,2025-01-24 10:00:00,Electronics,Bluetooth Speaker,1,54.56,0.0,0.0,54.56,54.56,Organic Search,Debit Card,Completed
ORD002709,CUST00864,USA,2024-05-16 01:00:00,Home & Kitchen,Blender,1,35.38,5.0,1.77,35.38,33.61,Organic Search,PayPal,Completed
ORD002710,CUST01154,UK,2024-08-20 03:00:00,Beauty,Lipstick,1,56.21,0.0,0.0,56.21,56.21,Social Media,PayPal,Completed
ORD002711,CUST00205,UK,2024-03-23 22:00:00,Sports,Yoga Mat,4,39.3,0.0,0.0,157.2,157.2,Organic Search,PayPal,Completed
ORD002712,CUST00365,Australia,2024-01-27 14:00:00,Clothing,Hoodie,1,38.27,0.0,0.0,38.27,38.27,Organic Search,Cash on Delivery,Returned
ORD002713,CUST01147,Germany,2024-12-18 07:00:00,Toys,Board Game,1,46.29,0.0,0.0,46.29,46.29,Paid Ads,Credit Card,Completed
ORD002714,CUST00267,UK,2025-02-07 14:00:00,Beauty,Face Cream,1,5.26,0.0,0.0,5.26,5.26,Organic Search,UPI,Completed
ORD002715,CUST00183,Australia,2024-08-25 17:00:00,Clothing,Sneakers,1,62.47,5.0,3.12,62.47,59.35,Paid Ads,Debit Card,Completed
ORD002716,CUST00036,Germany,2024-07-14 05:00:00,Home & Kitchen,Bed Sheets,2,47.07,5.0,4.71,94.14,89.43,Social Media,UPI,Completed
ORD002717,CUST01106,India,2024-10-04 17:00:00,Electronics,Bluetooth Speaker,1,141.03,0.0,0.0,141.03,141.03,Social Media,Credit Card,Completed
ORD002718,CUST00679,Australia,2025-04-28 16:00:00,Toys,RC Car,1,16.37,0.0,0.0,16.37,16.37,Organic Search,UPI,Cancelled
ORD002719,CUST00399,Germany,2024-04-15 11:00:00,Home & Kitchen,Blender,4,25.85,20.0,20.68,103.4,82.72,Paid Ads,Credit Card,Completed
ORD002720,CUST01348,USA,2024-08-26 22:00:00,Home & Kitchen,Blender,4,33.58,10.0,13.43,134.32,120.89,Direct,Debit Card,Cancelled
ORD002721,CUST00221,UK,2025-01-14 19:00:00,Beauty,Face Cream,2,56.92,0.0,0.0,113.84,113.84,Email,PayPal,Completed
ORD002722,CUST00955,USA,2025-01-20 12:00:00,Sports,Running Shoes,1,83.25,0.0,0.0,83.25,83.25,Social Media,UPI,Completed
ORD002723,CUST01378,USA,2024-06-17 21:00:00,Toys,RC Car,1,18.07,0.0,0.0,18.07,18.07,Paid Ads,Credit Card,Completed
ORD002724,CUST00303,USA,2024-12-31 03:00:00,Clothing,Jeans,1,44.95,0.0,0.0,44.95,44.95,Paid Ads,Credit Card,Completed
ORD002725,CUST00021,UK,2024-04-14 17:00:00,Electronics,Bluetooth Speaker,1,123.93,0.0,0.0,123.93,123.93,Direct,Cash on Delivery,Completed
ORD002726,CUST00592,UK,2024-03-07 19:00:00,Home & Kitchen,Storage Box,1,61.12,10.0,6.11,61.12,55.01,Organic Search,Debit Card,Completed
ORD002727,CUST00257,Australia,2024-08-14 08:00:00,Books,Biography,4,20.33,0.0,0.0,81.32,81.32,Email,Cash on Delivery,Completed
ORD002728,CUST00638,India,2025-03-18 05:00:00,Electronics,USB-C Cable,1,99.1,20.0,19.82,99.1,79.28,Paid Ads,Cash on Delivery,Completed
ORD002729,CUST00003,Germany,2024-02-05 02:00:00,Books,Biography,1,5.07,10.0,0.51,5.07,4.56,Organic Search,Cash on Delivery,Completed
ORD002730,CUST00293,Canada,2024-01-26 17:00:00,Home & Kitchen,Coffee Maker,1,27.37,0.0,0.0,27.37,27.37,Social Media,Cash on Delivery,Completed
ORD002731,CUST00766,USA,2024-04-11 16:00:00,Electronics,Wireless Earbuds,1,52.99,0.0,0.0,52.99,52.99,Organic Search,Credit Card,Completed
ORD002732,CUST01041,USA,2024-01-25 19:00:00,Sports,Resistance Bands,4,67.19,15.0,40.31,268.76,228.45,Paid Ads,UPI,Completed
ORD002733,CUST00922,USA,2024-08-22 13:00:00,Beauty,Perfume,3,40.92,5.0,6.14,122.76,116.62,Organic Search,Credit Card,Completed
ORD002734,CUST00395,India,2024-01-15 12:00:00,Home & Kitchen,Bed Sheets,1,30.88,0.0,0.0,30.88,30.88,Paid Ads,Credit Card,Cancelled
ORD002735,CUST00289,India,2024-05-13 17:00:00,Books,Comic,2,28.68,0.0,0.0,57.36,57.36,Organic Search,Cash on Delivery,Completed
ORD002736,CUST00982,Germany,2024-06-27 03:00:00,Home & Kitchen,Cutlery Set,1,30.04,0.0,0.0,30.04,30.04,Social Media,UPI,Completed
ORD002737,CUST00722,India,2024-04-08 08:00:00,Toys,Building Blocks,3,34.84,10.0,10.45,104.52,94.07,Paid Ads,Credit Card,Completed
ORD002738,CUST00269,USA,2025-01-02 02:00:00,Books,Self-Help Book,1,12.19,5.0,0.61,12.19,11.58,Email,Debit Card,Completed
ORD002739,CUST01010,USA,2025-01-22 01:00:00,Electronics,Power Bank,1,68.03,5.0,3.4,68.03,64.63,Paid Ads,Credit Card,Completed
ORD002740,CUST00558,India,2024-07-27 06:00:00,Clothing,Hoodie,1,63.4,0.0,0.0,63.4,63.4,Organic Search,Cash on Delivery,Completed
ORD002741,CUST00345,USA,2024-04-06 20:00:00,Sports,Resistance Bands,1,69.97,0.0,0.0,69.97,69.97,Organic Search,Credit Card,Returned
ORD002742,CUST00249,Australia,2024-01-30 12:00:00,Clothing,T-Shirt,1,14.41,0.0,0.0,14.41,14.41,Organic Search,Credit Card,Completed
ORD002743,CUST00159,India,2024-06-12 07:00:00,Beauty,Shampoo,4,54.03,0.0,0.0,216.12,216.12,Organic Search,Credit Card,Completed
ORD002744,CUST01253,India,2024-10-04 05:00:00,Electronics,Wireless Earbuds,1,49.91,15.0,7.49,49.91,42.42,Organic Search,Credit Card,Completed
ORD002745,CUST00161,USA,2024-07-17 15:00:00,Electronics,Wireless Earbuds,1,143.87,0.0,0.0,143.87,143.87,Social Media,Cash on Delivery,Completed
ORD002746,CUST00683,India,2024-12-29 20:00:00,Toys,Action Figure,1,13.83,0.0,0.0,13.83,13.83,Social Media,Cash on Delivery,Completed
ORD002747,CUST00876,India,2025-02-06 12:00:00,Toys,Building Blocks,2,13.1,10.0,2.62,26.2,23.58,Social Media,Credit Card,Completed
ORD002748,CUST00082,UK,2025-04-21 21:00:00,Books,Comic,2,26.96,10.0,5.39,53.92,48.53,Email,UPI,Completed
ORD002749,CUST00618,India,2025-03-30 22:00:00,Home & Kitchen,Cutlery Set,1,41.57,5.0,2.08,41.57,39.49,Organic Search,PayPal,Completed
ORD002750,CUST00603,India,2025-03-06 17:00:00,Clothing,Jeans,1,69.96,0.0,0.0,69.96,69.96,Paid Ads,Cash on Delivery,Completed
ORD002751,CUST01439,India,2024-12-04 22:00:00,Books,Novel,1,26.86,5.0,1.34,26.86,25.52,Email,Debit Card,Completed
ORD002752,CUST00342,USA,2024-11-20 11:00:00,Toys,Building Blocks,1,32.25,0.0,0.0,32.25,32.25,Social Media,Credit Card,Returned
ORD002753,CUST00665,India,2024-02-26 02:00:00,Home & Kitchen,Bed Sheets,1,84.96,0.0,0.0,84.96,84.96,Paid Ads,Debit Card,Completed
ORD002754,CUST00380,India,2024-01-05 09:00:00,Electronics,USB-C Cable,4,15.6,0.0,0.0,62.4,62.4,Email,PayPal,Completed
ORD002755,CUST00110,India,2024-08-02 06:00:00,Sports,Resistance Bands,1,41.96,5.0,2.1,41.96,39.86,Paid Ads,PayPal,Completed
ORD002756,CUST00067,India,2024-02-22 02:00:00,Toys,Action Figure,1,24.31,0.0,0.0,24.31,24.31,Social Media,Credit Card,Completed
ORD002757,CUST01037,India,2024-11-02 07:00:00,Clothing,Hoodie,2,15.67,0.0,0.0,31.34,31.34,Organic Search,PayPal,Completed
ORD002758,CUST00913,UK,2024-02-18 20:00:00,Books,Comic,1,13.85,0.0,0.0,13.85,13.85,Email,UPI,Completed
ORD002759,CUST00562,India,2024-03-19 10:00:00,Sports,Yoga Mat,1,67.62,0.0,0.0,67.62,67.62,Organic Search,Debit Card,Completed
ORD002760,CUST00168,India,2025-05-13 13:00:00,Home & Kitchen,Cutlery Set,1,88.17,0.0,0.0,88.17,88.17,Paid Ads,Cash on Delivery,Completed
ORD002761,CUST00010,UK,2024-12-15 22:00:00,Electronics,Wireless Earbuds,2,99.79,0.0,0.0,199.58,199.58,Social Media,UPI,Completed
ORD002762,CUST00412,Australia,2024-02-20 18:00:00,Electronics,Power Bank,1,53.17,5.0,2.66,53.17,50.51,Paid Ads,Cash on Delivery,Completed
ORD002763,CUST00224,USA,2025-01-05 05:00:00,Clothing,Jacket,4,55.8,0.0,0.0,223.2,223.2,Organic Search,Cash on Delivery,Completed
ORD002764,CUST00280,Germany,2024-07-11 01:00:00,Sports,Dumbbells,4,51.87,0.0,0.0,207.48,207.48,Organic Search,PayPal,Completed
ORD002765,CUST00567,USA,2024-09-19 13:00:00,Books,Comic,1,21.94,0.0,0.0,21.94,21.94,Email,Debit Card,Completed
ORD002766,CUST00801,UK,2024-03-26 01:00:00,Electronics,Bluetooth Speaker,2,42.31,0.0,0.0,84.62,84.62,Email,PayPal,Completed
ORD002767,CUST00174,India,2024-01-17 21:00:00,Clothing,Hoodie,1,43.9,0.0,0.0,43.9,43.9,Organic Search,Credit Card,Completed
ORD002768,CUST00030,India,2025-04-20 08:00:00,Beauty,Lipstick,1,38.57,0.0,0.0,38.57,38.57,Social Media,Credit Card,Completed
ORD002769,CUST01131,Germany,2025-03-17 16:00:00,Electronics,Power Bank,1,30.87,0.0,0.0,30.87,30.87,Organic Search,Cash on Delivery,Completed
ORD002770,CUST00174,India,2024-05-28 18:00:00,Electronics,Wireless Earbuds,1,19.05,0.0,0.0,19.05,19.05,Organic Search,Credit Card,Completed
ORD002771,CUST00158,Germany,2024-02-05 08:00:00,Home & Kitchen,Bed Sheets,2,81.62,0.0,0.0,163.24,163.24,Direct,Credit Card,Completed
ORD002772,CUST01189,India,2025-03-31 19:00:00,Beauty,Face Cream,4,25.47,0.0,0.0,101.88,101.88,Organic Search,Credit Card,Completed
ORD002773,CUST00556,USA,2024-08-05 17:00:00,Toys,RC Car,1,38.48,10.0,3.85,38.48,34.63,Organic Search,Cash on Delivery,Completed
ORD002774,CUST00818,USA,2024-03-01 14:00:00,Electronics,Wireless Earbuds,2,96.69,0.0,0.0,193.38,193.38,Paid Ads,Cash on Delivery,Completed
ORD002775,CUST00211,USA,2024-11-09 01:00:00,Toys,Puzzle,2,21.7,5.0,2.17,43.4,41.23,Organic Search,PayPal,Completed
ORD002776,CUST00746,Canada,2024-07-03 09:00:00,Beauty,Sunscreen,1,21.17,0.0,0.0,21.17,21.17,Organic Search,UPI,Completed
ORD002777,CUST01169,India,2024-02-22 07:00:00,Beauty,Lipstick,1,14.83,10.0,1.48,14.83,13.35,Paid Ads,Credit Card,Completed
ORD002778,CUST00419,UK,2024-07-05 15:00:00,Beauty,Shampoo,2,41.78,0.0,0.0,83.56,83.56,Organic Search,PayPal,Completed
ORD002779,CUST01406,USA,2024-02-08 15:00:00,Home & Kitchen,Coffee Maker,1,73.48,0.0,0.0,73.48,73.48,Organic Search,Cash on Delivery,Completed
ORD002780,CUST01335,Australia,2024-11-21 10:00:00,Electronics,Wireless Earbuds,1,127.39,0.0,0.0,127.39,127.39,Organic Search,Cash on Delivery,Completed
ORD002781,CUST00861,Germany,2024-06-09 13:00:00,Electronics,Wireless Earbuds,1,74.14,20.0,14.83,74.14,59.31,Organic Search,Credit Card,Completed
ORD002782,CUST01466,India,2024-03-27 07:00:00,Sports,Running Shoes,1,14.3,5.0,0.72,14.3,13.58,Email,Credit Card,Completed
ORD002783,CUST00089,Canada,2024-06-07 20:00:00,Clothing,Jeans,1,12.41,5.0,0.62,12.41,11.79,Direct,PayPal,Completed
ORD002784,CUST00406,Canada,2024-05-30 14:00:00,Sports,Dumbbells,1,61.29,5.0,3.06,61.29,58.23,Paid Ads,Credit Card,Completed
ORD002785,CUST00173,USA,2024-05-10 03:00:00,Home & Kitchen,Blender,1,13.53,0.0,0.0,13.53,13.53,Organic Search,Credit Card,Completed
ORD002786,CUST00684,UK,2025-04-10 05:00:00,Electronics,Bluetooth Speaker,1,52.21,0.0,0.0,52.21,52.21,Paid Ads,Debit Card,Completed
ORD002787,CUST00548,UK,2025-03-01 13:00:00,Clothing,Jacket,1,25.48,0.0,0.0,25.48,25.48,Direct,Debit Card,Completed
ORD002788,CUST00609,USA,2024-05-12 11:00:00,Clothing,Jacket,2,54.27,0.0,0.0,108.54,108.54,Social Media,UPI,Completed
ORD002789,CUST00413,Australia,2024-05-10 02:00:00,Toys,RC Car,1,34.21,0.0,0.0,34.21,34.21,Organic Search,PayPal,Completed
ORD002790,CUST00057,India,2025-03-12 11:00:00,Clothing,Sneakers,2,60.26,15.0,18.08,120.52,102.44,Organic Search,PayPal,Returned
ORD002791,CUST00729,India,2025-02-15 15:00:00,Books,Novel,1,9.24,0.0,0.0,9.24,9.24,Organic Search,Debit Card,Completed
ORD002792,CUST00448,Germany,2025-04-19 14:00:00,Clothing,T-Shirt,2,28.39,0.0,0.0,56.78,56.78,Organic Search,Cash on Delivery,Completed
ORD002793,CUST00868,India,2024-01-11 06:00:00,Sports,Yoga Mat,1,44.77,0.0,0.0,44.77,44.77,Paid Ads,Cash on Delivery,Completed
ORD002794,CUST01283,USA,2025-04-06 09:00:00,Electronics,Smartphone Case,1,95.81,0.0,0.0,95.81,95.81,Social Media,Cash on Delivery,Completed
ORD002795,CUST01019,Canada,2025-02-25 04:00:00,Sports,Running Shoes,1,16.83,0.0,0.0,16.83,16.83,Organic Search,Credit Card,Completed
ORD002796,CUST00869,Canada,2025-03-07 16:00:00,Clothing,Hoodie,1,37.72,0.0,0.0,37.72,37.72,Organic Search,Cash on Delivery,Returned
ORD002797,CUST00257,Australia,2024-11-26 12:00:00,Electronics,Bluetooth Speaker,2,53.29,0.0,0.0,106.58,106.58,Paid Ads,Cash on Delivery,Completed
ORD002798,CUST00016,India,2024-03-22 06:00:00,Toys,Puzzle,1,45.01,0.0,0.0,45.01,45.01,Email,Debit Card,Completed
ORD002799,CUST00494,India,2025-04-24 22:00:00,Beauty,Shampoo,2,42.88,0.0,0.0,85.76,85.76,Social Media,Credit Card,Completed
ORD002800,CUST00824,USA,2025-03-31 01:00:00,Books,Self-Help Book,3,13.68,0.0,0.0,41.04,41.04,Paid Ads,Debit Card,Completed
ORD002801,CUST01310,Germany,2024-11-16 10:00:00,Electronics,Bluetooth Speaker,1,89.28,0.0,0.0,89.28,89.28,Social Media,Credit Card,Completed
ORD002802,CUST01005,Germany,2025-01-30 07:00:00,Toys,RC Car,1,35.11,5.0,1.76,35.11,33.35,Email,UPI,Completed
ORD002803,CUST01206,Germany,2025-04-10 19:00:00,Home & Kitchen,Bed Sheets,2,43.04,0.0,0.0,86.08,86.08,Organic Search,PayPal,Completed
ORD002804,CUST00395,India,2024-04-17 08:00:00,Toys,Puzzle,1,39.1,0.0,0.0,39.1,39.1,Organic Search,PayPal,Completed
ORD002805,CUST01438,UK,2024-12-17 20:00:00,Home & Kitchen,Cutlery Set,1,87.74,0.0,0.0,87.74,87.74,Organic Search,PayPal,Completed
ORD002806,CUST00080,India,2025-02-08 19:00:00,Electronics,USB-C Cable,1,117.76,0.0,0.0,117.76,117.76,Email,UPI,Returned
ORD002807,CUST01317,USA,2024-01-28 04:00:00,Beauty,Shampoo,2,11.1,10.0,2.22,22.2,19.98,Paid Ads,PayPal,Completed
ORD002808,CUST00412,Australia,2025-04-13 17:00:00,Electronics,USB-C Cable,1,25.87,0.0,0.0,25.87,25.87,Social Media,Debit Card,Completed
ORD002809,CUST01340,India,2024-06-07 21:00:00,Toys,Action Figure,1,35.67,5.0,1.78,35.67,33.89,Direct,Cash on Delivery,Completed
ORD002810,CUST00132,India,2024-06-13 13:00:00,Clothing,T-Shirt,4,18.27,0.0,0.0,73.08,73.08,Organic Search,PayPal,Completed
ORD002811,CUST00732,Germany,2024-11-10 03:00:00,Books,Self-Help Book,1,23.19,0.0,0.0,23.19,23.19,Paid Ads,PayPal,Completed
ORD002812,CUST01490,USA,2024-02-12 04:00:00,Clothing,Sneakers,2,55.71,0.0,0.0,111.42,111.42,Email,Credit Card,Completed
ORD002813,CUST01338,UK,2025-01-14 05:00:00,Clothing,Sneakers,1,23.64,0.0,0.0,23.64,23.64,Social Media,PayPal,Completed
ORD002814,CUST00515,India,2024-02-19 08:00:00,Toys,Puzzle,1,29.38,0.0,0.0,29.38,29.38,Paid Ads,Cash on Delivery,Completed
ORD002815,CUST01445,Canada,2024-09-04 10:00:00,Clothing,Sneakers,1,74.72,0.0,0.0,74.72,74.72,Paid Ads,Debit Card,Returned
ORD002816,CUST00734,USA,2024-02-04 16:00:00,Clothing,T-Shirt,1,49.52,0.0,0.0,49.52,49.52,Paid Ads,PayPal,Completed
ORD002817,CUST00286,India,2024-05-13 06:00:00,Books,Self-Help Book,3,25.38,0.0,0.0,76.14,76.14,Social Media,UPI,Completed
ORD002818,CUST00049,USA,2025-03-25 01:00:00,Beauty,Shampoo,3,59.71,0.0,0.0,179.13,179.13,Organic Search,Cash on Delivery,Completed
ORD002819,CUST01286,USA,2024-11-02 04:00:00,Books,Novel,1,5.02,0.0,0.0,5.02,5.02,Email,UPI,Completed
ORD002820,CUST01258,USA,2025-05-07 06:00:00,Sports,Yoga Mat,2,60.36,0.0,0.0,120.72,120.72,Organic Search,UPI,Completed
ORD002821,CUST00077,Germany,2024-08-21 01:00:00,Beauty,Lipstick,1,41.58,10.0,4.16,41.58,37.42,Paid Ads,Credit Card,Completed
ORD002822,CUST00033,India,2025-01-18 15:00:00,Toys,RC Car,1,44.0,0.0,0.0,44.0,44.0,Paid Ads,Credit Card,Completed
ORD002823,CUST00160,Germany,2025-03-05 01:00:00,Books,Cookbook,1,28.05,0.0,0.0,28.05,28.05,Social Media,Debit Card,Completed
ORD002824,CUST00752,Australia,2024-09-06 18:00:00,Clothing,T-Shirt,1,41.26,0.0,0.0,41.26,41.26,Organic Search,UPI,Completed
ORD002825,CUST00578,Australia,2024-10-08 22:00:00,Sports,Running Shoes,1,81.37,15.0,12.21,81.37,69.16,Paid Ads,UPI,Completed
ORD002826,CUST00165,India,2024-09-30 10:00:00,Electronics,Bluetooth Speaker,1,24.91,0.0,0.0,24.91,24.91,Email,Debit Card,Completed
ORD002827,CUST00331,USA,2024-09-17 12:00:00,Electronics,Bluetooth Speaker,1,50.9,20.0,10.18,50.9,40.72,Email,Debit Card,Completed
ORD002828,CUST00192,Canada,2024-12-26 09:00:00,Home & Kitchen,Coffee Maker,1,24.98,5.0,1.25,24.98,23.73,Email,UPI,Completed
ORD002829,CUST00653,USA,2024-04-09 19:00:00,Sports,Yoga Mat,2,54.9,0.0,0.0,109.8,109.8,Email,PayPal,Completed
ORD002830,CUST00656,India,2024-01-21 20:00:00,Sports,Running Shoes,1,76.02,0.0,0.0,76.02,76.02,Social Media,Debit Card,Completed
ORD002831,CUST01359,India,2024-11-23 20:00:00,Electronics,Smartphone Case,2,99.84,0.0,0.0,199.68,199.68,Organic Search,Cash on Delivery,Completed
ORD002832,CUST00716,Australia,2024-05-17 14:00:00,Beauty,Perfume,1,17.31,0.0,0.0,17.31,17.31,Social Media,Debit Card,Completed
ORD002833,CUST00030,India,2024-09-05 20:00:00,Sports,Resistance Bands,1,41.68,0.0,0.0,41.68,41.68,Paid Ads,Credit Card,Completed
ORD002834,CUST00362,UK,2025-03-23 15:00:00,Toys,RC Car,2,38.95,0.0,0.0,77.9,77.9,Paid Ads,Debit Card,Completed
ORD002835,CUST01171,UK,2024-11-11 21:00:00,Toys,Puzzle,1,22.75,0.0,0.0,22.75,22.75,Social Media,UPI,Completed
ORD002836,CUST00054,Canada,2024-05-10 16:00:00,Electronics,Smartphone Case,1,20.59,0.0,0.0,20.59,20.59,Social Media,PayPal,Completed
ORD002837,CUST00934,USA,2025-01-27 03:00:00,Home & Kitchen,Bed Sheets,2,93.96,5.0,9.4,187.92,178.52,Organic Search,PayPal,Completed
ORD002838,CUST01324,India,2024-09-08 15:00:00,Sports,Resistance Bands,3,8.34,0.0,0.0,25.02,25.02,Paid Ads,UPI,Completed
ORD002839,CUST01100,USA,2024-09-02 08:00:00,Toys,Action Figure,2,30.58,0.0,0.0,61.16,61.16,Social Media,Debit Card,Completed
ORD002840,CUST00558,India,2024-06-03 22:00:00,Books,Comic,1,20.71,0.0,0.0,20.71,20.71,Paid Ads,Cash on Delivery,Completed
ORD002841,CUST00362,UK,2024-05-06 01:00:00,Sports,Yoga Mat,1,26.34,0.0,0.0,26.34,26.34,Social Media,Cash on Delivery,Completed
ORD002842,CUST00434,India,2024-12-24 01:00:00,Electronics,Wireless Earbuds,2,48.43,10.0,9.69,96.86,87.17,Social Media,Debit Card,Completed
ORD002843,CUST00984,India,2024-11-03 04:00:00,Electronics,Wireless Earbuds,1,138.07,0.0,0.0,138.07,138.07,Paid Ads,Cash on Delivery,Completed
ORD002844,CUST01320,India,2025-03-16 16:00:00,Home & Kitchen,Coffee Maker,1,18.45,5.0,0.92,18.45,17.53,Paid Ads,Debit Card,Completed
ORD002845,CUST01067,India,2024-06-24 06:00:00,Home & Kitchen,Storage Box,1,65.28,0.0,0.0,65.28,65.28,Paid Ads,PayPal,Completed
ORD002846,CUST00084,India,2024-10-27 07:00:00,Clothing,T-Shirt,1,43.76,0.0,0.0,43.76,43.76,Social Media,Cash on Delivery,Completed
ORD002847,CUST01002,USA,2024-03-21 09:00:00,Electronics,Bluetooth Speaker,4,142.21,0.0,0.0,568.84,568.84,Social Media,PayPal,Completed
ORD002848,CUST00882,UK,2024-06-13 21:00:00,Clothing,T-Shirt,1,42.59,0.0,0.0,42.59,42.59,Paid Ads,PayPal,Completed
ORD002849,CUST01118,Canada,2024-07-10 00:00:00,Books,Comic,2,19.18,0.0,0.0,38.36,38.36,Email,Credit Card,Completed
ORD002850,CUST01259,India,2025-03-21 19:00:00,Home & Kitchen,Cutlery Set,3,37.93,0.0,0.0,113.79,113.79,Organic Search,Credit Card,Completed
ORD002851,CUST00127,Germany,2025-05-12 07:00:00,Home & Kitchen,Cutlery Set,1,69.16,0.0,0.0,69.16,69.16,Social Media,PayPal,Completed
ORD002852,CUST00337,Canada,2025-01-18 02:00:00,Home & Kitchen,Storage Box,1,89.98,0.0,0.0,89.98,89.98,Organic Search,UPI,Completed
ORD002853,CUST00817,USA,2025-04-21 03:00:00,Clothing,T-Shirt,1,37.82,0.0,0.0,37.82,37.82,Email,Cash on Delivery,Completed
ORD002854,CUST00517,USA,2025-03-03 09:00:00,Clothing,Jeans,2,60.8,5.0,6.08,121.6,115.52,Social Media,UPI,Completed
ORD002855,CUST00761,India,2024-09-13 14:00:00,Clothing,Jeans,2,28.69,0.0,0.0,57.38,57.38,Organic Search,Debit Card,Completed
ORD002856,CUST00791,India,2025-04-17 17:00:00,Clothing,Jeans,1,66.42,0.0,0.0,66.42,66.42,Social Media,Debit Card,Returned
ORD002857,CUST01433,USA,2024-11-09 00:00:00,Sports,Water Bottle,1,84.95,0.0,0.0,84.95,84.95,Paid Ads,Cash on Delivery,Completed
ORD002858,CUST01242,Germany,2024-12-22 18:00:00,Electronics,USB-C Cable,2,79.51,0.0,0.0,159.02,159.02,Paid Ads,UPI,Completed
ORD002859,CUST00510,Germany,2024-05-07 05:00:00,Toys,Action Figure,1,11.86,0.0,0.0,11.86,11.86,Paid Ads,Debit Card,Completed
ORD002860,CUST00526,USA,2024-01-12 17:00:00,Home & Kitchen,Storage Box,1,65.86,0.0,0.0,65.86,65.86,Direct,PayPal,Completed
ORD002861,CUST00524,Canada,2024-12-20 03:00:00,Beauty,Sunscreen,1,46.01,0.0,0.0,46.01,46.01,Email,Debit Card,Completed
ORD002862,CUST01079,India,2025-03-21 14:00:00,Home & Kitchen,Bed Sheets,2,56.92,5.0,5.69,113.84,108.15,Paid Ads,Debit Card,Completed
ORD002863,CUST00141,Australia,2024-09-19 02:00:00,Books,Self-Help Book,1,11.51,,0.58,11.51,10.93,Social Media,Credit Card,Completed
ORD002864,CUST00641,India,2024-03-30 11:00:00,Beauty,Lipstick,1,17.8,5.0,0.89,17.8,16.91,Organic Search,UPI,Completed
ORD002865,CUST00176,India,2025-04-08 09:00:00,Beauty,Face Cream,1,22.11,5.0,1.11,22.11,21.0,Organic Search,PayPal,Completed
ORD002866,CUST01444,USA,2024-04-23 02:00:00,Home & Kitchen,Cutlery Set,1,87.74,0.0,0.0,87.74,87.74,Organic Search,PayPal,Completed
ORD002867,CUST00834,India,2025-03-20 21:00:00,Beauty,Lipstick,1,18.01,0.0,0.0,18.01,18.01,Organic Search,PayPal,Completed
ORD002868,CUST00147,UK,2024-07-21 01:00:00,Sports,Water Bottle,1,37.67,5.0,1.88,37.67,35.79,Paid Ads,Credit Card,Completed
ORD002869,CUST00718,Australia,2025-04-08 01:00:00,Clothing,Jacket,3,43.34,0.0,0.0,130.02,130.02,Direct,Credit Card,Completed
ORD002870,CUST00909,India,2025-03-07 20:00:00,Sports,Yoga Mat,4,51.41,0.0,0.0,205.64,205.64,Social Media,PayPal,Completed
ORD002871,CUST00787,USA,2025-04-30 11:00:00,Home & Kitchen,Bed Sheets,1,19.03,0.0,0.0,19.03,19.03,Paid Ads,UPI,Completed
ORD002872,CUST00475,USA,2025-05-03 17:00:00,Home & Kitchen,Blender,1,19.07,0.0,0.0,19.07,19.07,Email,Debit Card,Returned
ORD002873,CUST01048,India,2024-01-26 12:00:00,Clothing,T-Shirt,1,36.18,0.0,0.0,36.18,36.18,Paid Ads,Cash on Delivery,Completed
ORD002874,CUST01142,India,2025-04-05 13:00:00,Electronics,USB-C Cable,1,87.05,15.0,13.06,87.05,73.99,Paid Ads,Credit Card,Completed
ORD002875,CUST00594,India,2025-02-20 06:00:00,Books,Novel,2,17.45,5.0,1.74,34.9,33.16,Social Media,Debit Card,Completed
ORD002876,CUST01209,India,2024-09-07 22:00:00,Electronics,Wireless Earbuds,1,87.7,0.0,0.0,87.7,87.7,Paid Ads,Cash on Delivery,Completed
ORD002877,CUST00452,USA,2025-02-14 10:00:00,Beauty,Shampoo,1,35.45,0.0,0.0,35.45,35.45,Social Media,Debit Card,Returned
ORD002878,CUST00366,USA,2024-10-01 05:00:00,Toys,Puzzle,1,34.73,0.0,0.0,34.73,34.73,Direct,Credit Card,Completed
ORD002879,CUST00335,India,2024-01-15 20:00:00,Electronics,Bluetooth Speaker,1,120.17,5.0,6.01,120.17,114.16,Paid Ads,Cash on Delivery,Completed
ORD002880,CUST01358,USA,2024-09-18 22:00:00,Clothing,T-Shirt,1,21.64,0.0,0.0,21.64,21.64,Organic Search,PayPal,Completed
ORD002881,CUST00845,India,2024-02-23 03:00:00,Clothing,Jacket,1,51.08,0.0,0.0,51.08,51.08,Organic Search,UPI,Completed
ORD002882,CUST00829,Germany,2024-11-01 02:00:00,Toys,Action Figure,1,32.03,0.0,0.0,32.03,32.03,Social Media,UPI,Completed
ORD002883,CUST00540,India,2024-01-12 12:00:00,Books,Novel,1,29.94,0.0,0.0,29.94,29.94,Organic Search,UPI,Completed
ORD002884,CUST00250,Canada,2024-10-10 12:00:00,Clothing,Jacket,1,41.67,0.0,0.0,41.67,41.67,Organic Search,Debit Card,Completed
ORD002885,CUST01185,India,2025-01-14 05:00:00,Beauty,Lipstick,2,45.52,0.0,0.0,91.04,91.04,Paid Ads,UPI,Returned
ORD002886,CUST01275,USA,2024-08-04 15:00:00,Beauty,Perfume,1,20.55,0.0,0.0,20.55,20.55,Organic Search,Cash on Delivery,Returned
ORD002887,CUST00601,India,2025-04-21 13:00:00,Home & Kitchen,Blender,1,88.58,0.0,0.0,88.58,88.58,Social Media,Credit Card,Completed
ORD002888,CUST01153,UK,2025-01-19 11:00:00,Home & Kitchen,Storage Box,1,23.54,20.0,4.71,23.54,18.83,Organic Search,UPI,Completed
ORD002889,CUST00325,Australia,2024-09-21 08:00:00,Toys,Puzzle,1,28.59,0.0,0.0,28.59,28.59,Organic Search,Cash on Delivery,Completed
ORD002890,CUST00282,India,2024-11-20 02:00:00,Clothing,Hoodie,2,73.02,20.0,29.21,146.04,116.83,Email,PayPal,Completed
ORD002891,CUST00179,Australia,2024-02-15 19:00:00,Home & Kitchen,Cutlery Set,1,98.86,0.0,0.0,98.86,98.86,Email,Credit Card,Completed
ORD002892,CUST00879,India,2024-12-16 21:00:00,Electronics,Power Bank,4,68.77,0.0,0.0,275.08,275.08,Email,Cash on Delivery,Completed
ORD002893,CUST00854,Canada,2024-06-27 09:00:00,Clothing,T-Shirt,1,19.44,0.0,0.0,19.44,19.44,Organic Search,Debit Card,Completed
ORD002894,CUST01012,Australia,2025-01-16 10:00:00,Clothing,T-Shirt,1,52.2,0.0,0.0,52.2,52.2,Organic Search,Debit Card,Completed
ORD002895,CUST00257,Australia,2025-04-19 07:00:00,Electronics,USB-C Cable,1,85.94,5.0,4.3,85.94,81.64,Organic Search,UPI,Completed
ORD002896,CUST00782,USA,2025-04-18 09:00:00,Home & Kitchen,Coffee Maker,1,66.79,5.0,3.34,66.79,63.45,Email,Debit Card,Completed
ORD002897,CUST00097,USA,2024-05-27 00:00:00,Toys,RC Car,1,8.06,0.0,0.0,8.06,8.06,Organic Search,Credit Card,Completed
ORD002898,CUST00517,USA,2024-03-05 16:00:00,Clothing,Sneakers,4,79.92,5.0,15.98,319.68,303.7,Organic Search,PayPal,Completed
ORD002899,CUST01279,India,2024-05-28 08:00:00,Clothing,Jeans,2,14.93,0.0,0.0,29.86,29.86,Email,Cash on Delivery,Completed
ORD002900,CUST00985,Germany,2024-10-22 17:00:00,Beauty,Lipstick,1,51.32,5.0,2.57,51.32,48.75,Organic Search,PayPal,Completed
ORD002901,CUST01280,USA,2024-05-07 13:00:00,Clothing,T-Shirt,2,44.22,0.0,0.0,88.44,88.44,Direct,Credit Card,Completed
ORD002902,CUST00059,India,2025-01-10 06:00:00,Beauty,Face Cream,1,58.9,0.0,0.0,58.9,58.9,Paid Ads,UPI,Completed
ORD002903,CUST00290,USA,2024-09-01 22:00:00,Home & Kitchen,Blender,1,32.57,0.0,0.0,32.57,32.57,Social Media,Cash on Delivery,Completed
ORD002904,CUST00146,India,2024-12-20 08:00:00,Clothing,Sneakers,1,29.15,10.0,2.92,29.15,26.23,Paid Ads,PayPal,Cancelled
ORD002905,CUST00671,India,2024-04-11 00:00:00,Clothing,Jeans,1,22.01,0.0,0.0,22.01,22.01,Paid Ads,Debit Card,Completed
ORD002906,CUST00484,UK,2024-06-12 17:00:00,Electronics,Bluetooth Speaker,1,81.48,5.0,4.07,81.48,77.41,Organic Search,UPI,Completed
ORD002907,CUST01133,India,2024-02-16 22:00:00,Electronics,USB-C Cable,1,27.26,20.0,5.45,27.26,21.81,Paid Ads,PayPal,Completed
ORD002908,CUST00130,USA,2024-01-13 09:00:00,Books,Biography,1,7.57,10.0,0.76,7.57,6.81,Organic Search,UPI,Completed
ORD002909,CUST01499,USA,2024-10-23 16:00:00,Clothing,Jeans,1,75.99,0.0,0.0,75.99,75.99,Direct,Debit Card,Completed
ORD002910,CUST01438,UK,2024-05-04 11:00:00,Clothing,T-Shirt,1,16.81,15.0,2.52,16.81,14.29,Email,UPI,Completed
ORD002911,CUST01038,Germany,2024-02-04 02:00:00,Beauty,Face Cream,1,32.38,5.0,1.62,32.38,30.76,Organic Search,PayPal,Completed
ORD002912,CUST00500,Australia,2024-06-29 22:00:00,Home & Kitchen,Blender,4,39.6,5.0,7.92,158.4,150.48,Email,Credit Card,Completed
ORD002913,CUST00137,USA,2024-07-08 07:00:00,Beauty,Face Cream,4,9.44,10.0,3.78,37.76,33.98,Email,Credit Card,Completed
ORD002914,CUST01328,Germany,2024-01-23 10:00:00,Books,Self-Help Book,2,21.75,0.0,0.0,43.5,43.5,Email,Cash on Delivery,Completed
ORD002915,CUST01194,UK,2024-09-03 01:00:00,Books,Self-Help Book,1,12.86,10.0,1.29,12.86,11.57,Organic Search,Credit Card,Completed
ORD002916,CUST01456,Australia,2024-02-08 10:00:00,Books,Novel,1,27.18,20.0,5.44,27.18,21.74,Email,Debit Card,Completed
ORD002917,CUST00284,India,2024-07-15 10:00:00,Electronics,USB-C Cable,1,26.77,0.0,0.0,26.77,26.77,Organic Search,Credit Card,Completed
ORD002918,CUST01236,USA,2024-08-18 21:00:00,Toys,Action Figure,1,49.96,0.0,0.0,49.96,49.96,Email,UPI,Completed
ORD002919,CUST00496,USA,2025-02-18 22:00:00,Toys,RC Car,1,34.96,0.0,0.0,34.96,34.96,Organic Search,UPI,Completed
ORD002920,CUST00412,Australia,2025-01-02 22:00:00,Books,Biography,2,19.48,0.0,0.0,38.96,38.96,Organic Search,PayPal,Returned
ORD002921,CUST00159,India,2024-02-09 02:00:00,Clothing,Hoodie,1,16.71,0.0,0.0,16.71,16.71,Social Media,Cash on Delivery,Completed
ORD002922,CUST00803,USA,2024-03-31 16:00:00,Beauty,Perfume,1,43.13,10.0,4.31,43.13,38.82,Organic Search,Credit Card,Completed
ORD002923,CUST00374,UK,2024-07-09 19:00:00,Home & Kitchen,Cutlery Set,1,38.51,0.0,0.0,38.51,38.51,Direct,PayPal,Completed
ORD002924,CUST00847,India,2024-12-07 06:00:00,Electronics,Wireless Earbuds,1,61.08,0.0,0.0,61.08,61.08,Organic Search,PayPal,Completed
ORD002925,CUST01030,Canada,2025-03-06 22:00:00,Toys,Puzzle,1,38.71,0.0,0.0,38.71,38.71,Paid Ads,Credit Card,Completed
ORD002926,CUST01493,India,2024-06-10 13:00:00,Sports,Dumbbells,2,75.3,0.0,0.0,150.6,150.6,Email,Debit Card,Completed
ORD002927,CUST00626,USA,2024-06-11 12:00:00,Electronics,Bluetooth Speaker,2,108.68,0.0,0.0,217.36,217.36,Social Media,Debit Card,Cancelled
ORD002928,CUST01026,USA,2025-03-14 09:00:00,Toys,Puzzle,1,10.29,0.0,0.0,10.29,10.29,Social Media,Cash on Delivery,Completed
ORD002929,CUST00052,Germany,2024-09-16 20:00:00,Home & Kitchen,Cutlery Set,1,14.04,0.0,0.0,14.04,14.04,Paid Ads,Cash on Delivery,Completed
ORD002930,CUST01304,USA,2024-06-26 12:00:00,Clothing,Jeans,4,42.71,0.0,0.0,170.84,170.84,Email,Credit Card,Cancelled
ORD002931,CUST00986,USA,2025-04-14 22:00:00,Toys,Action Figure,1,32.72,5.0,1.64,32.72,31.08,Paid Ads,UPI,Completed
ORD002932,CUST00235,India,2024-08-04 19:00:00,Electronics,Bluetooth Speaker,1,30.72,10.0,3.07,30.72,27.65,Paid Ads,UPI,Completed
ORD002933,CUST00855,India,2024-06-12 08:00:00,Toys,Puzzle,4,41.38,0.0,0.0,165.52,165.52,Paid Ads,UPI,Completed
ORD002934,CUST00985,Germany,2024-08-01 15:00:00,Home & Kitchen,Coffee Maker,1,24.03,0.0,0.0,24.03,24.03,Organic Search,PayPal,Cancelled
ORD002935,CUST00190,India,2025-01-16 18:00:00,Beauty,Perfume,1,58.12,20.0,11.62,58.12,46.5,Organic Search,Debit Card,Completed
ORD002936,CUST01366,India,2024-11-02 17:00:00,Clothing,Sneakers,1,49.98,0.0,0.0,49.98,49.98,Social Media,Cash on Delivery,Completed
ORD002937,CUST01119,India,2024-08-08 09:00:00,Books,Comic,1,22.01,0.0,0.0,22.01,22.01,Email,Debit Card,Completed
ORD002938,CUST00439,UK,2024-11-05 14:00:00,Electronics,Wireless Earbuds,2,148.56,0.0,0.0,297.12,297.12,Social Media,Cash on Delivery,Completed
ORD002939,CUST00670,India,2024-03-15 06:00:00,Electronics,Smartphone Case,1,18.25,0.0,0.0,18.25,18.25,Email,Debit Card,Completed
ORD002940,CUST01462,UK,2024-08-16 17:00:00,Home & Kitchen,Bed Sheets,1,96.56,10.0,9.66,96.56,86.9,Social Media,Debit Card,Completed
ORD002941,CUST01212,USA,2024-01-27 15:00:00,Clothing,Jacket,1,29.19,0.0,0.0,29.19,29.19,Paid Ads,Debit Card,Cancelled
ORD002942,CUST00665,India,2024-12-19 03:00:00,Clothing,T-Shirt,1,31.28,0.0,0.0,31.28,31.28,Email,Credit Card,Completed
ORD002943,CUST01158,Canada,2024-12-25 21:00:00,Beauty,Shampoo,2,12.75,0.0,0.0,25.5,25.5,Organic Search,PayPal,Completed
ORD002944,CUST00710,UK,2024-03-07 22:00:00,Home & Kitchen,Bed Sheets,1,86.02,20.0,17.2,86.02,68.82,Social Media,Credit Card,Completed
ORD002945,CUST00111,India,2024-08-20 11:00:00,Beauty,Lipstick,4,37.09,0.0,0.0,148.36,148.36,Paid Ads,Cash on Delivery,Cancelled
ORD002946,CUST00374,UK,2024-04-14 13:00:00,Electronics,Bluetooth Speaker,2,57.1,0.0,0.0,114.2,114.2,Email,PayPal,Completed
ORD002947,CUST00881,India,2025-03-31 21:00:00,Toys,RC Car,1,29.07,5.0,1.45,29.07,27.62,Social Media,Credit Card,Completed
ORD002948,CUST00491,USA,2024-08-25 05:00:00,Beauty,Face Cream,4,29.16,0.0,0.0,116.64,116.64,Direct,Cash on Delivery,Completed
ORD002949,CUST00400,Germany,2024-06-30 03:00:00,Clothing,Hoodie,1,24.7,10.0,2.47,24.7,22.23,Organic Search,PayPal,Completed
ORD002950,CUST00149,India,2024-11-27 13:00:00,Electronics,Bluetooth Speaker,1,115.96,20.0,23.19,115.96,92.77,Organic Search,Cash on Delivery,Completed
ORD002951,CUST01455,India,2024-08-08 20:00:00,Clothing,T-Shirt,1,10.52,0.0,0.0,10.52,10.52,Social Media,Credit Card,Completed
ORD002952,CUST00772,Canada,2024-01-12 12:00:00,Electronics,USB-C Cable,4,100.9,0.0,0.0,403.6,403.6,Organic Search,PayPal,Returned
ORD002953,CUST00706,Australia,2024-08-18 16:00:00,Electronics,Bluetooth Speaker,1,62.66,5.0,3.13,62.66,59.53,Social Media,UPI,Completed
ORD002954,CUST01372,India,2024-10-08 02:00:00,Toys,Action Figure,1,36.07,5.0,1.8,36.07,34.27,Social Media,Credit Card,Completed
ORD002955,CUST00545,UK,2024-05-01 12:00:00,Electronics,Wireless Earbuds,2,86.83,0.0,0.0,173.66,173.66,Organic Search,PayPal,Completed
ORD002956,CUST00155,Australia,2024-09-10 14:00:00,Electronics,Wireless Earbuds,1,94.13,0.0,0.0,94.13,94.13,Email,UPI,Returned
ORD002957,CUST01358,USA,2024-04-07 11:00:00,Books,Biography,1,18.71,0.0,0.0,18.71,18.71,Paid Ads,UPI,Completed
ORD002958,CUST00188,USA,2025-04-01 20:00:00,Books,Comic,1,16.55,0.0,0.0,16.55,16.55,Social Media,UPI,Completed
ORD002959,CUST00294,USA,2024-02-24 11:00:00,Beauty,Lipstick,1,29.21,0.0,0.0,29.21,29.21,Paid Ads,UPI,Completed
ORD002960,CUST00837,Canada,2024-06-27 01:00:00,Beauty,Perfume,2,37.43,0.0,0.0,74.86,74.86,Organic Search,PayPal,Completed
ORD002961,CUST00202,India,2024-01-07 09:00:00,Clothing,T-Shirt,1,26.36,5.0,1.32,26.36,25.04,Email,Credit Card,Completed
ORD002962,CUST01247,India,2024-02-22 07:00:00,Clothing,Jacket,3,63.91,0.0,0.0,191.73,191.73,Email,Cash on Delivery,Completed
ORD002963,CUST00872,India,2024-06-16 16:00:00,Electronics,USB-C Cable,1,67.99,0.0,0.0,67.99,67.99,Social Media,Credit Card,Cancelled
ORD002964,CUST00673,India,2024-04-29 21:00:00,Beauty,Face Cream,1,36.78,10.0,3.68,36.78,33.1,Social Media,UPI,Completed
ORD002965,CUST00443,USA,2024-03-08 21:00:00,Clothing,T-Shirt,1,59.33,0.0,0.0,59.33,59.33,Social Media,PayPal,Completed
ORD002966,CUST00224,USA,2024-10-25 08:00:00,Electronics,Wireless Earbuds,1,96.95,0.0,0.0,96.95,96.95,Social Media,Debit Card,Completed
ORD002967,CUST00524,Canada,2024-01-20 11:00:00,Clothing,Sneakers,1,61.14,20.0,12.23,61.14,48.91,Organic Search,Debit Card,Completed
ORD002968,CUST00704,India,2025-01-06 18:00:00,Electronics,Bluetooth Speaker,1,98.22,0.0,0.0,98.22,98.22,Social Media,Credit Card,Completed
ORD002969,CUST01483,USA,2024-03-11 13:00:00,Clothing,Hoodie,1,62.99,0.0,0.0,62.99,62.99,Organic Search,PayPal,Cancelled
ORD002970,CUST00783,India,2024-10-28 13:00:00,Clothing,Jeans,1,59.15,0.0,0.0,59.15,59.15,Email,UPI,Returned
ORD002971,CUST00470,Australia,2025-01-18 12:00:00,Electronics,Smartphone Case,2,100.69,0.0,0.0,201.38,201.38,Social Media,PayPal,Cancelled
ORD002972,CUST00247,USA,2025-03-19 21:00:00,Sports,Water Bottle,1,88.53,15.0,13.28,88.53,75.25,Paid Ads,Credit Card,Completed
ORD002973,CUST00587,India,2024-12-04 00:00:00,Books,Self-Help Book,1,9.41,10.0,0.94,9.41,8.47,Organic Search,Credit Card,Completed
ORD002974,CUST00510,Germany,2024-01-06 19:00:00,Sports,Yoga Mat,1,61.67,0.0,0.0,61.67,61.67,Social Media,Debit Card,Completed
ORD002975,CUST01188,India,2024-03-03 06:00:00,Home & Kitchen,Cutlery Set,2,84.46,0.0,0.0,168.92,168.92,Organic Search,UPI,Completed
ORD002976,CUST01242,Germany,2025-01-09 01:00:00,Home & Kitchen,Coffee Maker,1,51.78,5.0,2.59,51.78,49.19,Email,UPI,Completed
ORD002977,CUST00823,India,2024-10-04 21:00:00,Beauty,Shampoo,4,12.32,0.0,0.0,49.28,49.28,Direct,Debit Card,Completed
ORD002978,CUST00239,UK,2024-08-06 22:00:00,Electronics,Wireless Earbuds,1,133.71,0.0,0.0,133.71,133.71,Email,Credit Card,Completed
ORD002979,CUST01229,Australia,2024-12-26 19:00:00,Electronics,Wireless Earbuds,1,71.96,10.0,7.2,71.96,64.76,Organic Search,UPI,Completed
ORD002980,CUST00260,India,2024-11-28 12:00:00,Sports,Resistance Bands,1,86.02,,0.0,86.02,86.02,Email,Cash on Delivery,Returned
ORD002981,CUST01440,UK,2025-03-09 18:00:00,Toys,Building Blocks,1,39.61,10.0,3.96,39.61,35.65,Paid Ads,Debit Card,Completed
ORD002982,CUST01352,USA,2025-05-07 21:00:00,Home & Kitchen,Bed Sheets,1,88.99,0.0,0.0,88.99,88.99,Paid Ads,UPI,Completed
ORD002983,CUST00820,India,2024-03-30 22:00:00,Clothing,Sneakers,1,10.84,0.0,0.0,10.84,10.84,Organic Search,Debit Card,Returned
ORD002984,CUST00813,India,2024-02-02 14:00:00,Clothing,Hoodie,1,11.78,10.0,1.18,11.78,10.6,Social Media,Credit Card,Completed
ORD002985,CUST00558,India,2024-05-14 18:00:00,Sports,Dumbbells,1,43.19,0.0,0.0,43.19,43.19,Organic Search,Debit Card,Completed
ORD002986,CUST00571,USA,2024-06-21 11:00:00,Electronics,Bluetooth Speaker,1,24.62,10.0,2.46,24.62,22.16,Organic Search,UPI,Completed
ORD002987,CUST00069,India,2025-03-25 14:00:00,Beauty,Shampoo,1,51.58,0.0,0.0,51.58,51.58,Organic Search,UPI,Cancelled
ORD002988,CUST01428,Australia,2024-03-31 06:00:00,Home & Kitchen,Storage Box,1,72.78,0.0,0.0,72.78,72.78,Social Media,Cash on Delivery,Completed
ORD002989,CUST01191,India,2024-01-26 11:00:00,Electronics,Smartphone Case,1,95.47,0.0,0.0,95.47,95.47,Direct,Credit Card,Returned
ORD002990,CUST01114,USA,2025-04-05 18:00:00,Books,Comic,4,17.2,0.0,0.0,68.8,68.8,Social Media,Debit Card,Completed
ORD002991,CUST00293,Canada,2025-05-14 21:00:00,Clothing,T-Shirt,1,21.05,0.0,0.0,21.05,21.05,Social Media,Credit Card,Completed
ORD002992,CUST00508,Canada,2024-01-29 22:00:00,Toys,Puzzle,1,22.02,0.0,0.0,22.02,22.02,Organic Search,UPI,Completed
ORD002993,CUST01024,Australia,2025-01-20 05:00:00,Clothing,Hoodie,2,39.14,0.0,0.0,78.28,78.28,Direct,Credit Card,Completed
ORD002994,CUST00162,UK,2024-10-17 15:00:00,Sports,Dumbbells,1,15.55,0.0,0.0,15.55,15.55,Social Media,Debit Card,Completed
ORD002995,CUST01270,India,2024-07-03 01:00:00,Sports,Resistance Bands,3,40.93,5.0,6.14,122.79,116.65,Social Media,Credit Card,Returned
ORD002996,CUST00337,Canada,2025-04-30 09:00:00,Electronics,USB-C Cable,1,137.28,0.0,0.0,137.28,137.28,Social Media,Debit Card,Completed
ORD002997,CUST01425,Australia,2024-06-16 02:00:00,Clothing,Hoodie,1,68.71,0.0,0.0,68.71,68.71,Paid Ads,Credit Card,Completed
ORD002998,CUST00224,USA,2025-04-20 02:00:00,Toys,Puzzle,1,41.99,15.0,6.3,41.99,35.69,Paid Ads,Debit Card,Completed
ORD002999,CUST00266,Germany,2024-01-26 16:00:00,Books,Novel,1,14.27,5.0,0.71,14.27,13.56,Paid Ads,Debit Card,Completed
ORD003000,CUST01402,India,2024-03-06 04:00:00,Electronics,Smartphone Case,1,86.95,0.0,0.0,86.95,86.95,Organic Search,PayPal,Completed
ORD003001,CUST01377,USA,2024-07-29 07:00:00,Clothing,Jeans,2,17.7,0.0,0.0,35.4,35.4,Email,Cash on Delivery,Completed
ORD003002,CUST01498,USA,2025-02-02 04:00:00,Beauty,Face Cream,1,32.24,0.0,0.0,32.24,32.24,Organic Search,Credit Card,Completed
ORD003003,CUST01169,India,2024-07-20 16:00:00,Beauty,Perfume,1,50.07,10.0,5.01,50.07,45.06,Email,Credit Card,Completed
ORD003004,CUST00224,USA,2024-04-26 19:00:00,Clothing,Hoodie,1,56.33,0.0,0.0,56.33,56.33,Paid Ads,Cash on Delivery,Completed
ORD003005,CUST01201,Germany,2025-05-01 08:00:00,Clothing,Sneakers,2,41.53,,0.0,83.06,83.06,Social Media,PayPal,Returned
ORD003006,CUST00349,USA,2024-02-13 09:00:00,Clothing,Jeans,1,57.86,,0.0,57.86,57.86,Social Media,UPI,Completed
ORD003007,CUST01003,Canada,2024-09-27 04:00:00,Beauty,Shampoo,1,13.02,0.0,0.0,13.02,13.02,Email,PayPal,Completed
ORD003008,CUST01464,UK,2024-05-20 06:00:00,Home & Kitchen,Bed Sheets,1,84.0,15.0,12.6,84.0,71.4,Email,UPI,Completed
ORD003009,CUST00285,USA,2025-03-10 19:00:00,Clothing,Jacket,1,16.55,0.0,0.0,16.55,16.55,Direct,Debit Card,Completed
ORD003010,CUST01234,India,2024-10-08 15:00:00,Clothing,Jeans,1,61.13,20.0,12.23,61.13,48.9,Paid Ads,PayPal,Completed
ORD003011,CUST01174,India,2024-03-11 01:00:00,Home & Kitchen,Bed Sheets,1,57.57,5.0,2.88,57.57,54.69,Organic Search,Cash on Delivery,Completed
ORD003012,CUST01279,India,2024-05-01 12:00:00,Home & Kitchen,Blender,3,29.01,0.0,0.0,87.03,87.03,Social Media,PayPal,Completed
ORD003013,CUST00131,USA,2024-08-05 13:00:00,Sports,Yoga Mat,4,41.7,,8.34,166.8,158.46,Social Media,Credit Card,Completed
ORD003014,CUST00587,India,2024-12-17 09:00:00,Beauty,Sunscreen,1,50.27,20.0,10.05,50.27,40.22,Paid Ads,Credit Card,Completed
ORD003015,CUST00408,India,2024-12-21 02:00:00,Clothing,Sneakers,1,36.62,5.0,1.83,36.62,34.79,Organic Search,UPI,Completed
ORD003016,CUST00377,Canada,2024-10-02 07:00:00,Clothing,Hoodie,4,39.92,0.0,0.0,159.68,159.68,Paid Ads,Credit Card,Completed
ORD003017,CUST00863,USA,2024-07-04 12:00:00,Electronics,Power Bank,1,61.86,20.0,12.37,61.86,49.49,Direct,Debit Card,Completed
ORD003018,CUST01083,USA,2024-04-16 01:00:00,Clothing,Sneakers,1,30.41,0.0,0.0,30.41,30.41,Organic Search,UPI,Completed
ORD003019,CUST01493,India,2024-06-09 19:00:00,Electronics,Wireless Earbuds,1,37.25,0.0,0.0,37.25,37.25,Paid Ads,UPI,Completed
ORD003020,CUST01327,India,2025-02-26 04:00:00,Electronics,Bluetooth Speaker,1,30.32,0.0,0.0,30.32,30.32,Paid Ads,Credit Card,Completed
ORD003021,CUST01478,Germany,2024-04-19 18:00:00,Beauty,Face Cream,1,59.41,0.0,0.0,59.41,59.41,Paid Ads,UPI,Completed
ORD003022,CUST01305,UK,2025-03-23 06:00:00,Clothing,Hoodie,2,68.22,5.0,6.82,136.44,129.62,Paid Ads,Cash on Delivery,Completed
ORD003023,CUST00202,India,2024-01-01 01:00:00,Books,Comic,1,18.94,0.0,0.0,18.94,18.94,Social Media,Credit Card,Completed
ORD003024,CUST01376,Canada,2024-09-10 19:00:00,Electronics,Power Bank,1,102.44,5.0,5.12,102.44,97.32,Email,UPI,Completed
ORD003025,CUST00707,India,2024-04-17 14:00:00,Toys,Building Blocks,1,49.73,0.0,0.0,49.73,49.73,Paid Ads,Debit Card,Completed
ORD003026,CUST01024,Australia,2024-10-30 17:00:00,Sports,Running Shoes,2,69.22,0.0,0.0,138.44,138.44,Paid Ads,UPI,Completed
ORD003027,CUST00728,Germany,2024-02-13 22:00:00,Sports,Resistance Bands,1,9.56,5.0,0.48,9.56,9.08,Email,Credit Card,Cancelled
ORD003028,CUST01074,India,2024-02-22 17:00:00,Electronics,USB-C Cable,1,138.75,0.0,0.0,138.75,138.75,Email,UPI,Completed
ORD003029,CUST00074,Germany,2025-02-22 15:00:00,Toys,Action Figure,1,45.15,0.0,0.0,45.15,45.15,Organic Search,Debit Card,Completed
ORD003030,CUST00662,Australia,2025-02-09 20:00:00,Home & Kitchen,Bed Sheets,2,13.55,0.0,0.0,27.1,27.1,Social Media,Debit Card,Completed
ORD003031,CUST00795,India,2024-10-24 09:00:00,Beauty,Perfume,1,52.85,0.0,0.0,52.85,52.85,Organic Search,Cash on Delivery,Completed
ORD003032,CUST00706,Australia,2025-04-25 13:00:00,Books,Cookbook,1,5.86,0.0,0.0,5.86,5.86,Organic Search,Credit Card,Cancelled
ORD003033,CUST00378,India,2024-06-27 06:00:00,Sports,Yoga Mat,1,30.99,10.0,3.1,30.99,27.89,Social Media,PayPal,Completed
ORD003034,CUST01260,USA,2024-08-15 21:00:00,Sports,Yoga Mat,1,53.15,10.0,5.32,53.15,47.83,Organic Search,Cash on Delivery,Completed
ORD003035,CUST00842,UK,2024-11-22 01:00:00,Clothing,Hoodie,2,30.08,0.0,0.0,60.16,60.16,Email,UPI,Completed
ORD003036,CUST00995,USA,2024-08-08 19:00:00,Books,Comic,1,29.19,0.0,0.0,29.19,29.19,Social Media,Debit Card,Completed
ORD003037,CUST00585,UK,2024-06-06 01:00:00,Toys,RC Car,1,47.11,15.0,7.07,47.11,40.04,Social Media,Credit Card,Returned
ORD003038,CUST01057,Germany,2025-03-02 06:00:00,Electronics,Smartphone Case,2,24.56,0.0,0.0,49.12,49.12,Social Media,Debit Card,Completed
ORD003039,CUST00527,USA,2025-04-02 19:00:00,Clothing,T-Shirt,1,24.22,0.0,0.0,24.22,24.22,Organic Search,UPI,Completed
ORD003040,CUST00009,UK,2024-01-23 12:00:00,Clothing,Jacket,1,46.97,10.0,4.7,46.97,42.27,Organic Search,Cash on Delivery,Completed
ORD003041,CUST00226,India,2024-11-05 18:00:00,Sports,Water Bottle,2,60.88,0.0,0.0,121.76,121.76,Organic Search,Credit Card,Completed
ORD003042,CUST00509,Australia,2024-04-22 10:00:00,Clothing,Jacket,1,54.5,0.0,0.0,54.5,54.5,Organic Search,PayPal,Completed
ORD003043,CUST00706,Australia,2025-04-23 08:00:00,Electronics,Bluetooth Speaker,1,16.07,0.0,0.0,16.07,16.07,Organic Search,Cash on Delivery,Completed
ORD003044,CUST00194,UK,2024-05-29 07:00:00,Sports,Yoga Mat,1,74.41,0.0,0.0,74.41,74.41,Direct,Debit Card,Returned
ORD003045,CUST00725,USA,2025-01-22 21:00:00,Toys,Building Blocks,4,34.22,10.0,13.69,136.88,123.19,Email,Debit Card,Completed
ORD003046,CUST00024,USA,2024-08-30 02:00:00,Clothing,Sneakers,1,16.0,5.0,0.8,16.0,15.2,Paid Ads,Debit Card,Completed
ORD003047,CUST00547,India,2024-10-21 08:00:00,Sports,Water Bottle,1,42.61,0.0,0.0,42.61,42.61,Email,PayPal,Completed
ORD003048,CUST01131,Germany,2024-10-28 00:00:00,Electronics,Bluetooth Speaker,1,62.71,20.0,12.54,62.71,50.17,Social Media,Cash on Delivery,Completed
ORD003049,CUST00233,USA,2025-03-14 13:00:00,Sports,Resistance Bands,1,45.67,10.0,4.57,45.67,41.1,Social Media,Debit Card,Completed
ORD003050,CUST01014,India,2025-01-31 18:00:00,Electronics,Power Bank,1,36.26,0.0,0.0,36.26,36.26,Paid Ads,Debit Card,Completed
ORD003051,CUST00184,Canada,2024-10-13 14:00:00,Home & Kitchen,Bed Sheets,1,81.05,0.0,0.0,81.05,81.05,Email,Debit Card,Completed
ORD003052,CUST00106,India,2024-11-16 21:00:00,Home & Kitchen,Coffee Maker,3,65.74,0.0,0.0,197.22,197.22,Social Media,PayPal,Completed
ORD003053,CUST00769,India,2024-11-15 13:00:00,Clothing,Sneakers,1,76.72,15.0,11.51,76.72,65.21,Social Media,Credit Card,Completed
ORD003054,CUST00762,India,2024-08-06 20:00:00,Beauty,Lipstick,1,37.0,0.0,0.0,37.0,37.0,Paid Ads,Credit Card,Completed
ORD003055,CUST01099,Germany,2024-05-18 15:00:00,Home & Kitchen,Blender,1,55.52,0.0,0.0,55.52,55.52,Social Media,Debit Card,Completed
ORD003056,CUST01469,Canada,2024-12-14 11:00:00,Clothing,Jeans,1,74.45,5.0,3.72,74.45,70.73,Organic Search,Cash on Delivery,Completed
ORD003057,CUST01161,Canada,2024-11-22 06:00:00,Clothing,Jeans,1,14.32,15.0,2.15,14.32,12.17,Email,Credit Card,Completed
ORD003058,CUST00458,USA,2024-11-30 04:00:00,Clothing,Jeans,3,30.92,0.0,0.0,92.76,92.76,Organic Search,Debit Card,Completed
ORD003059,CUST00282,India,2025-02-23 05:00:00,Books,Biography,1,8.14,10.0,0.81,8.14,7.33,Paid Ads,Credit Card,Completed
ORD003060,CUST00957,USA,2024-10-25 05:00:00,Clothing,Jacket,1,29.81,0.0,0.0,29.81,29.81,Paid Ads,UPI,Completed
ORD003061,CUST00785,India,2024-05-22 17:00:00,Electronics,Smartphone Case,1,46.81,5.0,2.34,46.81,44.47,Email,Credit Card,Completed
ORD003062,CUST01169,India,2025-01-01 14:00:00,Clothing,T-Shirt,1,22.45,0.0,0.0,22.45,22.45,Direct,Cash on Delivery,Completed
ORD003063,CUST01240,India,2024-10-17 00:00:00,Clothing,Hoodie,1,58.02,10.0,5.8,58.02,52.22,Paid Ads,PayPal,Cancelled
ORD003064,CUST01082,India,2024-10-23 20:00:00,Electronics,Smartphone Case,4,85.65,5.0,17.13,342.6,325.47,Organic Search,UPI,Completed
ORD003065,CUST01349,Australia,2024-01-28 18:00:00,Clothing,Sneakers,4,10.11,15.0,6.07,40.44,34.37,Email,Debit Card,Returned
ORD003066,CUST00466,USA,2024-09-27 13:00:00,Books,Comic,1,7.28,0.0,0.0,7.28,7.28,Direct,Credit Card,Completed
ORD003067,CUST00009,UK,2024-03-13 00:00:00,Home & Kitchen,Coffee Maker,1,56.33,0.0,0.0,56.33,56.33,Paid Ads,Cash on Delivery,Completed
ORD003068,CUST01438,UK,2024-07-20 15:00:00,Electronics,USB-C Cable,2,141.62,0.0,0.0,283.24,283.24,Organic Search,Credit Card,Completed
ORD003069,CUST00969,USA,2024-04-11 04:00:00,Clothing,Jeans,1,51.86,0.0,0.0,51.86,51.86,Email,PayPal,Completed
ORD003070,CUST01168,USA,2024-04-21 15:00:00,Electronics,Smartphone Case,1,69.36,0.0,0.0,69.36,69.36,Organic Search,Cash on Delivery,Completed
ORD003071,CUST00048,USA,2025-02-25 19:00:00,Clothing,T-Shirt,1,16.43,0.0,0.0,16.43,16.43,Direct,Debit Card,Completed
ORD003072,CUST01361,Canada,2024-06-30 16:00:00,Clothing,Hoodie,1,16.12,20.0,3.22,16.12,12.9,Organic Search,Credit Card,Cancelled
ORD003073,CUST01337,India,2024-03-30 06:00:00,Books,Biography,1,16.89,5.0,0.84,16.89,16.05,Direct,Debit Card,Returned
ORD003074,CUST00738,Germany,2025-04-07 21:00:00,Electronics,USB-C Cable,1,89.75,0.0,0.0,89.75,89.75,Email,PayPal,Completed
ORD003075,CUST00462,UK,2024-04-17 04:00:00,Toys,Building Blocks,1,49.55,0.0,0.0,49.55,49.55,Paid Ads,PayPal,Completed
ORD003076,CUST00155,Australia,2025-01-02 09:00:00,Electronics,Power Bank,4,20.19,5.0,4.04,80.76,76.72,Email,Credit Card,Completed
ORD003077,CUST01182,India,2024-01-02 00:00:00,Beauty,Shampoo,1,27.33,15.0,4.1,27.33,23.23,Email,Debit Card,Completed
ORD003078,CUST00839,USA,2025-03-15 07:00:00,Home & Kitchen,Bed Sheets,1,42.47,5.0,2.12,42.47,40.35,Paid Ads,Credit Card,Completed
ORD003079,CUST00533,Australia,2024-09-23 06:00:00,Clothing,Hoodie,2,10.96,0.0,0.0,21.92,21.92,Email,PayPal,Completed
ORD003080,CUST00372,India,2025-02-03 14:00:00,Sports,Resistance Bands,1,83.8,5.0,4.19,83.8,79.61,Paid Ads,PayPal,Completed
ORD003081,CUST00183,Australia,2024-11-21 15:00:00,Beauty,Face Cream,1,7.31,0.0,0.0,7.31,7.31,Social Media,Debit Card,Completed
ORD003082,CUST00479,Australia,2025-05-11 08:00:00,Electronics,Wireless Earbuds,1,110.06,0.0,0.0,110.06,110.06,Organic Search,PayPal,Completed
ORD003083,CUST00190,India,2024-12-01 11:00:00,Home & Kitchen,Cutlery Set,2,34.66,0.0,0.0,69.32,69.32,Paid Ads,Credit Card,Completed
ORD003084,CUST00890,India,2024-09-09 21:00:00,Electronics,Wireless Earbuds,1,53.22,0.0,0.0,53.22,53.22,Organic Search,Cash on Delivery,Completed
ORD003085,CUST00618,India,2025-03-26 01:00:00,Home & Kitchen,Coffee Maker,1,77.83,20.0,15.57,77.83,62.26,Paid Ads,PayPal,Completed
ORD003086,CUST00390,Germany,2024-05-31 22:00:00,Electronics,Power Bank,1,59.73,10.0,5.97,59.73,53.76,Paid Ads,UPI,Completed
ORD003087,CUST00712,USA,2024-08-02 14:00:00,Electronics,Smartphone Case,1,105.85,0.0,0.0,105.85,105.85,Organic Search,Credit Card,Completed
ORD003088,CUST01224,Australia,2024-02-16 08:00:00,Books,Cookbook,1,29.71,0.0,0.0,29.71,29.71,Paid Ads,UPI,Completed
ORD003089,CUST00683,India,2024-03-20 14:00:00,Electronics,Wireless Earbuds,1,50.87,15.0,7.63,50.87,43.24,Organic Search,Credit Card,Completed
ORD003090,CUST01327,India,2024-02-20 04:00:00,Electronics,Bluetooth Speaker,2,105.09,0.0,0.0,210.18,210.18,Paid Ads,PayPal,Completed
ORD003091,CUST01342,USA,2024-01-02 03:00:00,Electronics,Bluetooth Speaker,1,120.35,0.0,0.0,120.35,120.35,Organic Search,PayPal,Completed
ORD003092,CUST00713,USA,2024-08-21 12:00:00,Electronics,Wireless Earbuds,1,23.83,0.0,0.0,23.83,23.83,Direct,PayPal,Completed
ORD003093,CUST00067,India,2024-11-21 10:00:00,Toys,Puzzle,1,15.62,0.0,0.0,15.62,15.62,Email,Credit Card,Completed
ORD003094,CUST00132,India,2024-01-21 00:00:00,Sports,Running Shoes,2,49.74,0.0,0.0,99.48,99.48,Social Media,Credit Card,Completed
ORD003095,CUST00367,Australia,2025-04-15 03:00:00,Electronics,USB-C Cable,3,89.99,5.0,13.5,269.97,256.47,Social Media,Debit Card,Returned
ORD003096,CUST01352,U.S.A,2025-02-02 16:00:00,Beauty,Face Cream,1,44.54,5.0,2.23,44.54,42.31,Social Media,PayPal,Completed
ORD003097,CUST00704,India,2024-01-30 02:00:00,Home & Kitchen,Storage Box,1,98.82,0.0,0.0,98.82,98.82,Organic Search,Credit Card,Completed
ORD003098,CUST00634,USA,2024-06-07 21:00:00,Home & Kitchen,Coffee Maker,1,60.05,0.0,0.0,60.05,60.05,Paid Ads,UPI,Completed
ORD003099,CUST00569,Canada,2024-12-06 12:00:00,Toys,Building Blocks,1,16.17,10.0,1.62,16.17,14.55,Paid Ads,Cash on Delivery,Cancelled
ORD003100,CUST01408,Germany,2024-02-03 12:00:00,Books,Comic,1,24.49,5.0,1.22,24.49,23.27,Paid Ads,PayPal,Completed
ORD003101,CUST00446,Australia,2024-06-13 09:00:00,Home & Kitchen,Blender,1,60.01,0.0,0.0,60.01,60.01,Paid Ads,Debit Card,Completed
ORD003102,CUST00699,India,2024-03-21 21:00:00,Electronics,Power Bank,1,111.18,0.0,0.0,111.18,111.18,Email,Debit Card,Completed
ORD003103,CUST00296,USA,2025-01-27 19:00:00,Books,Comic,1,14.41,0.0,0.0,14.41,14.41,Direct,PayPal,Completed
ORD003104,CUST00780,UK,2024-10-27 18:00:00,Electronics,Power Bank,1,140.93,0.0,0.0,140.93,140.93,Organic Search,Debit Card,Completed
ORD003105,CUST01441,Australia,2024-05-28 09:00:00,Clothing,Jeans,1,75.44,0.0,0.0,75.44,75.44,Organic Search,Cash on Delivery,Completed
ORD003106,CUST00513,Australia,2024-02-21 01:00:00,Electronics,Smartphone Case,1,43.38,15.0,6.51,43.38,36.87,Paid Ads,PayPal,Completed
ORD003107,CUST00911,USA,2024-08-06 07:00:00,Beauty,Sunscreen,1,16.42,0.0,0.0,16.42,16.42,Organic Search,UPI,Completed
ORD003108,CUST00316,UK,2024-07-30 20:00:00,Clothing,T-Shirt,4,60.49,0.0,0.0,241.96,241.96,Direct,Cash on Delivery,Completed
ORD003109,CUST00410,India,2024-08-06 05:00:00,Clothing,Hoodie,1,67.49,0.0,0.0,67.49,67.49,Email,Debit Card,Completed
ORD003110,CUST00482,UK,2024-11-08 10:00:00,Home & Kitchen,Cutlery Set,1,65.76,5.0,3.29,65.76,62.47,Paid Ads,Credit Card,Completed
ORD003111,CUST01161,Canada,2024-07-19 18:00:00,Clothing,Hoodie,1,41.07,0.0,0.0,41.07,41.07,Social Media,Cash on Delivery,Completed
ORD003112,CUST01396,Canada,2024-08-19 05:00:00,Books,Novel,1,25.86,0.0,0.0,25.86,25.86,Organic Search,Credit Card,Completed
ORD003113,CUST01235,UK,2024-08-24 21:00:00,Electronics,Power Bank,3,39.19,10.0,11.76,117.57,105.81,Email,UPI,Completed
ORD003114,CUST00239,UK,2024-03-25 15:00:00,Electronics,Power Bank,2,73.92,5.0,7.39,147.84,140.45,Organic Search,Cash on Delivery,Completed
ORD003115,CUST00276,USA,2024-06-23 04:00:00,Books,Novel,1,12.13,15.0,1.82,12.13,10.31,Paid Ads,PayPal,Completed
ORD003116,CUST00998,India,2024-02-10 22:00:00,Clothing,Jeans,1,59.9,15.0,8.98,59.9,50.92,Organic Search,Credit Card,Completed
ORD003117,CUST00020,India,2025-01-19 18:00:00,Sports,Water Bottle,2,63.52,0.0,0.0,127.04,127.04,Social Media,Debit Card,Completed
ORD003118,CUST00503,India,2024-09-16 20:00:00,Electronics,Bluetooth Speaker,1,110.41,0.0,0.0,110.41,110.41,Social Media,PayPal,Completed
ORD003119,CUST01395,India,2025-05-06 05:00:00,Electronics,USB-C Cable,1,127.62,20.0,25.52,127.62,102.1,Organic Search,PayPal,Completed
ORD003120,CUST00824,USA,2024-08-29 10:00:00,Books,Biography,1,26.39,0.0,0.0,26.39,26.39,Organic Search,Cash on Delivery,Completed
ORD003121,CUST00435,India,2024-02-06 10:00:00,Toys,Board Game,1,40.7,0.0,0.0,40.7,40.7,Organic Search,Debit Card,Completed
ORD003122,CUST00515,India,2024-11-29 18:00:00,Sports,Yoga Mat,1,70.77,0.0,0.0,70.77,70.77,Organic Search,Credit Card,Completed
ORD003123,CUST00827,India,2025-05-12 05:00:00,Home & Kitchen,Coffee Maker,3,99.13,0.0,0.0,297.39,297.39,Organic Search,Credit Card,Completed
ORD003124,CUST01125,UK,2025-03-06 00:00:00,Books,Biography,1,9.59,10.0,0.96,9.59,8.63,Paid Ads,PayPal,Completed
ORD003125,CUST01228,India,2024-09-11 17:00:00,Clothing,Jacket,1,74.04,15.0,11.11,74.04,62.93,Paid Ads,UPI,Completed
ORD003126,CUST00011,India,2024-01-10 01:00:00,Toys,RC Car,1,13.78,0.0,0.0,13.78,13.78,Email,Cash on Delivery,Completed
ORD003127,CUST00740,USA,2024-02-11 18:00:00,Home & Kitchen,Bed Sheets,1,21.38,0.0,0.0,21.38,21.38,Direct,Cash on Delivery,Completed
ORD003128,CUST00135,Australia,2025-01-01 13:00:00,Beauty,Face Cream,1,13.46,0.0,0.0,13.46,13.46,Organic Search,UPI,Completed
ORD003129,CUST00487,India,2024-01-29 08:00:00,Beauty,Shampoo,2,54.68,10.0,10.94,109.36,98.42,Social Media,Cash on Delivery,Completed
ORD003130,CUST00331,USA,2025-02-16 21:00:00,Home & Kitchen,Bed Sheets,1,61.3,0.0,0.0,61.3,61.3,Paid Ads,Cash on Delivery,Completed
ORD003131,CUST00510,Germany,2024-06-20 15:00:00,Electronics,Wireless Earbuds,3,62.89,5.0,9.43,188.67,179.24,Direct,Credit Card,Completed
ORD003132,CUST00633,USA,2025-04-21 20:00:00,Electronics,USB-C Cable,1,23.42,10.0,2.34,23.42,21.08,Email,UPI,Completed
ORD003133,CUST00733,UK,2024-03-26 15:00:00,Books,Novel,1,29.4,0.0,0.0,29.4,29.4,Organic Search,Cash on Delivery,Cancelled
ORD003134,CUST00301,India,2024-05-16 15:00:00,Books,Biography,1,23.16,10.0,2.32,23.16,20.84,Organic Search,PayPal,Completed
ORD003135,CUST01242,Germany,2025-03-31 14:00:00,Beauty,Perfume,2,16.78,20.0,6.71,33.56,26.85,Paid Ads,PayPal,Completed
ORD003136,CUST00692,USA,2024-06-20 06:00:00,Toys,Puzzle,1,48.45,5.0,2.42,48.45,46.03,Email,Credit Card,Completed
ORD003137,CUST00777,India,2024-05-14 05:00:00,Toys,RC Car,1,26.49,5.0,1.32,26.49,25.17,Direct,Credit Card,Completed
ORD003138,CUST01248,India,2024-06-06 19:00:00,Home & Kitchen,Blender,2,99.61,0.0,0.0,199.22,199.22,Organic Search,Debit Card,Completed
ORD003139,CUST00020,India,2024-05-22 15:00:00,Electronics,Power Bank,2,24.8,,0.0,49.6,49.6,Email,Debit Card,Completed
ORD003140,CUST00327,USA,2024-10-23 14:00:00,Home & Kitchen,Storage Box,1,51.82,0.0,0.0,51.82,51.82,Social Media,Cash on Delivery,Completed
ORD003141,CUST00539,USA,2025-01-15 02:00:00,Electronics,USB-C Cable,1,96.94,0.0,0.0,96.94,96.94,Organic Search,Debit Card,Completed
ORD003142,CUST01092,UK,2025-02-02 06:00:00,Beauty,Perfume,2,42.37,20.0,16.95,84.74,67.79,Organic Search,Debit Card,Completed
ORD003143,CUST01436,India,2024-05-11 00:00:00,Toys,Building Blocks,1,19.24,10.0,1.92,19.24,17.32,Paid Ads,Cash on Delivery,Completed
ORD003144,CUST00670,India,2024-07-21 04:00:00,Clothing,Jeans,4,69.67,0.0,0.0,278.68,278.68,Paid Ads,PayPal,Completed
ORD003145,CUST01440,UK,2024-09-05 14:00:00,Books,Novel,1,8.1,0.0,0.0,8.1,8.1,Paid Ads,Credit Card,Completed
ORD003146,CUST00599,India,2024-09-13 08:00:00,Clothing,Sneakers,1,56.32,20.0,11.26,56.32,45.06,Organic Search,Debit Card,Completed
ORD003147,CUST00957,USA,2025-03-24 13:00:00,Clothing,Hoodie,1,68.26,10.0,6.83,68.26,61.43,Paid Ads,Credit Card,Completed
ORD003148,CUST00257,Australia,2024-08-14 19:00:00,Books,Novel,1,23.27,15.0,3.49,23.27,19.78,Paid Ads,UPI,Completed
ORD003149,CUST01332,UK,2024-01-22 22:00:00,Toys,RC Car,1,39.69,5.0,1.98,39.69,37.71,Organic Search,Cash on Delivery,Completed
ORD003150,CUST00787,USA,2025-01-14 20:00:00,Electronics,Bluetooth Speaker,1,24.85,0.0,0.0,24.85,24.85,Paid Ads,Cash on Delivery,Completed
ORD003151,CUST00258,UK,2024-05-05 16:00:00,Books,Novel,2,26.21,15.0,7.86,52.42,44.56,Paid Ads,Cash on Delivery,Returned
ORD003152,CUST00574,UK,2024-10-12 12:00:00,Clothing,T-Shirt,2,70.04,0.0,0.0,140.08,140.08,Paid Ads,Debit Card,Completed
ORD003153,CUST01209,India,2024-06-28 19:00:00,Clothing,Jeans,1,34.73,0.0,0.0,34.73,34.73,Paid Ads,PayPal,Completed
ORD003154,CUST00959,India,2024-08-06 05:00:00,Clothing,Sneakers,2,43.91,0.0,0.0,87.82,87.82,Email,Cash on Delivery,Completed
ORD003155,CUST00621,India,2024-10-12 08:00:00,Electronics,Power Bank,1,134.2,5.0,6.71,134.2,127.49,Social Media,UPI,Completed
ORD003156,CUST00542,UK,2024-07-11 21:00:00,Electronics,Power Bank,1,69.62,10.0,6.96,69.62,62.66,Email,Credit Card,Completed
ORD003157,CUST00149,India,2025-03-31 13:00:00,Clothing,Jacket,2,72.7,0.0,0.0,145.4,145.4,Organic Search,UPI,Completed
ORD003158,CUST00487,India,2025-01-15 16:00:00,Electronics,USB-C Cable,1,111.51,0.0,0.0,111.51,111.51,Paid Ads,Credit Card,Completed
ORD003159,CUST00571,USA,2025-01-29 14:00:00,Home & Kitchen,Cutlery Set,2,80.63,0.0,0.0,161.26,161.26,Email,Debit Card,Completed
ORD003160,CUST01152,Canada,2024-01-14 15:00:00,Home & Kitchen,Cutlery Set,1,73.06,10.0,7.31,73.06,65.75,Organic Search,PayPal,Completed
ORD003161,CUST00726,Canada,2024-12-31 05:00:00,Beauty,Sunscreen,1,40.36,10.0,4.04,40.36,36.32,Direct,Debit Card,Completed
ORD003162,CUST00675,USA,2024-10-27 01:00:00,Electronics,Wireless Earbuds,1,74.72,10.0,7.47,74.72,67.25,Paid Ads,UPI,Completed
ORD003163,CUST00379,Germany,2025-03-15 16:00:00,Home & Kitchen,Bed Sheets,2,51.22,10.0,10.24,102.44,92.2,Direct,PayPal,Completed
ORD003164,CUST00459,India,2025-04-29 12:00:00,Clothing,Jacket,4,63.88,10.0,25.55,255.52,229.97,Social Media,Credit Card,Completed
ORD003165,CUST00200,Germany,2025-01-29 00:00:00,Home & Kitchen,Storage Box,1,37.23,0.0,0.0,37.23,37.23,Paid Ads,Cash on Delivery,Completed
ORD003166,CUST01346,USA,2024-03-05 04:00:00,Books,Comic,1,26.31,0.0,0.0,26.31,26.31,Organic Search,PayPal,Completed
ORD003167,CUST00407,USA,2024-04-18 07:00:00,Beauty,Face Cream,1,10.59,0.0,0.0,10.59,10.59,Social Media,Credit Card,Completed
ORD003168,CUST00039,UK,2024-07-12 17:00:00,Home & Kitchen,Blender,1,30.31,5.0,1.52,30.31,28.79,Organic Search,Cash on Delivery,Completed
ORD003169,CUST01280,USA,2024-02-14 07:00:00,Toys,Building Blocks,1,45.2,0.0,0.0,45.2,45.2,Social Media,Debit Card,Completed
ORD003170,CUST00138,UK,2024-02-15 16:00:00,Beauty,Sunscreen,1,25.96,20.0,5.19,25.96,20.77,Organic Search,Debit Card,Completed
ORD003171,CUST00701,USA,2024-07-18 05:00:00,Beauty,Perfume,1,49.66,0.0,0.0,49.66,49.66,Social Media,Cash on Delivery,Completed
ORD003172,CUST01080,Australia,2025-03-12 00:00:00,Sports,Dumbbells,3,62.17,0.0,0.0,186.51,186.51,Paid Ads,Debit Card,Completed
ORD003173,CUST00102,UK,2025-03-05 04:00:00,Sports,Yoga Mat,2,18.36,0.0,0.0,36.72,36.72,Organic Search,Debit Card,Returned
ORD003174,CUST01126,USA,2025-03-15 16:00:00,Clothing,Sneakers,4,59.0,0.0,0.0,236.0,236.0,Organic Search,PayPal,Completed
ORD003175,CUST01445,Canada,2024-07-06 07:00:00,Clothing,Hoodie,1,73.37,0.0,0.0,73.37,73.37,Organic Search,Cash on Delivery,Completed
ORD003176,CUST00570,India,2024-04-29 07:00:00,Sports,Water Bottle,1,24.51,0.0,0.0,24.51,24.51,Organic Search,Credit Card,Cancelled
ORD003177,CUST00982,Germany,2025-02-06 00:00:00,Clothing,Hoodie,1,79.01,0.0,0.0,79.01,79.01,Organic Search,Credit Card,Completed
ORD003178,CUST01452,UK,2024-03-27 19:00:00,Electronics,Wireless Earbuds,1,66.6,0.0,0.0,66.6,66.6,Paid Ads,Credit Card,Returned
ORD003179,CUST00254,India,2025-04-04 00:00:00,Electronics,Bluetooth Speaker,1,43.67,5.0,2.18,43.67,41.49,Paid Ads,PayPal,Completed
ORD003180,CUST01333,India,2024-03-22 10:00:00,Beauty,Shampoo,2,12.59,5.0,1.26,25.18,23.92,Social Media,Debit Card,Completed
ORD003181,CUST00514,Canada,2024-03-20 22:00:00,Beauty,Perfume,1,56.12,0.0,0.0,56.12,56.12,Organic Search,Debit Card,Completed
ORD003182,CUST00565,USA,2025-02-06 11:00:00,Beauty,Sunscreen,2,12.76,5.0,1.28,25.52,24.24,Social Media,PayPal,Completed
ORD003183,CUST01059,USA,2024-04-14 01:00:00,Beauty,Lipstick,1,23.69,0.0,0.0,23.69,23.69,Social Media,PayPal,Completed
ORD003184,CUST01293,USA,2024-05-21 12:00:00,Electronics,Wireless Earbuds,2,102.77,20.0,41.11,205.54,164.43,Organic Search,Cash on Delivery,Completed
ORD003185,CUST01030,Canada,2025-04-11 20:00:00,Beauty,Sunscreen,1,28.22,5.0,1.41,28.22,26.81,Organic Search,PayPal,Completed
ORD003186,CUST00110,India,2024-01-15 15:00:00,Toys,Board Game,3,27.49,0.0,0.0,82.47,82.47,Direct,Credit Card,Completed
ORD003187,CUST01177,Germany,2024-08-28 11:00:00,Home & Kitchen,Blender,1,65.67,0.0,0.0,65.67,65.67,Organic Search,UPI,Returned
ORD003188,CUST00091,India,2024-09-25 18:00:00,Books,Comic,1,8.95,10.0,0.9,8.95,8.05,Organic Search,PayPal,Completed
ORD003189,CUST01302,Australia,2025-05-03 18:00:00,Clothing,T-Shirt,2,62.22,5.0,6.22,124.44,118.22,Organic Search,Debit Card,Completed
ORD003190,CUST01378,USA,2024-07-08 15:00:00,Electronics,Wireless Earbuds,1,78.53,5.0,3.93,78.53,74.6,Organic Search,Cash on Delivery,Completed
ORD003191,CUST01095,India,2024-07-10 12:00:00,Clothing,Hoodie,1,22.42,0.0,0.0,22.42,22.42,Organic Search,PayPal,Completed
ORD003192,CUST01101,India,2024-03-23 00:00:00,Toys,Board Game,2,29.65,15.0,8.9,59.3,50.4,Email,PayPal,Completed
ORD003193,CUST00047,India,2025-03-21 14:00:00,Home & Kitchen,Storage Box,1,62.45,0.0,0.0,62.45,62.45,Social Media,UPI,Completed
ORD003194,CUST01028,Canada,2025-01-31 11:00:00,Books,Novel,2,15.35,15.0,4.61,30.7,26.09,Social Media,PayPal,Completed
ORD003195,CUST01096,India,2024-09-02 02:00:00,Beauty,Perfume,1,32.18,0.0,0.0,32.18,32.18,Paid Ads,Debit Card,Completed
ORD003196,CUST01005,Germany,2024-08-11 12:00:00,Toys,Board Game,1,11.75,20.0,2.35,11.75,9.4,Paid Ads,Debit Card,Completed
ORD003197,CUST00643,India,2025-01-23 02:00:00,Home & Kitchen,Cutlery Set,1,30.54,0.0,0.0,30.54,30.54,Social Media,UPI,Completed
ORD003198,CUST01493,India,2025-04-04 13:00:00,Books,Novel,1,21.65,0.0,0.0,21.65,21.65,Social Media,UPI,Completed
ORD003199,CUST00312,India,2024-08-29 11:00:00,Beauty,Sunscreen,2,38.75,5.0,3.88,77.5,73.62,Organic Search,Cash on Delivery,Completed
ORD003200,CUST01306,Canada,2024-07-26 06:00:00,Clothing,T-Shirt,1,22.21,10.0,2.22,22.21,19.99,Social Media,Debit Card,Completed
ORD003201,CUST01325,Australia,2024-05-20 22:00:00,Books,Biography,1,28.28,0.0,0.0,28.28,28.28,Social Media,UPI,Completed
ORD003202,CUST01322,India,2024-07-15 02:00:00,Electronics,Power Bank,1,108.09,0.0,0.0,108.09,108.09,Organic Search,Credit Card,Completed
ORD003203,CUST00806,Germany,2024-10-07 11:00:00,Toys,Action Figure,2,33.4,0.0,0.0,66.8,66.8,Direct,UPI,Returned
ORD003204,CUST00034,Australia,2024-05-28 00:00:00,Clothing,Sneakers,1,40.24,0.0,0.0,40.24,40.24,Direct,Debit Card,Completed
ORD003205,CUST01482,India,2024-04-23 17:00:00,Clothing,Hoodie,1,49.26,0.0,0.0,49.26,49.26,Social Media,Cash on Delivery,Returned
ORD003206,CUST00118,India,2024-12-16 08:00:00,Electronics,Power Bank,1,30.6,15.0,4.59,30.6,26.01,Social Media,Credit Card,Completed
ORD003207,CUST01032,USA,2024-09-27 01:00:00,Clothing,Sneakers,2,10.75,0.0,0.0,21.5,21.5,Social Media,PayPal,Completed
ORD003208,CUST00364,USA,2025-05-13 14:00:00,Beauty,Shampoo,1,29.58,0.0,0.0,29.58,29.58,Social Media,PayPal,Completed
ORD003209,CUST01162,India,2024-09-20 07:00:00,Clothing,Sneakers,1,16.0,0.0,0.0,16.0,16.0,Organic Search,Cash on Delivery,Completed
ORD003210,CUST00943,UK,2024-12-11 22:00:00,Electronics,Power Bank,1,24.07,0.0,0.0,24.07,24.07,Email,UPI,Completed
ORD003211,CUST00359,Australia,2024-07-24 02:00:00,Electronics,Power Bank,4,135.47,0.0,0.0,541.88,541.88,Organic Search,PayPal,Completed
ORD003212,CUST00339,USA,2025-03-14 04:00:00,Home & Kitchen,Cutlery Set,2,63.9,0.0,0.0,127.8,127.8,Organic Search,Debit Card,Completed
ORD003213,CUST00805,USA,2024-03-18 14:00:00,Electronics,Bluetooth Speaker,1,113.98,15.0,17.1,113.98,96.88,Organic Search,UPI,Completed
ORD003214,CUST00765,India,2024-04-19 10:00:00,Toys,Board Game,1,43.49,0.0,0.0,43.49,43.49,Organic Search,Credit Card,Completed
ORD003215,CUST00776,India,2025-03-12 06:00:00,Clothing,Sneakers,1,72.52,5.0,3.63,72.52,68.89,Organic Search,Credit Card,Completed
ORD003216,CUST01324,India,2025-03-12 14:00:00,Sports,Dumbbells,2,73.15,0.0,0.0,146.3,146.3,Paid Ads,Credit Card,Completed
ORD003217,CUST00603,India,2025-04-22 22:00:00,Beauty,Shampoo,1,14.71,5.0,0.74,14.71,13.97,Organic Search,UPI,Completed
ORD003218,CUST00581,USA,2024-10-22 20:00:00,Toys,Action Figure,1,39.36,5.0,1.97,39.36,37.39,Paid Ads,Debit Card,Completed
ORD003219,CUST00624,USA,2024-03-02 22:00:00,Books,Biography,1,20.49,0.0,0.0,20.49,20.49,Paid Ads,PayPal,Completed
ORD003220,CUST00706,Australia,2024-11-28 01:00:00,Clothing,Jeans,1,67.44,0.0,0.0,67.44,67.44,Organic Search,Cash on Delivery,Completed
ORD003221,CUST00364,USA,2024-01-19 10:00:00,Beauty,Face Cream,2,58.97,10.0,11.79,117.94,106.15,Social Media,PayPal,Completed
ORD003222,CUST00175,UK,2024-03-31 14:00:00,Clothing,Hoodie,1,51.88,0.0,0.0,51.88,51.88,Organic Search,Credit Card,Completed
ORD003223,CUST00555,Canada,2024-02-01 08:00:00,Toys,Action Figure,1,42.37,0.0,0.0,42.37,42.37,Paid Ads,Debit Card,Completed
ORD003224,CUST00503,India,2024-05-03 19:00:00,Sports,Resistance Bands,2,60.51,0.0,0.0,121.02,121.02,Paid Ads,UPI,Completed
ORD003225,CUST00808,Australia,2024-01-14 01:00:00,Toys,RC Car,1,13.82,0.0,0.0,13.82,13.82,Organic Search,PayPal,Completed
ORD003226,CUST01132,USA,2024-02-11 07:00:00,Sports,Running Shoes,1,69.61,0.0,0.0,69.61,69.61,Paid Ads,Credit Card,Completed
ORD003227,CUST00844,Australia,2024-04-02 22:00:00,Beauty,Face Cream,4,44.65,0.0,0.0,178.6,178.6,Email,UPI,Completed
ORD003228,CUST00626,USA,2025-03-23 12:00:00,Home & Kitchen,Coffee Maker,2,23.1,20.0,9.24,46.2,36.96,Organic Search,UPI,Completed
ORD003229,CUST00339,USA,2024-06-07 03:00:00,Electronics,Wireless Earbuds,2,133.71,0.0,0.0,267.42,267.42,Organic Search,UPI,Completed
ORD003230,CUST00377,Canada,2024-10-04 15:00:00,Beauty,Perfume,4,5.77,0.0,0.0,23.08,23.08,Organic Search,UPI,Completed
ORD003231,CUST00004,USA,2024-06-04 20:00:00,Home & Kitchen,Bed Sheets,2,31.9,0.0,0.0,63.8,63.8,Paid Ads,Credit Card,Completed
ORD003232,CUST00339,USA,2024-08-02 14:00:00,Electronics,Bluetooth Speaker,2,99.61,5.0,9.96,199.22,189.26,Social Media,Credit Card,Completed
ORD003233,CUST00634,USA,2024-08-31 15:00:00,Beauty,Sunscreen,2,54.47,0.0,0.0,108.94,108.94,Paid Ads,Debit Card,Completed
ORD003234,CUST00332,Germany,2024-01-08 11:00:00,Books,Self-Help Book,2,9.51,5.0,0.95,19.02,18.07,Social Media,Cash on Delivery,Completed
ORD003235,CUST00264,USA,2024-05-17 07:00:00,Electronics,Power Bank,1,127.01,0.0,0.0,127.01,127.01,Organic Search,Debit Card,Returned
ORD003236,CUST00089,Canada,2025-01-06 21:00:00,Electronics,USB-C Cable,1,44.09,10.0,4.41,44.09,39.68,Paid Ads,UPI,Completed
ORD003237,CUST00794,UK,2024-10-06 18:00:00,Clothing,Jeans,1,10.88,0.0,0.0,10.88,10.88,Organic Search,Credit Card,Completed
ORD003238,CUST01176,USA,2024-06-04 12:00:00,Beauty,Perfume,1,23.23,10.0,2.32,23.23,20.91,Organic Search,Debit Card,Completed
ORD003239,CUST01414,India,2024-04-21 05:00:00,Home & Kitchen,Blender,1,41.1,0.0,0.0,41.1,41.1,Paid Ads,UPI,Completed
ORD003240,CUST00438,Canada,2025-04-02 21:00:00,Clothing,Hoodie,1,44.17,0.0,0.0,44.17,44.17,Organic Search,PayPal,Completed
ORD003241,CUST00990,Germany,2024-12-19 02:00:00,Clothing,Sneakers,3,21.88,10.0,6.56,65.64,59.08,Email,UPI,Completed
ORD003242,CUST01131,Germany,2025-03-16 01:00:00,Electronics,USB-C Cable,1,138.79,0.0,0.0,138.79,138.79,Paid Ads,Cash on Delivery,Completed
ORD003243,CUST00207,India,2024-05-28 12:00:00,Clothing,Jacket,2,10.15,0.0,0.0,20.3,20.3,Paid Ads,Debit Card,Completed
ORD003244,CUST00816,USA,2024-07-26 03:00:00,Toys,Board Game,2,13.94,20.0,5.58,27.88,22.3,Social Media,Debit Card,Completed
ORD003245,CUST00183,Australia,2024-06-18 16:00:00,Home & Kitchen,Bed Sheets,1,57.98,0.0,0.0,57.98,57.98,Paid Ads,Credit Card,Completed
ORD003246,CUST00892,Canada,2024-01-29 01:00:00,Electronics,Power Bank,1,46.94,20.0,9.39,46.94,37.55,Email,PayPal,Completed
ORD003247,CUST00811,Australia,2024-12-13 12:00:00,Sports,Yoga Mat,4,87.68,0.0,0.0,350.72,350.72,Paid Ads,Debit Card,Completed
ORD003248,CUST00268,UK,2025-03-24 20:00:00,Beauty,Shampoo,1,20.38,5.0,1.02,20.38,19.36,Organic Search,PayPal,Completed
ORD003249,CUST00364,USA,2025-05-11 15:00:00,Books,Self-Help Book,1,26.01,0.0,0.0,26.01,26.01,Paid Ads,Cash on Delivery,Completed
ORD003250,CUST00394,Germany,2024-03-20 00:00:00,Clothing,Sneakers,1,63.89,5.0,3.19,63.89,60.7,Paid Ads,Credit Card,Completed
ORD003251,CUST00013,Canada,2025-02-16 05:00:00,Clothing,Sneakers,1,76.68,10.0,7.67,76.68,69.01,Paid Ads,UPI,Completed
ORD003252,CUST00474,Canada,2024-08-17 05:00:00,Toys,Board Game,1,35.79,0.0,0.0,35.79,35.79,Organic Search,PayPal,Completed
ORD003253,CUST00166,Canada,2024-08-24 00:00:00,Electronics,USB-C Cable,1,86.77,5.0,4.34,86.77,82.43,Email,UPI,Completed
ORD003254,CUST01260,USA,2025-05-07 16:00:00,Books,Cookbook,1,18.55,5.0,0.93,18.55,17.62,Direct,UPI,Completed
ORD003255,CUST00403,USA,2025-04-12 09:00:00,Beauty,Perfume,1,48.24,15.0,7.24,48.24,41.0,Paid Ads,UPI,Completed
ORD003256,CUST00396,Australia,2024-09-04 13:00:00,Beauty,Sunscreen,1,52.53,0.0,0.0,52.53,52.53,Social Media,Cash on Delivery,Completed
ORD003257,CUST01282,UK,2025-04-01 04:00:00,Home & Kitchen,Cutlery Set,1,58.7,20.0,11.74,58.7,46.96,Email,UPI,Completed
ORD003258,CUST01300,UK,2024-07-04 20:00:00,Home & Kitchen,Blender,1,12.32,0.0,0.0,12.32,12.32,Organic Search,Cash on Delivery,Completed
ORD003259,CUST00750,UK,2024-09-27 01:00:00,Beauty,Shampoo,1,39.65,10.0,3.96,39.65,35.69,Paid Ads,UPI,Completed
ORD003260,CUST00526,USA,2025-05-06 14:00:00,Electronics,Smartphone Case,1,47.7,0.0,0.0,47.7,47.7,Direct,Cash on Delivery,Completed
ORD003261,CUST00798,USA,2025-03-13 13:00:00,Electronics,Power Bank,1,32.38,5.0,1.62,32.38,30.76,Email,PayPal,Completed
ORD003262,CUST00330,India,2024-04-10 13:00:00,Books,Cookbook,1,11.65,5.0,0.58,11.65,11.07,Paid Ads,Debit Card,Cancelled
ORD003263,CUST01215,UK,2024-08-30 01:00:00,Electronics,Power Bank,1,143.46,10.0,14.35,143.46,129.11,Direct,Cash on Delivery,Cancelled
ORD003264,CUST00950,USA,2024-05-15 03:00:00,Electronics,Bluetooth Speaker,2,146.75,0.0,0.0,293.5,293.5,Organic Search,UPI,Cancelled
ORD003265,CUST00370,India,2024-05-12 22:00:00,Beauty,Face Cream,3,41.71,0.0,0.0,125.13,125.13,Organic Search,Debit Card,Completed
ORD003266,CUST01427,India,2025-03-07 16:00:00,Books,Biography,2,15.37,10.0,3.07,30.74,27.67,Organic Search,Debit Card,Completed
ORD003267,CUST01420,Australia,2024-05-05 16:00:00,Electronics,Power Bank,1,114.96,0.0,0.0,114.96,114.96,Paid Ads,Cash on Delivery,Completed
ORD003268,CUST00881,India,2024-02-11 19:00:00,Books,Novel,4,19.61,0.0,0.0,78.44,78.44,Email,Credit Card,Completed
ORD003269,CUST00212,UK,2024-04-25 05:00:00,Home & Kitchen,Blender,1,46.57,5.0,2.33,46.57,44.24,Direct,Credit Card,Completed
ORD003270,CUST00651,India,2025-02-27 00:00:00,Clothing,Hoodie,1,70.32,0.0,0.0,70.32,70.32,Organic Search,Cash on Delivery,Completed
ORD003271,CUST00724,Germany,2024-08-29 00:00:00,Electronics,Wireless Earbuds,1,98.49,0.0,0.0,98.49,98.49,Social Media,PayPal,Cancelled
ORD003272,CUST00766,USA,2025-02-09 19:00:00,Electronics,Bluetooth Speaker,1,112.16,0.0,0.0,112.16,112.16,Organic Search,UPI,Completed
ORD003273,CUST00695,India,2025-04-27 12:00:00,Books,Cookbook,1,17.22,0.0,0.0,17.22,17.22,Direct,Debit Card,Completed
ORD003274,CUST00106,India,2024-03-29 10:00:00,Clothing,T-Shirt,1,73.78,0.0,0.0,73.78,73.78,Social Media,Credit Card,Completed
ORD003275,CUST00137,USA,2024-01-01 05:00:00,Electronics,Wireless Earbuds,1,53.28,0.0,0.0,53.28,53.28,Organic Search,UPI,Cancelled
ORD003276,CUST00497,USA,2024-09-19 00:00:00,Clothing,Hoodie,1,33.94,0.0,0.0,33.94,33.94,Email,PayPal,Completed
ORD003277,CUST00273,Canada,2025-04-13 02:00:00,Clothing,Jacket,1,24.48,0.0,0.0,24.48,24.48,Paid Ads,PayPal,Completed
ORD003278,CUST00655,USA,2024-04-05 12:00:00,Toys,Puzzle,1,24.82,0.0,0.0,24.82,24.82,Social Media,PayPal,Completed
ORD003279,CUST00268,UK,2025-05-05 15:00:00,Sports,Yoga Mat,1,50.72,0.0,0.0,50.72,50.72,Email,Cash on Delivery,Completed
ORD003280,CUST00644,India,2024-08-20 11:00:00,Electronics,Smartphone Case,1,59.12,0.0,0.0,59.12,59.12,Paid Ads,UPI,Completed
ORD003281,CUST00582,Australia,2025-01-02 18:00:00,Books,Biography,1,7.91,0.0,0.0,7.91,7.91,Organic Search,PayPal,Completed
ORD003282,CUST00910,USA,2024-02-28 20:00:00,Books,Cookbook,1,15.55,0.0,0.0,15.55,15.55,Social Media,Debit Card,Completed
ORD003283,CUST01018,USA,2025-03-10 20:00:00,Home & Kitchen,Coffee Maker,3,41.67,0.0,0.0,125.01,125.01,Organic Search,Debit Card,Completed
ORD003284,CUST00660,USA,2024-03-12 06:00:00,Books,Self-Help Book,2,10.9,0.0,0.0,21.8,21.8,Paid Ads,UPI,Completed
ORD003285,CUST00361,USA,2024-03-12 00:00:00,Toys,Building Blocks,2,40.55,0.0,0.0,81.1,81.1,Paid Ads,Debit Card,Completed
ORD003286,CUST01498,USA,2024-03-07 21:00:00,Electronics,USB-C Cable,1,86.13,0.0,0.0,86.13,86.13,Organic Search,PayPal,Returned
ORD003287,CUST00060,India,2024-11-13 08:00:00,Beauty,Face Cream,1,47.17,5.0,2.36,47.17,44.81,Paid Ads,UPI,Completed
ORD003288,CUST00722,India,2024-01-16 08:00:00,Home & Kitchen,Blender,1,18.76,0.0,0.0,18.76,18.76,Organic Search,PayPal,Completed
ORD003289,CUST00108,Germany,2024-02-09 06:00:00,Books,Biography,3,24.76,0.0,0.0,74.28,74.28,Direct,Credit Card,Completed
ORD003290,CUST00419,UK,2025-01-18 15:00:00,Electronics,Power Bank,1,148.27,0.0,0.0,148.27,148.27,Organic Search,Cash on Delivery,Completed
ORD003291,CUST01264,USA,2024-12-19 03:00:00,Sports,Water Bottle,1,61.75,0.0,0.0,61.75,61.75,Paid Ads,UPI,Completed
ORD003292,CUST01169,India,2025-01-10 17:00:00,Clothing,Jeans,2,79.24,0.0,0.0,158.48,158.48,Organic Search,Debit Card,Cancelled
ORD003293,CUST00492,UK,2024-06-08 01:00:00,Home & Kitchen,Coffee Maker,1,15.62,20.0,3.12,15.62,12.5,Social Media,PayPal,Completed
ORD003294,CUST00260,India,2024-09-16 14:00:00,Books,Novel,3,6.12,0.0,0.0,18.36,18.36,Organic Search,UPI,Cancelled
ORD003295,CUST00750,UK,2025-03-02 17:00:00,Beauty,Shampoo,1,54.5,15.0,8.18,54.5,46.32,Email,UPI,Completed
ORD003296,CUST00128,Canada,2025-02-23 21:00:00,Books,Biography,2,24.14,0.0,0.0,48.28,48.28,Paid Ads,PayPal,Completed
ORD003297,CUST00954,Canada,2025-02-27 14:00:00,Toys,RC Car,1,37.31,15.0,5.6,37.31,31.71,Organic Search,Cash on Delivery,Completed
ORD003298,CUST01322,India,2024-10-13 13:00:00,Beauty,Shampoo,1,56.19,0.0,0.0,56.19,56.19,Social Media,PayPal,Completed
ORD003299,CUST01139,USA,2024-11-23 11:00:00,Clothing,Sneakers,4,41.51,10.0,16.6,166.04,149.44,Email,Cash on Delivery,Completed
ORD003300,CUST00238,India,2025-04-08 22:00:00,Home & Kitchen,Blender,1,35.86,0.0,0.0,35.86,35.86,Organic Search,Debit Card,Completed
ORD003301,CUST01331,USA,2025-03-02 10:00:00,Home & Kitchen,Coffee Maker,1,90.7,20.0,18.14,90.7,72.56,Social Media,PayPal,Completed
ORD003302,CUST00022,India,2024-11-06 12:00:00,Toys,RC Car,1,25.96,20.0,5.19,25.96,20.77,Organic Search,UPI,Completed
ORD003303,CUST00784,India,2024-04-03 20:00:00,Sports,Resistance Bands,2,9.75,0.0,0.0,19.5,19.5,Paid Ads,Cash on Delivery,Returned
ORD003304,CUST00899,India,2025-04-15 16:00:00,Beauty,Shampoo,1,22.67,10.0,2.27,22.67,20.4,Organic Search,Cash on Delivery,Completed
ORD003305,CUST00564,India,2024-09-14 09:00:00,Electronics,Smartphone Case,1,107.3,20.0,21.46,107.3,85.84,Direct,Debit Card,Completed
ORD003306,CUST01414,India,2024-12-03 01:00:00,Home & Kitchen,Blender,1,80.79,0.0,0.0,80.79,80.79,Social Media,UPI,Completed
ORD003307,CUST00227,Australia,2025-05-11 06:00:00,Beauty,Face Cream,2,36.85,5.0,3.68,73.7,70.02,Email,Cash on Delivery,Completed
ORD003308,CUST00577,India,2024-10-15 22:00:00,Electronics,Smartphone Case,1,129.13,0.0,0.0,129.13,129.13,Paid Ads,Debit Card,Returned
ORD003309,CUST00172,India,2024-03-17 04:00:00,Sports,Dumbbells,1,24.7,0.0,0.0,24.7,24.7,Organic Search,Credit Card,Completed
ORD003310,CUST00011,India,2025-04-16 08:00:00,Home & Kitchen,Blender,1,27.06,15.0,4.06,27.06,23.0,Organic Search,Cash on Delivery,Completed
ORD003311,CUST01328,Germany,2025-01-27 14:00:00,Beauty,Face Cream,1,47.89,0.0,0.0,47.89,47.89,Direct,Debit Card,Completed
ORD003312,CUST00919,Germany,2024-12-22 03:00:00,Beauty,Sunscreen,1,8.07,20.0,1.61,8.07,6.46,Paid Ads,PayPal,Completed
ORD003313,CUST01383,Australia,2024-03-29 04:00:00,Home & Kitchen,Cutlery Set,1,14.41,0.0,0.0,14.41,14.41,Organic Search,Credit Card,Completed
ORD003314,CUST00432,Germany,2024-10-27 04:00:00,Electronics,Power Bank,1,21.73,0.0,0.0,21.73,21.73,Organic Search,Credit Card,Completed
ORD003315,CUST01420,Australia,2024-08-13 01:00:00,Toys,Building Blocks,2,26.99,0.0,0.0,53.98,53.98,Paid Ads,UPI,Completed
ORD003316,CUST00747,USA,2024-05-03 10:00:00,Electronics,Wireless Earbuds,2,116.42,10.0,23.28,232.84,209.56,Paid Ads,Debit Card,Completed
ORD003317,CUST00767,Germany,2024-10-30 19:00:00,Sports,Resistance Bands,1,27.1,0.0,0.0,27.1,27.1,Email,Credit Card,Completed
ORD003318,CUST01381,India,2024-08-12 06:00:00,Sports,Yoga Mat,3,61.8,0.0,0.0,185.4,185.4,Email,Debit Card,Completed
ORD003319,CUST00436,UK,2024-10-22 18:00:00,Clothing,Jeans,1,39.77,0.0,0.0,39.77,39.77,Social Media,PayPal,Completed
ORD003320,CUST00120,USA,2025-01-25 12:00:00,Beauty,Face Cream,1,33.6,0.0,0.0,33.6,33.6,Email,PayPal,Completed
ORD003321,CUST00032,India,2025-04-04 06:00:00,Toys,Board Game,1,40.51,10.0,4.05,40.51,36.46,Social Media,PayPal,Completed
ORD003322,CUST01444,USA,2024-08-17 11:00:00,Sports,Yoga Mat,2,41.47,0.0,0.0,82.94,82.94,Organic Search,Debit Card,Completed
ORD003323,CUST00511,UK,2025-01-30 22:00:00,Clothing,Hoodie,2,23.24,0.0,0.0,46.48,46.48,Direct,Debit Card,Completed
ORD003324,CUST01396,Canada,2024-04-21 07:00:00,Sports,Water Bottle,4,81.01,10.0,32.4,324.04,291.64,Organic Search,UPI,Returned
ORD003325,CUST00871,USA,2024-12-01 08:00:00,Beauty,Perfume,1,49.5,20.0,9.9,49.5,39.6,Social Media,Debit Card,Completed
ORD003326,CUST01185,India,2024-06-07 09:00:00,Clothing,Hoodie,1,32.49,0.0,0.0,32.49,32.49,Email,UPI,Completed
ORD003327,CUST01326,India,2024-07-28 17:00:00,Clothing,Hoodie,1,11.26,5.0,0.56,11.26,10.7,Organic Search,UPI,Completed
ORD003328,CUST00906,Canada,2024-02-15 09:00:00,Clothing,Sneakers,1,66.7,0.0,0.0,66.7,66.7,Paid Ads,Cash on Delivery,Returned
ORD003329,CUST01145,India,2025-02-15 09:00:00,Home & Kitchen,Cutlery Set,1,18.19,0.0,0.0,18.19,18.19,Organic Search,UPI,Completed
ORD003330,CUST00475,USA,2025-04-03 21:00:00,Home & Kitchen,Bed Sheets,1,14.02,10.0,1.4,14.02,12.62,Organic Search,Cash on Delivery,Returned
ORD003331,CUST00555,Canada,2025-02-28 16:00:00,Home & Kitchen,Bed Sheets,1,38.88,20.0,7.78,38.88,31.1,Organic Search,Debit Card,Returned
ORD003332,CUST00320,India,2024-10-17 05:00:00,Toys,Action Figure,1,10.92,0.0,0.0,10.92,10.92,Social Media,UPI,Completed
ORD003333,CUST01359,India,2024-12-16 08:00:00,Sports,Running Shoes,4,57.8,0.0,0.0,231.2,231.2,Paid Ads,UPI,Returned
ORD003334,CUST00371,India,2024-06-21 04:00:00,Toys,Puzzle,4,35.12,0.0,0.0,140.48,140.48,Organic Search,UPI,Completed
ORD003335,CUST00923,Canada,2024-04-17 13:00:00,Toys,Puzzle,1,16.82,0.0,0.0,16.82,16.82,Organic Search,Cash on Delivery,Completed
ORD003336,CUST00904,USA,2024-09-13 20:00:00,Sports,Running Shoes,1,76.59,0.0,0.0,76.59,76.59,Organic Search,PayPal,Completed
ORD003337,CUST00269,USA,2025-02-14 17:00:00,Home & Kitchen,Bed Sheets,4,33.64,5.0,6.73,134.56,127.83,Organic Search,Credit Card,Completed
ORD003338,CUST01042,Germany,2024-05-25 06:00:00,Home & Kitchen,Cutlery Set,1,83.28,0.0,0.0,83.28,83.28,Organic Search,Credit Card,Completed
ORD003339,CUST01298,India,2024-09-16 13:00:00,Toys,RC Car,2,42.39,10.0,8.48,84.78,76.3,Paid Ads,Debit Card,Completed
ORD003340,CUST00890,India,2024-12-25 10:00:00,Clothing,Jacket,1,39.04,0.0,0.0,39.04,39.04,Paid Ads,Debit Card,Completed
ORD003341,CUST00568,USA,2024-12-15 12:00:00,Beauty,Lipstick,1,13.28,0.0,0.0,13.28,13.28,Direct,Cash on Delivery,Completed
ORD003342,CUST00164,USA,2024-10-08 10:00:00,Books,Novel,2,9.92,0.0,0.0,19.84,19.84,Direct,Credit Card,Cancelled
ORD003343,CUST00122,Canada,2025-04-20 08:00:00,Home & Kitchen,Cutlery Set,1,94.53,5.0,4.73,94.53,89.8,Organic Search,Debit Card,Completed
ORD003344,CUST00300,India,2024-10-03 10:00:00,Home & Kitchen,Cutlery Set,1,92.05,15.0,13.81,92.05,78.24,Social Media,Credit Card,Completed
ORD003345,CUST00480,USA,2025-04-04 17:00:00,Electronics,Wireless Earbuds,1,68.0,20.0,13.6,68.0,54.4,Email,Cash on Delivery,Completed
ORD003346,CUST00355,India,2024-03-16 14:00:00,Clothing,T-Shirt,1,44.39,0.0,0.0,44.39,44.39,Paid Ads,UPI,Completed
ORD003347,CUST00422,Germany,2024-05-03 09:00:00,Toys,RC Car,2,36.45,0.0,0.0,72.9,72.9,Social Media,PayPal,Completed
ORD003348,CUST01057,Germany,2024-12-27 19:00:00,Sports,Dumbbells,1,59.73,10.0,5.97,59.73,53.76,Organic Search,Credit Card,Completed
ORD003349,CUST00108,Germany,2024-08-17 15:00:00,Clothing,Sneakers,1,60.2,10.0,6.02,60.2,54.18,Organic Search,Debit Card,Completed
ORD003350,CUST00532,Australia,2024-10-18 06:00:00,Clothing,Hoodie,2,52.41,0.0,0.0,104.82,104.82,Social Media,Debit Card,Completed
ORD003351,CUST00631,UK,2024-11-06 07:00:00,Toys,Action Figure,1,44.17,0.0,0.0,44.17,44.17,Organic Search,Cash on Delivery,Completed
ORD003352,CUST00340,India,2025-04-30 22:00:00,Toys,Action Figure,1,15.41,0.0,0.0,15.41,15.41,Social Media,UPI,Completed
ORD003353,CUST00833,India,2024-05-06 20:00:00,Electronics,Smartphone Case,1,100.22,0.0,0.0,100.22,100.22,Paid Ads,Credit Card,Completed
ORD003354,CUST01397,USA,2025-01-05 10:00:00,Sports,Dumbbells,1,87.77,0.0,0.0,87.77,87.77,Social Media,Credit Card,Completed
ORD003355,CUST00677,India,2025-03-04 21:00:00,Beauty,Face Cream,2,32.66,0.0,0.0,65.32,65.32,Direct,Debit Card,Completed
ORD003356,CUST01329,UK,2024-09-06 22:00:00,Beauty,Shampoo,3,10.37,20.0,6.22,31.11,24.89,Paid Ads,Cash on Delivery,Completed
ORD003357,CUST00385,Germany,2024-07-16 11:00:00,Sports,Resistance Bands,4,63.19,0.0,0.0,252.76,252.76,Email,Cash on Delivery,Completed
ORD003358,CUST00422,Germany,2024-08-23 20:00:00,Beauty,Sunscreen,4,52.96,10.0,21.18,211.84,190.66,Organic Search,Debit Card,Completed
ORD003359,CUST00091,India,2024-07-09 12:00:00,Electronics,Wireless Earbuds,1,140.1,20.0,28.02,140.1,112.08,Paid Ads,Credit Card,Completed
ORD003360,CUST01305,UK,2024-03-23 15:00:00,Electronics,Wireless Earbuds,2,136.01,10.0,27.2,272.02,244.82,Email,Cash on Delivery,Returned
ORD003361,CUST01491,India,2024-06-17 05:00:00,Electronics,Bluetooth Speaker,1,72.52,0.0,0.0,72.52,72.52,Organic Search,PayPal,Completed
ORD003362,CUST01248,India,2025-01-09 08:00:00,Clothing,T-Shirt,2,43.54,0.0,0.0,87.08,87.08,Paid Ads,Credit Card,Cancelled
ORD003363,CUST00204,Canada,2024-04-15 20:00:00,Clothing,Hoodie,1,11.63,0.0,0.0,11.63,11.63,Paid Ads,Debit Card,Returned
ORD003364,CUST01479,Germany,2024-09-04 11:00:00,Beauty,Lipstick,2,5.48,0.0,0.0,10.96,10.96,Social Media,Credit Card,Completed
ORD003365,CUST00012,Australia,2024-12-27 02:00:00,Clothing,T-Shirt,1,17.28,0.0,0.0,17.28,17.28,Direct,UPI,Completed
ORD003366,CUST01451,USA,2025-04-28 20:00:00,Books,Comic,1,23.6,5.0,1.18,23.6,22.42,Organic Search,Debit Card,Completed
ORD003367,CUST00338,UK,2025-05-10 02:00:00,Electronics,Bluetooth Speaker,1,69.96,20.0,13.99,69.96,55.97,Social Media,PayPal,Completed
ORD003368,CUST01464,UK,2025-01-08 08:00:00,Toys,Puzzle,3,34.45,0.0,0.0,103.35,103.35,Organic Search,UPI,Completed
ORD003369,CUST00778,Germany,2024-07-01 00:00:00,Books,Cookbook,2,9.36,0.0,0.0,18.72,18.72,Paid Ads,Debit Card,Completed
ORD003370,CUST01250,UK,2025-01-25 15:00:00,Books,Biography,2,15.41,0.0,0.0,30.82,30.82,Organic Search,PayPal,Returned
ORD003371,CUST00043,India,2024-02-19 20:00:00,Clothing,T-Shirt,1,23.84,0.0,0.0,23.84,23.84,Social Media,Debit Card,Completed
ORD003372,CUST00907,Germany,2025-03-26 07:00:00,Electronics,Smartphone Case,1,43.23,5.0,2.16,43.23,41.07,Organic Search,PayPal,Completed
ORD003373,CUST01294,UK,2024-03-29 09:00:00,Electronics,Wireless Earbuds,3,102.61,0.0,0.0,307.83,307.83,Social Media,Cash on Delivery,Completed
ORD003374,CUST00236,Germany,2024-05-05 22:00:00,Toys,Action Figure,1,15.64,0.0,0.0,15.64,15.64,Paid Ads,Credit Card,Completed
ORD003375,CUST00286,India,2024-09-29 06:00:00,Sports,Water Bottle,1,47.88,0.0,0.0,47.88,47.88,Organic Search,Cash on Delivery,Completed
ORD003376,CUST01307,UK,2025-05-12 00:00:00,Sports,Yoga Mat,1,81.84,0.0,0.0,81.84,81.84,Direct,Debit Card,Completed
ORD003377,CUST00600,India,2024-05-05 02:00:00,Electronics,Wireless Earbuds,1,111.94,20.0,22.39,111.94,89.55,Social Media,Debit Card,Completed
ORD003378,CUST01088,India,2025-02-26 01:00:00,Toys,Action Figure,1,38.97,0.0,0.0,38.97,38.97,Direct,Debit Card,Completed
ORD003379,CUST00146,India,2024-07-29 22:00:00,Electronics,Smartphone Case,1,141.04,5.0,7.05,141.04,133.99,Organic Search,PayPal,Completed
ORD003380,CUST00504,Germany,2024-10-25 18:00:00,Books,Biography,1,22.21,0.0,0.0,22.21,22.21,Organic Search,Credit Card,Returned
ORD003381,CUST00865,USA,2025-02-12 20:00:00,Home & Kitchen,Cutlery Set,1,61.88,0.0,0.0,61.88,61.88,Organic Search,PayPal,Completed
ORD003382,CUST00709,India,2025-02-10 15:00:00,Beauty,Perfume,1,53.83,0.0,0.0,53.83,53.83,Organic Search,Cash on Delivery,Completed
ORD003383,CUST00407,USA,2024-12-29 02:00:00,Clothing,Hoodie,1,44.9,0.0,0.0,44.9,44.9,Social Media,UPI,Completed
ORD003384,CUST01300,UK,2024-07-25 20:00:00,Home & Kitchen,Blender,2,31.97,5.0,3.2,63.94,60.74,Organic Search,Credit Card,Completed
ORD003385,CUST00394,Germany,2024-02-24 01:00:00,Clothing,Sneakers,1,21.82,0.0,0.0,21.82,21.82,Direct,Cash on Delivery,Completed
ORD003386,CUST01393,India,2024-06-21 20:00:00,Beauty,Lipstick,2,46.51,0.0,0.0,93.02,93.02,Organic Search,Debit Card,Completed
ORD003387,CUST01183,UK,2024-01-25 03:00:00,Books,Biography,1,14.36,15.0,2.15,14.36,12.21,Email,Credit Card,Completed
ORD003388,CUST00144,India,2024-01-09 14:00:00,Clothing,Jeans,2,58.77,10.0,11.75,117.54,105.79,Paid Ads,UPI,Completed
ORD003389,CUST00334,India,2024-12-31 14:00:00,Clothing,Hoodie,2,14.77,0.0,0.0,29.54,29.54,Direct,Cash on Delivery,Completed
ORD003390,CUST01218,UK,2024-10-26 01:00:00,Home & Kitchen,Blender,2,99.62,0.0,0.0,199.24,199.24,Direct,Cash on Delivery,Completed
ORD003391,CUST00274,Canada,2024-12-18 22:00:00,Electronics,Bluetooth Speaker,1,120.7,10.0,12.07,120.7,108.63,Organic Search,PayPal,Completed
ORD003392,CUST01075,Australia,2025-04-23 09:00:00,Home & Kitchen,Bed Sheets,1,55.5,0.0,0.0,55.5,55.5,Paid Ads,Debit Card,Completed
ORD003393,CUST00203,India,2024-04-03 00:00:00,Home & Kitchen,Blender,2,65.17,0.0,0.0,130.34,130.34,Social Media,UPI,Completed
ORD003394,CUST01124,Germany,2024-03-30 15:00:00,Clothing,Jeans,1,75.18,5.0,3.76,75.18,71.42,Paid Ads,PayPal,Completed
ORD003395,CUST00002,Australia,2024-03-19 01:00:00,Beauty,Shampoo,1,50.47,0.0,0.0,50.47,50.47,Direct,Cash on Delivery,Returned
ORD003396,CUST00548,UK,2024-01-29 22:00:00,Beauty,Perfume,1,42.88,0.0,0.0,42.88,42.88,Social Media,Debit Card,Completed
ORD003397,CUST00394,Germany,2025-01-22 07:00:00,Electronics,Smartphone Case,1,77.37,10.0,7.74,77.37,69.63,Paid Ads,Credit Card,Completed
ORD003398,CUST00484,UK,2025-02-06 15:00:00,Home & Kitchen,Storage Box,3,27.7,5.0,4.16,83.1,78.94,Email,UPI,Completed
ORD003399,CUST01458,UK,2025-01-04 10:00:00,Books,Self-Help Book,3,14.19,10.0,4.26,42.57,38.31,Organic Search,Cash on Delivery,Completed
ORD003400,CUST01384,India,2025-02-23 17:00:00,Sports,Resistance Bands,1,67.98,5.0,3.4,67.98,64.58,Organic Search,Credit Card,Completed
ORD003401,CUST00852,Germany,2024-03-18 20:00:00,Sports,Water Bottle,1,23.63,15.0,3.54,23.63,20.09,Paid Ads,PayPal,Completed
ORD003402,CUST00531,Germany,2024-01-28 01:00:00,Beauty,Sunscreen,1,56.29,5.0,2.81,56.29,53.48,Organic Search,PayPal,Completed
ORD003403,CUST01221,Australia,2024-12-19 20:00:00,Sports,Resistance Bands,2,66.05,10.0,13.21,132.1,118.89,Organic Search,PayPal,Cancelled
ORD003404,CUST00212,UK,2024-09-11 00:00:00,Electronics,Wireless Earbuds,1,116.63,0.0,0.0,116.63,116.63,Organic Search,PayPal,Completed
ORD003405,CUST00710,UK,2024-05-14 17:00:00,Clothing,Sneakers,1,30.28,5.0,1.51,30.28,28.77,Organic Search,UPI,Completed
ORD003406,CUST00462,UK,2024-08-27 01:00:00,Sports,Running Shoes,1,25.56,10.0,2.56,25.56,23.0,Organic Search,UPI,Completed
ORD003407,CUST00475,USA,2025-04-16 22:00:00,Electronics,USB-C Cable,1,108.45,0.0,0.0,108.45,108.45,Social Media,Debit Card,Completed
ORD003408,CUST00392,USA,2025-01-23 08:00:00,Clothing,Sneakers,1,39.25,5.0,1.96,39.25,37.29,Organic Search,Cash on Delivery,Completed
ORD003409,CUST00439,UK,2025-01-01 03:00:00,Sports,Dumbbells,2,77.21,0.0,0.0,154.42,154.42,Direct,UPI,Completed
ORD003410,CUST01173,UK,2024-01-12 11:00:00,Clothing,Sneakers,1,64.19,0.0,0.0,64.19,64.19,Social Media,Credit Card,Completed
ORD003411,CUST00647,USA,2024-07-14 09:00:00,Electronics,Bluetooth Speaker,2,23.97,5.0,2.4,47.94,45.54,Email,UPI,Completed
ORD003412,CUST01006,UK,2024-08-30 03:00:00,Toys,RC Car,1,37.46,0.0,0.0,37.46,37.46,Organic Search,UPI,Completed
ORD003413,CUST01157,India,2024-04-22 20:00:00,Clothing,T-Shirt,1,73.56,0.0,0.0,73.56,73.56,Organic Search,Cash on Delivery,Returned
ORD003414,CUST00239,UK,2024-11-07 22:00:00,Home & Kitchen,Storage Box,1,16.6,0.0,0.0,16.6,16.6,Organic Search,UPI,Returned
ORD003415,CUST01146,Canada,2024-04-21 16:00:00,Clothing,Sneakers,1,46.35,0.0,0.0,46.35,46.35,Organic Search,Cash on Delivery,Completed
ORD003416,CUST01396,Canada,2024-01-24 05:00:00,Sports,Yoga Mat,1,50.84,0.0,0.0,50.84,50.84,Email,Credit Card,Returned
ORD003417,CUST00317,USA,2024-07-31 22:00:00,Toys,Board Game,2,19.88,10.0,3.98,39.76,35.78,Direct,UPI,Completed
ORD003418,CUST00693,USA,2024-06-08 17:00:00,Clothing,Hoodie,1,69.01,0.0,0.0,69.01,69.01,Organic Search,Credit Card,Cancelled
ORD003419,CUST00165,India,2024-09-22 10:00:00,Clothing,Sneakers,2,71.97,0.0,0.0,143.94,143.94,Paid Ads,Credit Card,Completed
ORD003420,CUST00651,India,2024-12-09 21:00:00,Sports,Dumbbells,1,57.72,0.0,0.0,57.72,57.72,Paid Ads,PayPal,Completed
ORD003421,CUST00595,Canada,2024-02-17 07:00:00,Books,Biography,2,23.16,5.0,2.32,46.32,44.0,Paid Ads,UPI,Completed
ORD003422,CUST00471,India,2025-03-18 00:00:00,Beauty,Perfume,1,7.36,0.0,0.0,7.36,7.36,Social Media,Cash on Delivery,Completed
ORD003423,CUST01017,India,2024-01-09 10:00:00,Books,Novel,4,29.27,0.0,0.0,117.08,117.08,Social Media,Cash on Delivery,Completed
ORD003424,CUST01229,Australia,2025-03-17 03:00:00,Clothing,Hoodie,2,31.3,0.0,0.0,62.6,62.6,Direct,UPI,Completed
ORD003425,CUST01396,Canada,2024-08-23 14:00:00,Sports,Yoga Mat,1,64.78,0.0,0.0,64.78,64.78,Paid Ads,PayPal,Completed
ORD003426,CUST00796,Canada,2024-06-03 04:00:00,Electronics,Smartphone Case,2,138.07,0.0,0.0,276.14,276.14,Social Media,Credit Card,Completed
ORD003427,CUST00177,UK,2024-07-29 15:00:00,Electronics,Smartphone Case,1,43.39,0.0,0.0,43.39,43.39,Email,Credit Card,Completed
ORD003428,CUST01374,USA,2024-12-12 12:00:00,Toys,RC Car,4,43.65,5.0,8.73,174.6,165.87,Paid Ads,PayPal,Completed
ORD003429,CUST00356,UK,2024-11-05 16:00:00,Beauty,Shampoo,2,42.29,20.0,16.92,84.58,67.66,Paid Ads,Cash on Delivery,Completed
ORD003430,CUST01130,India,2024-04-28 21:00:00,Toys,Board Game,1,33.25,0.0,0.0,33.25,33.25,Paid Ads,Cash on Delivery,Completed
ORD003431,CUST00834,India,2024-12-16 03:00:00,Clothing,Sneakers,1,40.07,0.0,0.0,40.07,40.07,Social Media,Debit Card,Completed
ORD003432,CUST00585,UK,2025-03-10 04:00:00,Beauty,Sunscreen,1,29.39,0.0,0.0,29.39,29.39,Organic Search,Credit Card,Completed
ORD003433,CUST00850,USA,2024-09-21 11:00:00,Toys,Puzzle,2,40.84,0.0,0.0,81.68,81.68,Email,PayPal,Completed
ORD003434,CUST01129,USA,2024-06-03 05:00:00,Sports,Dumbbells,2,71.75,0.0,0.0,143.5,143.5,Email,Debit Card,Completed
ORD003435,CUST01356,Canada,2024-04-29 11:00:00,Home & Kitchen,Blender,1,43.67,0.0,0.0,43.67,43.67,Paid Ads,Cash on Delivery,Completed
ORD003436,CUST00231,Germany,2025-01-27 08:00:00,Electronics,Power Bank,2,57.08,10.0,11.42,114.16,102.74,Direct,Credit Card,Completed
ORD003437,CUST01376,Canada,2024-01-18 09:00:00,Toys,Puzzle,1,39.64,5.0,1.98,39.64,37.66,Social Media,PayPal,Completed
ORD003438,CUST00937,India,2025-02-24 16:00:00,Books,Self-Help Book,1,24.76,5.0,1.24,24.76,23.52,Organic Search,UPI,Completed
ORD003439,CUST00755,India,2024-05-09 20:00:00,Electronics,Bluetooth Speaker,1,114.4,0.0,0.0,114.4,114.4,Email,UPI,Completed
ORD003440,CUST00580,India,2025-04-16 17:00:00,Clothing,T-Shirt,1,32.5,,0.0,32.5,32.5,Email,PayPal,Completed
ORD003441,CUST00090,USA,2025-04-28 21:00:00,Electronics,Smartphone Case,4,68.89,10.0,27.56,275.56,248.0,Organic Search,PayPal,Completed
ORD003442,CUST00085,India,2024-01-23 16:00:00,Beauty,Perfume,1,27.34,15.0,4.1,27.34,23.24,Social Media,UPI,Completed
ORD003443,CUST00068,Germany,2024-10-02 11:00:00,Sports,Resistance Bands,4,31.53,5.0,6.31,126.12,119.81,Paid Ads,Cash on Delivery,Completed
ORD003444,CUST00856,India,2025-03-19 16:00:00,Toys,Board Game,2,32.15,0.0,0.0,64.3,64.3,Paid Ads,UPI,Returned
ORD003445,CUST00308,India,2024-11-09 02:00:00,Beauty,Lipstick,1,8.05,0.0,0.0,8.05,8.05,Organic Search,PayPal,Completed
ORD003446,CUST01360,USA,2024-10-01 00:00:00,Beauty,Face Cream,1,30.53,10.0,3.05,30.53,27.48,Organic Search,Debit Card,Completed
ORD003447,CUST01153,UK,2024-01-14 09:00:00,Clothing,Hoodie,1,72.7,0.0,0.0,72.7,72.7,Social Media,Debit Card,Completed
ORD003448,CUST00145,India,2025-04-06 10:00:00,Home & Kitchen,Storage Box,4,66.48,0.0,0.0,265.92,265.92,Paid Ads,PayPal,Cancelled
ORD003449,CUST00104,USA,2024-08-28 07:00:00,Clothing,Jeans,1,24.06,5.0,1.2,24.06,22.86,Paid Ads,PayPal,Completed
ORD003450,CUST01162,India,2024-05-03 05:00:00,Home & Kitchen,Storage Box,1,76.6,0.0,0.0,76.6,76.6,Organic Search,Cash on Delivery,Completed
ORD003451,CUST00213,UK,2024-12-03 10:00:00,Clothing,Jacket,1,60.21,0.0,0.0,60.21,60.21,Paid Ads,UPI,Cancelled
ORD003452,CUST00602,India,2024-02-06 14:00:00,Sports,Running Shoes,2,8.12,0.0,0.0,16.24,16.24,Paid Ads,Credit Card,Completed
ORD003453,CUST00188,USA,2025-01-04 08:00:00,Sports,Dumbbells,1,70.88,0.0,0.0,70.88,70.88,Social Media,Debit Card,Completed
ORD003454,CUST01020,India,2024-07-27 07:00:00,Beauty,Lipstick,1,35.95,5.0,1.8,35.95,34.15,Social Media,Debit Card,Completed
ORD003455,CUST00381,India,2024-08-22 05:00:00,Beauty,Lipstick,2,22.33,0.0,0.0,44.66,44.66,Email,PayPal,Completed
ORD003456,CUST00400,Germany,2024-12-24 11:00:00,Electronics,Bluetooth Speaker,1,36.39,5.0,1.82,36.39,34.57,Paid Ads,PayPal,Completed
ORD003457,CUST00950,USA,2025-04-08 02:00:00,Beauty,Perfume,1,51.28,0.0,0.0,51.28,51.28,Social Media,Cash on Delivery,Returned
ORD003458,CUST00538,India,2024-06-17 04:00:00,Electronics,Smartphone Case,1,118.5,5.0,5.92,118.5,112.58,Organic Search,Cash on Delivery,Completed
ORD003459,CUST00533,Australia,2024-08-11 06:00:00,Electronics,Bluetooth Speaker,1,125.83,0.0,0.0,125.83,125.83,Social Media,Credit Card,Completed
ORD003460,CUST00616,Australia,2024-11-21 13:00:00,Clothing,Jacket,1,63.53,0.0,0.0,63.53,63.53,Paid Ads,Credit Card,Completed
ORD003461,CUST00640,USA,2025-01-18 02:00:00,Toys,Puzzle,2,27.53,0.0,0.0,55.06,55.06,Email,Credit Card,Completed
ORD003462,CUST00897,India,2025-03-20 12:00:00,Home & Kitchen,Blender,1,17.8,0.0,0.0,17.8,17.8,Email,UPI,Completed
ORD003463,CUST00633,USA,2024-10-29 02:00:00,Clothing,Sneakers,2,19.01,0.0,0.0,38.02,38.02,Email,UPI,Completed
ORD003464,CUST00247,USA,2024-09-05 16:00:00,Beauty,Sunscreen,2,35.8,0.0,0.0,71.6,71.6,Paid Ads,Cash on Delivery,Completed
ORD003465,CUST01286,USA,2024-10-26 22:00:00,Sports,Resistance Bands,1,64.61,0.0,0.0,64.61,64.61,Social Media,Credit Card,Completed
ORD003466,CUST00743,Germany,2025-05-13 00:00:00,Electronics,Wireless Earbuds,1,67.3,0.0,0.0,67.3,67.3,Email,UPI,Returned
ORD003467,CUST00460,India,2024-09-24 12:00:00,Clothing,Sneakers,1,50.67,0.0,0.0,50.67,50.67,Organic Search,Cash on Delivery,Completed
ORD003468,CUST00093,Germany,2024-01-07 21:00:00,Clothing,Sneakers,1,70.93,0.0,0.0,70.93,70.93,Email,Debit Card,Completed
ORD003469,CUST00526,USA,2024-12-26 09:00:00,Books,Cookbook,1,17.44,0.0,0.0,17.44,17.44,Organic Search,PayPal,Cancelled
ORD003470,CUST00980,USA,2024-04-17 03:00:00,Electronics,Wireless Earbuds,2,25.05,15.0,7.52,50.1,42.58,Social Media,PayPal,Completed
ORD003471,CUST00725,USA,2024-05-27 15:00:00,Sports,Water Bottle,3,86.28,0.0,0.0,258.84,258.84,Organic Search,Cash on Delivery,Completed
ORD003472,CUST01372,India,2025-02-02 15:00:00,Sports,Running Shoes,1,81.02,0.0,0.0,81.02,81.02,Organic Search,Debit Card,Completed
ORD003473,CUST00741,USA,2024-06-03 14:00:00,Clothing,Sneakers,1,58.99,0.0,0.0,58.99,58.99,Direct,UPI,Completed
ORD003474,CUST00975,India,2024-10-06 19:00:00,Home & Kitchen,Blender,1,31.7,0.0,0.0,31.7,31.7,Organic Search,Debit Card,Completed
ORD003475,CUST00508,Canada,2025-02-27 00:00:00,Home & Kitchen,Storage Box,1,95.78,5.0,4.79,95.78,90.99,Organic Search,Credit Card,Completed
ORD003476,CUST00672,Canada,2024-11-02 12:00:00,Clothing,Jeans,4,36.72,0.0,0.0,146.88,146.88,Direct,Debit Card,Completed
ORD003477,CUST01001,India,2025-03-26 01:00:00,Clothing,Hoodie,1,28.39,5.0,1.42,28.39,26.97,Paid Ads,Credit Card,Completed
ORD003478,CUST00155,Australia,2025-04-01 12:00:00,Clothing,Jeans,1,23.15,0.0,0.0,23.15,23.15,Paid Ads,PayPal,Completed
ORD003479,CUST01246,UK,2025-01-12 15:00:00,Home & Kitchen,Storage Box,1,95.26,0.0,0.0,95.26,95.26,Email,UPI,Returned
ORD003480,CUST00278,UK,2024-03-22 05:00:00,Toys,Action Figure,2,47.96,10.0,9.59,95.92,86.33,Direct,PayPal,Completed
ORD003481,CUST00945,India,2024-04-08 17:00:00,Electronics,Smartphone Case,1,17.05,0.0,0.0,17.05,17.05,Paid Ads,PayPal,Completed
ORD003482,CUST00078,India,2024-09-19 16:00:00,Toys,Building Blocks,1,45.19,5.0,2.26,45.19,42.93,Organic Search,UPI,Completed
ORD003483,CUST01082,India,2024-04-17 00:00:00,Electronics,Smartphone Case,1,142.49,0.0,0.0,142.49,142.49,Organic Search,UPI,Completed
ORD003484,CUST00642,India,2024-12-19 12:00:00,Beauty,Perfume,4,32.92,10.0,13.17,131.68,118.51,Organic Search,PayPal,Completed
ORD003485,CUST00339,USA,2024-06-21 03:00:00,Home & Kitchen,Blender,1,36.85,0.0,0.0,36.85,36.85,Social Media,Cash on Delivery,Completed
ORD003486,CUST00714,USA,2025-01-03 21:00:00,Books,Biography,1,11.18,0.0,0.0,11.18,11.18,Organic Search,Credit Card,Completed
ORD003487,CUST01299,UK,2024-07-24 20:00:00,Home & Kitchen,Cutlery Set,2,85.74,0.0,0.0,171.48,171.48,Paid Ads,PayPal,Completed
ORD003488,CUST00446,Australia,2025-03-03 17:00:00,Books,Cookbook,1,9.81,5.0,0.49,9.81,9.32,Social Media,Debit Card,Completed
ORD003489,CUST01019,Canada,2024-01-20 08:00:00,Clothing,Jeans,2,19.84,0.0,0.0,39.68,39.68,Organic Search,UPI,Completed
ORD003490,CUST00667,India,2025-05-09 11:00:00,Home & Kitchen,Coffee Maker,1,14.93,10.0,1.49,14.93,13.44,Organic Search,Cash on Delivery,Completed
ORD003491,CUST00521,USA,2025-01-25 16:00:00,Toys,Puzzle,1,14.97,0.0,0.0,14.97,14.97,Direct,UPI,Completed
ORD003492,CUST00189,USA,2025-01-20 21:00:00,Clothing,T-Shirt,1,78.63,0.0,0.0,78.63,78.63,Paid Ads,Debit Card,Returned
ORD003493,CUST01303,India,2024-03-15 06:00:00,Beauty,Perfume,1,18.7,5.0,0.94,18.7,17.76,Direct,UPI,Completed
ORD003494,CUST00146,India,2024-06-09 22:00:00,Books,Self-Help Book,1,23.35,0.0,0.0,23.35,23.35,Paid Ads,UPI,Completed
ORD003495,CUST00050,India,2024-11-26 01:00:00,Beauty,Shampoo,1,7.29,0.0,0.0,7.29,7.29,Organic Search,PayPal,Returned
ORD003496,CUST00955,USA,2024-03-16 08:00:00,Clothing,Jacket,1,22.37,0.0,0.0,22.37,22.37,Direct,Cash on Delivery,Completed
ORD003497,CUST00895,UK,2025-02-07 04:00:00,Home & Kitchen,Storage Box,1,64.88,10.0,6.49,64.88,58.39,Social Media,Cash on Delivery,Completed
ORD003498,CUST00816,USA,2025-02-11 12:00:00,Books,Self-Help Book,1,13.37,0.0,0.0,13.37,13.37,Paid Ads,PayPal,Cancelled
ORD003499,CUST01095,India,2024-04-23 02:00:00,Clothing,Jeans,1,66.57,0.0,0.0,66.57,66.57,Paid Ads,PayPal,Completed
ORD003500,CUST00913,UK,2024-06-08 16:00:00,Home & Kitchen,Blender,1,24.38,5.0,1.22,24.38,23.16,Organic Search,Credit Card,Completed
ORD003501,CUST00194,UK,2024-08-20 03:00:00,Clothing,Sneakers,2,37.01,0.0,0.0,74.02,74.02,Paid Ads,Debit Card,Completed
ORD003502,CUST00229,Canada,2024-02-20 12:00:00,Electronics,Smartphone Case,1,122.75,0.0,0.0,122.75,122.75,Social Media,UPI,Completed
ORD003503,CUST00854,Canada,2025-02-21 19:00:00,Clothing,Hoodie,1,47.2,0.0,0.0,47.2,47.2,Email,PayPal,Completed
ORD003504,CUST00058,India,2025-04-27 16:00:00,Home & Kitchen,Blender,1,97.5,0.0,0.0,97.5,97.5,Email,Debit Card,Cancelled
ORD003505,CUST00852,Germany,2024-08-30 16:00:00,Home & Kitchen,Cutlery Set,1,68.3,15.0,10.24,68.3,58.06,Email,PayPal,Completed
ORD003506,CUST01267,USA,2024-10-13 04:00:00,Sports,Water Bottle,1,47.04,0.0,0.0,47.04,47.04,Organic Search,Debit Card,Completed
ORD003507,CUST00303,USA,2024-02-11 12:00:00,Clothing,Jeans,1,59.46,0.0,0.0,59.46,59.46,Organic Search,Debit Card,Completed
ORD003508,CUST00505,UK,2025-05-13 09:00:00,Clothing,Hoodie,1,24.72,20.0,4.94,24.72,19.78,Social Media,PayPal,Completed
ORD003509,CUST01000,USA,2024-04-03 16:00:00,Beauty,Sunscreen,1,45.75,10.0,4.58,45.75,41.17,Email,PayPal,Completed
ORD003510,CUST01327,India,2024-01-04 09:00:00,Toys,Building Blocks,2,43.29,10.0,8.66,86.58,77.92,Email,PayPal,Completed
ORD003511,CUST00033,India,2025-02-27 20:00:00,Electronics,Smartphone Case,2,132.94,0.0,0.0,265.88,265.88,Organic Search,PayPal,Completed
ORD003512,CUST01252,USA,2025-04-15 03:00:00,Home & Kitchen,Cutlery Set,1,90.73,0.0,0.0,90.73,90.73,Direct,Debit Card,Completed
ORD003513,CUST00909,India,2024-01-23 05:00:00,Clothing,Jacket,1,27.35,5.0,1.37,27.35,25.98,Paid Ads,Cash on Delivery,Completed
ORD003514,CUST01258,USA,2024-08-17 07:00:00,Electronics,USB-C Cable,1,88.52,0.0,0.0,88.52,88.52,Organic Search,PayPal,Cancelled
ORD003515,CUST00610,UK,2024-07-16 06:00:00,Electronics,Wireless Earbuds,2,54.61,0.0,0.0,109.22,109.22,Paid Ads,Debit Card,Completed
ORD003516,CUST00298,India,2024-03-27 17:00:00,Clothing,Jeans,2,51.51,0.0,0.0,103.02,103.02,Organic Search,Debit Card,Completed
ORD003517,CUST00881,India,2024-03-19 09:00:00,Home & Kitchen,Bed Sheets,1,75.02,10.0,7.5,75.02,67.52,Email,PayPal,Completed
ORD003518,CUST00285,USA,2024-05-09 22:00:00,Home & Kitchen,Storage Box,1,15.65,,1.56,15.65,14.09,Email,PayPal,Completed
ORD003519,CUST00361,USA,2024-05-10 02:00:00,Home & Kitchen,Cutlery Set,1,39.18,0.0,0.0,39.18,39.18,Email,Cash on Delivery,Completed
ORD003520,CUST01230,USA,2024-05-10 11:00:00,Clothing,Sneakers,2,41.56,5.0,4.16,83.12,78.96,Paid Ads,PayPal,Completed
ORD003521,CUST00709,India,2025-02-22 07:00:00,Clothing,Hoodie,1,67.53,0.0,0.0,67.53,67.53,Organic Search,Cash on Delivery,Completed
ORD003522,CUST00900,India,2024-03-01 00:00:00,Electronics,Power Bank,1,17.81,0.0,0.0,17.81,17.81,Organic Search,Cash on Delivery,Completed
ORD003523,CUST00913,UK,2024-12-07 17:00:00,Clothing,T-Shirt,1,42.57,0.0,0.0,42.57,42.57,Email,UPI,Completed
ORD003524,CUST00929,UK,2025-04-18 01:00:00,Books,Self-Help Book,1,21.66,0.0,0.0,21.66,21.66,Direct,PayPal,Completed
ORD003525,CUST00664,India,2024-06-22 22:00:00,Electronics,Power Bank,1,136.64,0.0,0.0,136.64,136.64,Paid Ads,PayPal,Completed
ORD003526,CUST01306,Canada,2024-12-20 14:00:00,Electronics,Power Bank,1,60.45,0.0,0.0,60.45,60.45,Organic Search,UPI,Completed
ORD003527,CUST00137,USA,2024-11-12 13:00:00,Sports,Yoga Mat,1,23.44,5.0,1.17,23.44,22.27,Organic Search,Credit Card,Completed
ORD003528,CUST01218,UK,2024-06-07 02:00:00,Beauty,Shampoo,2,40.17,0.0,0.0,80.34,80.34,Organic Search,Debit Card,Completed
ORD003529,CUST01257,India,2024-11-09 03:00:00,Sports,Water Bottle,4,53.53,0.0,0.0,214.12,214.12,Email,Debit Card,Completed
ORD003530,CUST01377,USA,2025-01-28 05:00:00,Beauty,Face Cream,1,50.9,0.0,0.0,50.9,50.9,Social Media,Debit Card,Completed
ORD003531,CUST00813,India,2024-01-09 05:00:00,Books,Biography,1,14.67,0.0,0.0,14.67,14.67,Email,Debit Card,Completed
ORD003532,CUST00578,Australia,2024-04-27 15:00:00,Home & Kitchen,Storage Box,2,33.12,0.0,0.0,66.24,66.24,Paid Ads,Cash on Delivery,Completed
ORD003533,CUST00575,Canada,2024-01-29 15:00:00,Beauty,Sunscreen,1,27.92,0.0,0.0,27.92,27.92,Paid Ads,Credit Card,Completed
ORD003534,CUST01386,India,2024-09-18 06:00:00,Sports,Yoga Mat,1,51.62,0.0,0.0,51.62,51.62,Paid Ads,PayPal,Completed
ORD003535,CUST00450,India,2025-03-06 18:00:00,Toys,RC Car,1,30.91,0.0,0.0,30.91,30.91,Email,UPI,Completed
ORD003536,CUST01386,India,2024-02-03 06:00:00,Electronics,Bluetooth Speaker,1,105.82,10.0,10.58,105.82,95.24,Organic Search,UPI,Completed
ORD003537,CUST00511,UK,2024-01-03 10:00:00,Beauty,Sunscreen,1,21.95,0.0,0.0,21.95,21.95,Paid Ads,Cash on Delivery,Completed
ORD003538,CUST00307,USA,2024-11-22 22:00:00,Clothing,Jacket,2,48.85,0.0,0.0,97.7,97.7,Email,Cash on Delivery,Completed
ORD003539,CUST01273,Germany,2025-05-11 00:00:00,Clothing,T-Shirt,1,56.24,0.0,0.0,56.24,56.24,Organic Search,PayPal,Completed
ORD003540,CUST01070,India,2024-11-25 00:00:00,Clothing,Jacket,1,24.04,10.0,2.4,24.04,21.64,Social Media,PayPal,Completed
ORD003541,CUST00507,Canada,2024-09-04 15:00:00,Sports,Resistance Bands,1,71.73,10.0,7.17,71.73,64.56,Paid Ads,Credit Card,Completed
ORD003542,CUST00384,Canada,2024-01-19 22:00:00,Sports,Running Shoes,2,58.28,0.0,0.0,116.56,116.56,Social Media,Debit Card,Cancelled
ORD003543,CUST01457,UK,2024-03-18 08:00:00,Electronics,USB-C Cable,3,41.24,0.0,0.0,123.72,123.72,Organic Search,Cash on Delivery,Completed
ORD003544,CUST00568,USA,2024-04-25 02:00:00,Electronics,Smartphone Case,1,96.5,0.0,0.0,96.5,96.5,Paid Ads,Cash on Delivery,Completed
ORD003545,CUST00990,Germany,2024-05-23 09:00:00,Electronics,Bluetooth Speaker,1,59.82,5.0,2.99,59.82,56.83,Email,Debit Card,Completed
ORD003546,CUST00670,India,2024-03-31 10:00:00,Clothing,T-Shirt,1,47.46,5.0,2.37,47.46,45.09,Email,Debit Card,Completed
ORD003547,CUST01324,India,2024-01-09 20:00:00,Beauty,Sunscreen,1,7.99,0.0,0.0,7.99,7.99,Social Media,Cash on Delivery,Completed
ORD003548,CUST00789,USA,2025-01-03 03:00:00,Home & Kitchen,Blender,1,46.44,0.0,0.0,46.44,46.44,Paid Ads,PayPal,Returned
ORD003549,CUST00130,USA,2024-11-17 18:00:00,Beauty,Shampoo,1,41.85,5.0,2.09,41.85,39.76,Email,PayPal,Returned
ORD003550,CUST00504,Germany,2025-05-11 22:00:00,Clothing,Hoodie,1,55.55,5.0,2.78,55.55,52.77,Paid Ads,UPI,Completed
ORD003551,CUST00780,UK,2024-07-21 12:00:00,Books,Self-Help Book,1,11.86,0.0,0.0,11.86,11.86,Organic Search,UPI,Completed
ORD003552,CUST00171,UK,2024-04-06 05:00:00,Electronics,Smartphone Case,1,85.02,0.0,0.0,85.02,85.02,Paid Ads,Debit Card,Cancelled
ORD003553,CUST01114,USA,2024-09-02 10:00:00,Sports,Resistance Bands,1,37.1,0.0,0.0,37.1,37.1,Organic Search,Credit Card,Completed
ORD003554,CUST01372,India,2024-01-01 21:00:00,Home & Kitchen,Cutlery Set,4,40.87,0.0,0.0,163.48,163.48,Paid Ads,Debit Card,Returned
ORD003555,CUST00708,Germany,2025-05-13 19:00:00,Clothing,Sneakers,1,34.23,0.0,0.0,34.23,34.23,Paid Ads,UPI,Completed
ORD003556,CUST00236,Germany,2024-11-28 07:00:00,Toys,Board Game,2,24.52,0.0,0.0,49.04,49.04,Organic Search,PayPal,Completed
ORD003557,CUST00380,India,2024-02-27 07:00:00,Clothing,Jeans,1,32.67,0.0,0.0,32.67,32.67,Direct,Credit Card,Completed
ORD003558,CUST00069,India,2025-05-05 05:00:00,Sports,Yoga Mat,1,37.05,0.0,0.0,37.05,37.05,Organic Search,Credit Card,Completed
ORD003559,CUST00321,USA,2024-02-23 03:00:00,Clothing,Jacket,1,51.18,0.0,0.0,51.18,51.18,Email,Credit Card,Completed
ORD003560,CUST00749,Canada,2025-03-18 15:00:00,Clothing,Sneakers,1,41.48,10.0,4.15,41.48,37.33,Email,Debit Card,Completed
ORD003561,CUST00702,India,2024-05-18 05:00:00,Home & Kitchen,Storage Box,1,36.34,20.0,7.27,36.34,29.07,Paid Ads,Credit Card,Completed
ORD003562,CUST00464,USA,2024-06-16 13:00:00,Electronics,Smartphone Case,1,50.15,10.0,5.01,50.15,45.14,Paid Ads,Cash on Delivery,Completed
ORD003563,CUST01109,UK,2024-06-13 13:00:00,Clothing,Hoodie,1,29.93,0.0,0.0,29.93,29.93,Organic Search,Debit Card,Returned
ORD003564,CUST00209,India,2024-09-07 10:00:00,Beauty,Perfume,2,51.0,5.0,5.1,102.0,96.9,Paid Ads,Debit Card,Completed
ORD003565,CUST01187,UK,2024-12-17 09:00:00,Toys,Puzzle,1,49.22,20.0,9.84,49.22,39.38,Social Media,Cash on Delivery,Completed
ORD003566,CUST00529,India,2025-04-06 20:00:00,Clothing,Jeans,1,79.82,10.0,7.98,79.82,71.84,Social Media,Debit Card,Completed
ORD003567,CUST00591,India,2024-02-17 00:00:00,Home & Kitchen,Cutlery Set,1,71.24,10.0,7.12,71.24,64.12,Social Media,UPI,Returned
ORD003568,CUST00444,USA,2024-10-26 06:00:00,Clothing,Jacket,3,15.77,0.0,0.0,47.31,47.31,Paid Ads,UPI,Returned
ORD003569,CUST00575,Canada,2024-10-10 20:00:00,Home & Kitchen,Cutlery Set,1,90.68,0.0,0.0,90.68,90.68,Social Media,Cash on Delivery,Completed
ORD003570,CUST01404,Germany,2024-08-10 21:00:00,Clothing,Sneakers,4,78.35,5.0,15.67,313.4,297.73,Social Media,UPI,Completed
ORD003571,CUST00572,Germany,2024-01-04 14:00:00,Books,Self-Help Book,2,23.28,5.0,2.33,46.56,44.23,Paid Ads,PayPal,Completed
ORD003572,CUST00003,Germany,2025-03-11 06:00:00,Sports,Dumbbells,1,46.44,0.0,0.0,46.44,46.44,Direct,Credit Card,Completed
ORD003573,CUST00789,USA,2024-08-16 02:00:00,Sports,Dumbbells,1,75.66,0.0,0.0,75.66,75.66,Organic Search,Debit Card,Completed
ORD003574,CUST00898,Canada,2024-11-14 03:00:00,Clothing,Jeans,3,72.11,15.0,32.45,216.33,183.88,Direct,Debit Card,Completed
ORD003575,CUST00047,India,2025-02-01 22:00:00,Books,Comic,2,29.85,0.0,0.0,59.7,59.7,Direct,UPI,Completed
ORD003576,CUST00974,India,2025-05-01 04:00:00,Books,Self-Help Book,2,23.69,10.0,4.74,47.38,42.64,Email,UPI,Completed
ORD003577,CUST01201,Germany,2024-12-21 02:00:00,Clothing,Jeans,1,12.71,0.0,0.0,12.71,12.71,Email,Cash on Delivery,Completed
ORD003578,CUST00724,Germany,2024-04-02 18:00:00,Clothing,T-Shirt,1,62.65,0.0,0.0,62.65,62.65,Direct,PayPal,Completed
ORD003579,CUST01070,India,2025-01-11 10:00:00,Electronics,Wireless Earbuds,1,46.09,0.0,0.0,46.09,46.09,Social Media,PayPal,Cancelled
ORD003580,CUST00501,UK,2025-03-25 01:00:00,Electronics,USB-C Cable,1,53.02,5.0,2.65,53.02,50.37,Organic Search,Cash on Delivery,Completed
ORD003581,CUST01255,UK,2025-04-29 15:00:00,Electronics,Bluetooth Speaker,2,43.03,5.0,4.3,86.06,81.76,Email,Credit Card,Completed
ORD003582,CUST00195,India,2024-12-08 03:00:00,Books,Cookbook,4,8.84,0.0,0.0,35.36,35.36,Organic Search,Cash on Delivery,Completed
ORD003583,CUST00988,USA,2025-02-02 15:00:00,Home & Kitchen,Bed Sheets,2,29.86,0.0,0.0,59.72,59.72,Social Media,Cash on Delivery,Completed
ORD003584,CUST00896,India,2024-08-25 06:00:00,Books,Biography,1,27.11,0.0,0.0,27.11,27.11,Social Media,Credit Card,Completed
ORD003585,CUST01439,India,2024-11-21 03:00:00,Electronics,Smartphone Case,1,25.45,15.0,3.82,25.45,21.63,Organic Search,Credit Card,Completed
ORD003586,CUST01103,Canada,2024-08-24 07:00:00,Sports,Yoga Mat,1,74.39,5.0,3.72,74.39,70.67,Social Media,Credit Card,Completed
ORD003587,CUST00866,USA,2025-05-05 10:00:00,Home & Kitchen,Blender,2,13.44,0.0,0.0,26.88,26.88,Organic Search,UPI,Completed
ORD003588,CUST00518,Germany,2024-02-22 05:00:00,Electronics,Power Bank,1,111.97,5.0,5.6,111.97,106.37,Social Media,UPI,Completed
ORD003589,CUST01347,India,2024-06-30 14:00:00,Clothing,Hoodie,1,73.52,0.0,0.0,73.52,73.52,Paid Ads,Credit Card,Completed
ORD003590,CUST00991,Germany,2024-04-27 14:00:00,Clothing,T-Shirt,2,24.51,20.0,9.8,49.02,39.22,Paid Ads,Credit Card,Completed
ORD003591,CUST01086,USA,2025-02-20 13:00:00,Electronics,Smartphone Case,1,41.89,10.0,4.19,41.89,37.7,Paid Ads,PayPal,Completed
ORD003592,CUST00711,Germany,2024-07-25 12:00:00,Electronics,Smartphone Case,1,64.26,5.0,3.21,64.26,61.05,Email,PayPal,Completed
ORD003593,CUST01295,Germany,2025-01-09 09:00:00,Electronics,Bluetooth Speaker,1,54.22,0.0,0.0,54.22,54.22,Email,Cash on Delivery,Completed
ORD003594,CUST00284,India,2024-10-04 13:00:00,Electronics,Power Bank,2,48.64,5.0,4.86,97.28,92.42,Email,Cash on Delivery,Completed
ORD003595,CUST01069,USA,2024-04-07 16:00:00,Sports,Resistance Bands,1,87.43,0.0,0.0,87.43,87.43,Paid Ads,UPI,Completed
ORD003596,CUST01143,UK,2024-08-17 13:00:00,Beauty,Perfume,1,5.16,0.0,0.0,5.16,5.16,Email,Cash on Delivery,Completed
ORD003597,CUST00353,UK,2024-05-05 02:00:00,Home & Kitchen,Bed Sheets,1,79.44,20.0,15.89,79.44,63.55,Organic Search,Cash on Delivery,Completed
ORD003598,CUST01092,UK,2024-04-16 21:00:00,Sports,Running Shoes,1,59.05,0.0,0.0,59.05,59.05,Organic Search,Cash on Delivery,Completed
ORD003599,CUST00290,USA,2024-02-16 06:00:00,Electronics,Bluetooth Speaker,1,81.35,0.0,0.0,81.35,81.35,Paid Ads,Credit Card,Cancelled
ORD003600,CUST00656,India,2025-03-29 07:00:00,Clothing,Jeans,1,77.05,0.0,0.0,77.05,77.05,Social Media,PayPal,Cancelled
ORD003601,CUST00770,Canada,2025-02-03 21:00:00,Home & Kitchen,Bed Sheets,4,48.14,0.0,0.0,192.56,192.56,Organic Search,Credit Card,Cancelled
ORD003602,CUST00781,UK,2024-04-29 06:00:00,Clothing,Jacket,2,32.43,20.0,12.97,64.86,51.89,Email,PayPal,Completed
ORD003603,CUST00853,India,2025-05-11 10:00:00,Clothing,Hoodie,2,74.92,5.0,7.49,149.84,142.35,Email,Cash on Delivery,Completed
ORD003604,CUST01109,UK,2024-09-13 14:00:00,Books,Comic,1,23.94,0.0,0.0,23.94,23.94,Social Media,Debit Card,Completed
ORD003605,CUST01100,USA,2025-02-16 07:00:00,Electronics,USB-C Cable,1,17.81,0.0,0.0,17.81,17.81,Direct,PayPal,Completed
ORD003606,CUST01357,Canada,2024-03-17 18:00:00,Beauty,Sunscreen,2,45.28,5.0,4.53,90.56,86.03,Organic Search,Cash on Delivery,Completed
ORD003607,CUST00501,UK,2025-05-05 22:00:00,Home & Kitchen,Bed Sheets,1,60.16,0.0,0.0,60.16,60.16,Direct,UPI,Cancelled
ORD003608,CUST00861,Germany,2024-12-10 08:00:00,Toys,Action Figure,2,15.8,0.0,0.0,31.6,31.6,Social Media,Credit Card,Completed
ORD003609,CUST00333,India,2024-04-01 14:00:00,Home & Kitchen,Storage Box,2,32.61,20.0,13.04,65.22,52.18,Email,Cash on Delivery,Completed
ORD003610,CUST00318,India,2024-02-14 03:00:00,Electronics,Wireless Earbuds,3,122.14,10.0,36.64,366.42,329.78,Paid Ads,UPI,Completed
ORD003611,CUST00614,India,2024-05-22 14:00:00,Electronics,USB-C Cable,2,117.14,0.0,0.0,234.28,234.28,Paid Ads,PayPal,Completed
ORD003612,CUST00726,Canada,2024-01-27 07:00:00,Beauty,Sunscreen,3,53.92,20.0,32.35,161.76,129.41,Paid Ads,Debit Card,Completed
ORD003613,CUST01034,India,2024-03-17 07:00:00,Electronics,Bluetooth Speaker,1,129.79,15.0,19.47,129.79,110.32,Direct,Credit Card,Completed
ORD003614,CUST00330,India,2024-05-03 05:00:00,Home & Kitchen,Storage Box,2,35.12,0.0,0.0,70.24,70.24,Paid Ads,Debit Card,Completed
ORD003615,CUST01290,India,2024-04-10 05:00:00,Electronics,Bluetooth Speaker,1,81.11,0.0,0.0,81.11,81.11,Direct,Debit Card,Completed
ORD003616,CUST00066,USA,2024-08-23 11:00:00,Sports,Yoga Mat,1,43.65,10.0,4.36,43.65,39.29,Social Media,Debit Card,Completed
ORD003617,CUST01191,India,2024-11-23 16:00:00,Home & Kitchen,Blender,1,55.31,0.0,0.0,55.31,55.31,Organic Search,Credit Card,Completed
ORD003618,CUST00824,USA,2024-10-26 17:00:00,Electronics,USB-C Cable,4,47.06,10.0,18.82,188.24,169.42,Email,Cash on Delivery,Completed
ORD003619,CUST00571,USA,2024-05-30 22:00:00,Books,Novel,1,27.27,0.0,0.0,27.27,27.27,Direct,Debit Card,Completed
ORD003620,CUST01490,USA,2024-04-07 05:00:00,Toys,Puzzle,1,47.44,5.0,2.37,47.44,45.07,Organic Search,PayPal,Completed
ORD003621,CUST00750,UK,2024-01-17 10:00:00,Electronics,Smartphone Case,2,19.28,0.0,0.0,38.56,38.56,Direct,UPI,Completed
ORD003622,CUST01318,Germany,2025-02-27 21:00:00,Toys,Action Figure,4,18.04,0.0,0.0,72.16,72.16,Organic Search,Debit Card,Completed
ORD003623,CUST01386,India,2024-08-24 21:00:00,Clothing,T-Shirt,1,43.47,0.0,0.0,43.47,43.47,Social Media,Credit Card,Cancelled
ORD003624,CUST01440,UK,2024-08-22 22:00:00,Sports,Yoga Mat,1,41.08,0.0,0.0,41.08,41.08,Direct,Cash on Delivery,Completed
ORD003625,CUST00100,India,2024-07-30 13:00:00,Toys,RC Car,1,35.73,0.0,0.0,35.73,35.73,Social Media,PayPal,Completed
ORD003626,CUST00308,India,2024-02-05 21:00:00,Toys,Board Game,1,46.41,0.0,0.0,46.41,46.41,Social Media,Debit Card,Completed
ORD003627,CUST00313,India,2024-11-12 12:00:00,Electronics,Smartphone Case,1,147.03,20.0,29.41,147.03,117.62,Email,PayPal,Completed
ORD003628,CUST00739,USA,2024-05-21 19:00:00,Clothing,Hoodie,1,22.99,10.0,2.3,22.99,20.69,Paid Ads,Credit Card,Completed
ORD003629,CUST00387,India,2024-12-31 07:00:00,Clothing,T-Shirt,1,37.13,0.0,0.0,37.13,37.13,Paid Ads,UPI,Completed
ORD003630,CUST00453,U.S.A,2024-07-11 12:00:00,Books,Cookbook,1,17.17,0.0,0.0,17.17,17.17,Organic Search,Cash on Delivery,Completed
ORD003631,CUST00791,India,2024-09-24 19:00:00,Toys,Building Blocks,1,14.32,0.0,0.0,14.32,14.32,Organic Search,Credit Card,Completed
ORD003632,CUST00928,USA,2024-11-04 09:00:00,Beauty,Sunscreen,1,41.06,0.0,0.0,41.06,41.06,Organic Search,Cash on Delivery,Returned
ORD003633,CUST00217,India,2024-06-07 06:00:00,Clothing,T-Shirt,1,20.27,0.0,0.0,20.27,20.27,Paid Ads,PayPal,Completed
ORD003634,CUST01377,USA,2024-03-13 14:00:00,Electronics,Wireless Earbuds,1,42.51,0.0,0.0,42.51,42.51,Paid Ads,Debit Card,Completed
ORD003635,CUST00781,UK,2024-09-24 14:00:00,Sports,Yoga Mat,1,84.21,0.0,0.0,84.21,84.21,Organic Search,Debit Card,Returned
ORD003636,CUST00025,USA,2024-01-07 20:00:00,Electronics,Bluetooth Speaker,3,103.89,0.0,0.0,311.67,311.67,Paid Ads,UPI,Completed
ORD003637,CUST01341,India,2024-11-12 20:00:00,Books,Self-Help Book,2,25.17,0.0,0.0,50.34,50.34,Email,UPI,Completed
ORD003638,CUST01448,Canada,2025-01-29 13:00:00,Electronics,Bluetooth Speaker,1,96.17,10.0,9.62,96.17,86.55,Social Media,Cash on Delivery,Completed
ORD003639,CUST01122,Australia,2024-05-30 14:00:00,Toys,Board Game,1,49.67,0.0,0.0,49.67,49.67,Paid Ads,Credit Card,Completed
ORD003640,CUST00391,Australia,2025-03-17 14:00:00,Electronics,Bluetooth Speaker,1,136.62,0.0,0.0,136.62,136.62,Organic Search,Debit Card,Completed
ORD003641,CUST00976,India,2025-02-16 01:00:00,Beauty,Shampoo,1,16.61,5.0,0.83,16.61,15.78,Paid Ads,PayPal,Completed
ORD003642,CUST01067,India,2024-07-21 09:00:00,Beauty,Lipstick,1,42.39,0.0,0.0,42.39,42.39,Organic Search,Credit Card,Completed
ORD003643,CUST00287,USA,2024-05-13 22:00:00,Books,Cookbook,2,25.34,5.0,2.53,50.68,48.15,Organic Search,UPI,Completed
ORD003644,CUST01220,India,2024-03-13 14:00:00,Books,Comic,2,20.27,0.0,0.0,40.54,40.54,Paid Ads,UPI,Completed
ORD003645,CUST01405,UK,2024-05-13 17:00:00,Electronics,Wireless Earbuds,1,81.83,0.0,0.0,81.83,81.83,Paid Ads,Debit Card,Returned
ORD003646,CUST00076,Germany,2024-07-03 02:00:00,Clothing,Jeans,4,33.32,0.0,0.0,133.28,133.28,Direct,Debit Card,Completed
ORD003647,CUST00517,USA,2025-01-17 13:00:00,Books,Biography,2,6.92,0.0,0.0,13.84,13.84,Organic Search,Debit Card,Completed
ORD003648,CUST00545,United Kingdom,2025-02-24 13:00:00,Toys,RC Car,2,27.6,10.0,5.52,55.2,49.68,Organic Search,Debit Card,Completed
ORD003649,CUST00639,India,2024-12-11 00:00:00,Beauty,Sunscreen,1,37.54,5.0,1.88,37.54,35.66,Email,Debit Card,Completed
ORD003650,CUST01399,UK,2024-12-29 21:00:00,Electronics,Power Bank,2,19.87,0.0,0.0,39.74,39.74,Email,UPI,Completed
ORD003651,CUST00594,India,2025-01-17 21:00:00,Beauty,Face Cream,3,35.4,10.0,10.62,106.2,95.58,Paid Ads,UPI,Completed
ORD003652,CUST01430,Canada,2024-11-20 02:00:00,Home & Kitchen,Blender,1,15.81,15.0,2.37,15.81,13.44,Email,Credit Card,Completed
ORD003653,CUST01254,India,2024-10-05 14:00:00,Books,Comic,1,9.76,0.0,0.0,9.76,9.76,Direct,PayPal,Completed
ORD003654,CUST00815,Canada,2024-03-27 18:00:00,Sports,Resistance Bands,2,19.24,20.0,7.7,38.48,30.78,Organic Search,Debit Card,Completed
ORD003655,CUST01008,Canada,2024-05-17 16:00:00,Electronics,Smartphone Case,1,108.02,0.0,0.0,108.02,108.02,Paid Ads,Debit Card,Completed
ORD003656,CUST01204,India,2024-01-13 06:00:00,Beauty,Sunscreen,2,32.3,5.0,3.23,64.6,61.37,Email,Credit Card,Completed
ORD003657,CUST00347,UK,2024-04-02 04:00:00,Sports,Yoga Mat,2,19.19,0.0,0.0,38.38,38.38,Paid Ads,Debit Card,Completed
ORD003658,CUST01472,Germany,2024-07-12 21:00:00,Toys,Puzzle,4,35.23,0.0,0.0,140.92,140.92,Email,PayPal,Completed
ORD003659,CUST01346,USA,2024-02-20 02:00:00,Sports,Water Bottle,1,26.18,0.0,0.0,26.18,26.18,Paid Ads,PayPal,Completed
ORD003660,CUST00467,India,2024-07-22 05:00:00,Clothing,Hoodie,4,46.94,5.0,9.39,187.76,178.37,Direct,Cash on Delivery,Completed
ORD003661,CUST01339,India,2025-05-01 19:00:00,Toys,RC Car,1,29.92,5.0,1.5,29.92,28.42,Paid Ads,Credit Card,Completed
ORD003662,CUST00578,Australia,2024-02-04 19:00:00,Toys,Board Game,1,42.56,0.0,0.0,42.56,42.56,Organic Search,Credit Card,Completed
ORD003663,CUST00709,India,2024-07-04 09:00:00,Electronics,Wireless Earbuds,2,23.08,0.0,0.0,46.16,46.16,Organic Search,Debit Card,Completed
ORD003664,CUST00609,USA,2024-12-29 16:00:00,Home & Kitchen,Blender,4,67.95,5.0,13.59,271.8,258.21,Organic Search,Credit Card,Completed
ORD003665,CUST01128,USA,2025-04-24 18:00:00,Home & Kitchen,Blender,1,25.02,0.0,0.0,25.02,25.02,Organic Search,Debit Card,Completed
ORD003666,CUST00872,India,2025-01-17 18:00:00,Clothing,Jacket,1,60.94,15.0,9.14,60.94,51.8,Email,Credit Card,Completed
ORD003667,CUST00701,USA,2025-03-22 00:00:00,Home & Kitchen,Blender,1,66.93,20.0,13.39,66.93,53.54,Email,UPI,Completed
ORD003668,CUST00156,India,2025-01-31 09:00:00,Toys,Action Figure,1,17.46,0.0,0.0,17.46,17.46,Social Media,Cash on Delivery,Completed
ORD003669,CUST00033,India,2024-02-21 08:00:00,Toys,RC Car,2,41.52,5.0,4.15,83.04,78.89,Organic Search,PayPal,Completed
ORD003670,CUST00584,India,2024-03-06 11:00:00,Beauty,Sunscreen,1,26.46,0.0,0.0,26.46,26.46,Paid Ads,Debit Card,Completed
ORD003671,CUST00164,USA,2024-11-24 20:00:00,Clothing,T-Shirt,4,61.72,0.0,0.0,246.88,246.88,Paid Ads,PayPal,Completed
ORD003672,CUST01017,India,2024-11-15 17:00:00,Beauty,Shampoo,2,15.79,0.0,0.0,31.58,31.58,Paid Ads,Cash on Delivery,Completed
ORD003673,CUST00218,Germany,2024-10-04 07:00:00,Clothing,Hoodie,1,61.27,20.0,12.25,61.27,49.02,Email,Debit Card,Cancelled
ORD003674,CUST00570,India,2024-06-16 21:00:00,Beauty,Shampoo,1,31.76,0.0,0.0,31.76,31.76,Social Media,Debit Card,Completed
ORD003675,CUST00864,USA,2024-05-16 22:00:00,Electronics,Wireless Earbuds,1,26.59,0.0,0.0,26.59,26.59,Email,UPI,Completed
ORD003676,CUST00297,Germany,2024-04-06 11:00:00,Electronics,USB-C Cable,2,19.01,0.0,0.0,38.02,38.02,Social Media,Debit Card,Completed
ORD003677,CUST00523,Australia,2024-09-20 01:00:00,Electronics,Power Bank,1,67.56,0.0,0.0,67.56,67.56,Organic Search,UPI,Completed
ORD003678,CUST00896,India,2024-12-06 10:00:00,Clothing,Jeans,1,27.01,0.0,0.0,27.01,27.01,Organic Search,Cash on Delivery,Completed
ORD003679,CUST00490,Canada,2025-02-11 06:00:00,Clothing,Hoodie,1,61.78,0.0,0.0,61.78,61.78,Social Media,PayPal,Completed
ORD003680,CUST00930,India,2024-01-21 17:00:00,Clothing,Jacket,1,47.81,0.0,0.0,47.81,47.81,Organic Search,UPI,Completed
ORD003681,CUST00377,Canada,2024-04-28 09:00:00,Toys,Action Figure,2,38.74,0.0,0.0,77.48,77.48,Organic Search,Credit Card,Completed
ORD003682,CUST01289,India,2024-06-04 04:00:00,Toys,Building Blocks,3,48.51,20.0,29.11,145.53,116.42,Organic Search,PayPal,Completed
ORD003683,CUST00058,India,2024-06-08 10:00:00,Clothing,Jeans,1,12.58,0.0,0.0,12.58,12.58,Organic Search,Credit Card,Completed
ORD003684,CUST01043,India,2024-06-24 22:00:00,Clothing,Jeans,1,38.89,15.0,5.83,38.89,33.06,Social Media,UPI,Completed
ORD003685,CUST01435,India,2025-02-24 11:00:00,Toys,Puzzle,1,39.23,0.0,0.0,39.23,39.23,Organic Search,Debit Card,Completed
ORD003686,CUST00900,India,2024-02-02 05:00:00,Clothing,T-Shirt,1,33.45,15.0,5.02,33.45,28.43,Organic Search,Cash on Delivery,Completed
ORD003687,CUST00981,India,2024-05-02 12:00:00,Beauty,Sunscreen,3,7.01,0.0,0.0,21.03,21.03,Paid Ads,UPI,Completed
ORD003688,CUST01429,UK,2024-07-17 22:00:00,Clothing,Sneakers,1,54.87,0.0,0.0,54.87,54.87,Email,Cash on Delivery,Completed
ORD003689,CUST01050,India,2025-02-07 06:00:00,Beauty,Sunscreen,1,17.47,0.0,0.0,17.47,17.47,Paid Ads,Cash on Delivery,Completed
ORD003690,CUST00086,India,2024-04-05 12:00:00,Books,Comic,1,11.78,15.0,1.77,11.78,10.01,Paid Ads,Debit Card,Completed
ORD003691,CUST00164,USA,2025-02-19 02:00:00,Beauty,Lipstick,1,47.6,0.0,0.0,47.6,47.6,Social Media,PayPal,Completed
ORD003692,CUST01243,Germany,2024-11-27 20:00:00,Sports,Running Shoes,1,35.67,10.0,3.57,35.67,32.1,Paid Ads,Debit Card,Completed
ORD003693,CUST00525,Canada,2024-06-18 09:00:00,Home & Kitchen,Coffee Maker,1,34.49,0.0,0.0,34.49,34.49,Social Media,Debit Card,Completed
ORD003694,CUST00786,Canada,2025-02-11 19:00:00,Beauty,Perfume,1,57.16,0.0,0.0,57.16,57.16,Organic Search,Debit Card,Completed
ORD003695,CUST00347,UK,2024-12-20 21:00:00,Toys,RC Car,1,34.23,15.0,5.13,34.23,29.1,Social Media,Credit Card,Completed
ORD003696,CUST00644,India,2024-06-13 15:00:00,Home & Kitchen,Storage Box,1,35.9,0.0,0.0,35.9,35.9,Paid Ads,Debit Card,Completed
ORD003697,CUST01077,USA,2025-04-22 07:00:00,Beauty,Perfume,2,32.8,0.0,0.0,65.6,65.6,Social Media,Credit Card,Cancelled
ORD003698,CUST00470,Australia,2024-02-03 01:00:00,Toys,Puzzle,1,26.79,0.0,0.0,26.79,26.79,Direct,PayPal,Completed
ORD003699,CUST00136,India,2024-11-18 00:00:00,Toys,Puzzle,1,40.84,5.0,2.04,40.84,38.8,Social Media,Debit Card,Completed
ORD003700,CUST00349,USA,2024-09-21 04:00:00,Home & Kitchen,Blender,2,64.58,0.0,0.0,129.16,129.16,Organic Search,PayPal,Completed
ORD003701,CUST00071,Germany,2025-01-27 16:00:00,Beauty,Face Cream,1,12.53,0.0,0.0,12.53,12.53,Email,Cash on Delivery,Completed
ORD003702,CUST00496,USA,2025-03-29 20:00:00,Sports,Water Bottle,4,16.12,0.0,0.0,64.48,64.48,Organic Search,Credit Card,Completed
ORD003703,CUST00967,UK,2024-03-26 09:00:00,Beauty,Sunscreen,1,55.36,10.0,5.54,55.36,49.82,Direct,PayPal,Completed
ORD003704,CUST00844,Australia,2024-07-08 10:00:00,Sports,Water Bottle,1,43.88,15.0,6.58,43.88,37.3,Email,PayPal,Completed
ORD003705,CUST00033,India,2024-02-11 05:00:00,Clothing,Hoodie,1,33.43,0.0,0.0,33.43,33.43,Paid Ads,Debit Card,Completed
ORD003706,CUST00167,India,2024-09-18 09:00:00,Electronics,Power Bank,2,63.93,20.0,25.57,127.86,102.29,Paid Ads,Debit Card,Completed
ORD003707,CUST01436,India,2025-02-22 05:00:00,Books,Cookbook,1,23.98,0.0,0.0,23.98,23.98,Email,Credit Card,Completed
ORD003708,CUST00761,India,2024-12-13 08:00:00,Electronics,Bluetooth Speaker,2,88.39,0.0,0.0,176.78,176.78,Email,Debit Card,Returned
ORD003709,CUST00756,Germany,2024-03-11 06:00:00,Electronics,Bluetooth Speaker,1,149.39,0.0,0.0,149.39,149.39,Direct,UPI,Completed
ORD003710,CUST01030,Canada,2024-07-09 09:00:00,Electronics,Wireless Earbuds,1,118.18,0.0,0.0,118.18,118.18,Paid Ads,UPI,Completed
ORD003711,CUST00026,Germany,2024-11-12 18:00:00,Electronics,Power Bank,1,48.64,20.0,9.73,48.64,38.91,Paid Ads,Credit Card,Completed
ORD003712,CUST00504,Germany,2024-05-21 16:00:00,Electronics,USB-C Cable,1,41.33,0.0,0.0,41.33,41.33,Paid Ads,Cash on Delivery,Completed
ORD003713,CUST01434,UK,2025-04-19 20:00:00,Electronics,Power Bank,1,94.09,0.0,0.0,94.09,94.09,Email,Credit Card,Completed
ORD003714,CUST00231,Germany,2025-04-05 16:00:00,Electronics,USB-C Cable,1,39.23,0.0,0.0,39.23,39.23,Paid Ads,Cash on Delivery,Completed
ORD003715,CUST00838,USA,2024-06-16 21:00:00,Electronics,Power Bank,2,24.68,0.0,0.0,49.36,49.36,Organic Search,UPI,Completed
ORD003716,CUST00010,UK,2025-05-01 22:00:00,Books,Comic,4,19.56,10.0,7.82,78.24,70.42,Direct,Credit Card,Completed
ORD003717,CUST00325,Australia,2025-03-13 01:00:00,Sports,Yoga Mat,1,86.95,0.0,0.0,86.95,86.95,Direct,PayPal,Completed
ORD003718,CUST01369,India,2024-06-07 14:00:00,Beauty,Lipstick,1,9.54,0.0,0.0,9.54,9.54,Paid Ads,Credit Card,Completed
ORD003719,CUST00748,USA,2025-03-09 18:00:00,Beauty,Lipstick,1,11.79,0.0,0.0,11.79,11.79,Organic Search,Debit Card,Completed
ORD003720,CUST01074,India,2025-01-27 15:00:00,Sports,Running Shoes,2,81.96,0.0,0.0,163.92,163.92,Social Media,PayPal,Completed
ORD003721,CUST00879,India,2024-04-26 12:00:00,Clothing,Jeans,3,30.15,0.0,0.0,90.45,90.45,Email,UPI,Completed
ORD003722,CUST00869,Canada,2024-03-17 15:00:00,Electronics,Wireless Earbuds,1,123.93,0.0,0.0,123.93,123.93,Organic Search,Credit Card,Completed
ORD003723,CUST00108,Germany,2025-03-02 01:00:00,Electronics,Bluetooth Speaker,1,69.06,0.0,0.0,69.06,69.06,Organic Search,PayPal,Completed
ORD003724,CUST00714,USA,2024-03-16 04:00:00,Electronics,Power Bank,1,120.36,10.0,12.04,120.36,108.32,Paid Ads,Credit Card,Completed
ORD003725,CUST00004,USA,2025-01-21 00:00:00,Clothing,T-Shirt,1,42.62,5.0,2.13,42.62,40.49,Direct,UPI,Completed
ORD003726,CUST00254,India,2024-05-16 06:00:00,Clothing,Sneakers,1,74.93,0.0,0.0,74.93,74.93,Direct,UPI,Completed
ORD003727,CUST00538,India,2024-10-04 06:00:00,Beauty,Shampoo,1,23.93,5.0,1.2,23.93,22.73,Direct,PayPal,Returned
ORD003728,CUST01155,UK,2024-07-06 00:00:00,Beauty,Sunscreen,3,33.35,0.0,0.0,100.05,100.05,Organic Search,Cash on Delivery,Completed
ORD003729,CUST00139,USA,2024-05-13 16:00:00,Sports,Running Shoes,3,17.34,0.0,0.0,52.02,52.02,Social Media,UPI,Completed
ORD003730,CUST00337,Canada,2025-04-13 13:00:00,Sports,Water Bottle,1,67.07,10.0,6.71,67.07,60.36,Social Media,Credit Card,Completed
ORD003731,CUST01146,Canada,2024-09-12 08:00:00,Clothing,T-Shirt,1,36.68,0.0,0.0,36.68,36.68,Social Media,PayPal,Completed
ORD003732,CUST01289,India,2024-08-05 11:00:00,Sports,Yoga Mat,1,42.31,0.0,0.0,42.31,42.31,Paid Ads,Debit Card,Completed
ORD003733,CUST01201,Germany,2024-04-28 04:00:00,Beauty,Perfume,1,9.21,0.0,0.0,9.21,9.21,Social Media,Cash on Delivery,Completed
ORD003734,CUST01084,Canada,2024-12-28 02:00:00,Sports,Water Bottle,3,8.78,0.0,0.0,26.34,26.34,Organic Search,PayPal,Completed
ORD003735,CUST00205,UK,2024-04-12 19:00:00,Sports,Yoga Mat,1,60.88,0.0,0.0,60.88,60.88,Social Media,Cash on Delivery,Completed
ORD003736,CUST00333,India,2025-03-28 18:00:00,Books,Novel,1,19.72,5.0,0.99,19.72,18.73,Paid Ads,UPI,Completed
ORD003737,CUST01187,UK,2024-09-14 08:00:00,Toys,Board Game,1,41.79,0.0,0.0,41.79,41.79,Paid Ads,UPI,Returned
ORD003738,CUST01073,India,2025-05-02 13:00:00,Sports,Running Shoes,1,70.45,0.0,0.0,70.45,70.45,Social Media,UPI,Completed
ORD003739,CUST01203,India,2024-03-27 07:00:00,Beauty,Perfume,2,52.67,0.0,0.0,105.34,105.34,Paid Ads,Debit Card,Completed
ORD003740,CUST00661,USA,2024-05-31 21:00:00,Books,Comic,1,23.75,10.0,2.38,23.75,21.37,Social Media,Debit Card,Completed
ORD003741,CUST00637,USA,2024-09-07 20:00:00,Clothing,Jacket,1,70.78,0.0,0.0,70.78,70.78,Direct,Credit Card,Returned
ORD003742,CUST01289,India,2024-07-28 04:00:00,Electronics,Wireless Earbuds,1,139.12,0.0,0.0,139.12,139.12,Social Media,Credit Card,Completed
ORD003743,CUST01005,Germany,2024-11-19 00:00:00,Electronics,Power Bank,1,25.09,0.0,0.0,25.09,25.09,Paid Ads,Cash on Delivery,Completed
ORD003744,CUST00305,Germany,2024-12-30 06:00:00,Clothing,Hoodie,2,51.83,0.0,0.0,103.66,103.66,Organic Search,UPI,Completed
ORD003745,CUST01085,Australia,2024-01-08 02:00:00,Books,Comic,1,9.52,0.0,0.0,9.52,9.52,Social Media,PayPal,Completed
ORD003746,CUST01225,USA,2024-04-19 01:00:00,Beauty,Perfume,1,42.13,0.0,0.0,42.13,42.13,Organic Search,Debit Card,Completed
ORD003747,CUST00003,Germany,2024-01-28 21:00:00,Electronics,Bluetooth Speaker,4,38.08,15.0,22.85,152.32,129.47,Social Media,Cash on Delivery,Completed
ORD003748,CUST00406,Canada,2025-02-10 11:00:00,Beauty,Sunscreen,1,48.4,0.0,0.0,48.4,48.4,Social Media,PayPal,Returned
ORD003749,CUST00657,India,2025-04-22 08:00:00,Home & Kitchen,Coffee Maker,1,83.67,,8.37,83.67,75.3,Email,UPI,Completed
ORD003750,CUST00898,Canada,2025-03-16 21:00:00,Toys,RC Car,1,40.96,10.0,4.1,40.96,36.86,Organic Search,PayPal,Completed
ORD003751,CUST00860,India,2024-09-23 11:00:00,Books,Novel,1,6.13,0.0,0.0,6.13,6.13,Direct,UPI,Completed
ORD003752,CUST00135,Australia,2024-10-25 01:00:00,Sports,Water Bottle,1,10.94,0.0,0.0,10.94,10.94,Organic Search,PayPal,Completed
ORD003753,CUST01196,Canada,2024-02-04 12:00:00,Home & Kitchen,Blender,1,88.57,0.0,0.0,88.57,88.57,Organic Search,Debit Card,Completed
ORD003754,CUST00124,India,2025-01-20 04:00:00,Toys,Building Blocks,2,10.86,20.0,4.34,21.72,17.38,Social Media,UPI,Completed
ORD003755,CUST01006,UK,2024-05-16 07:00:00,Electronics,Power Bank,1,36.35,0.0,0.0,36.35,36.35,Direct,Credit Card,Completed
ORD003756,CUST01334,Australia,2024-07-14 13:00:00,Clothing,T-Shirt,1,15.22,10.0,1.52,15.22,13.7,Direct,Debit Card,Completed
ORD003757,CUST00184,Canada,2025-02-08 21:00:00,Clothing,Jacket,2,66.08,5.0,6.61,132.16,125.55,Organic Search,UPI,Completed
ORD003758,CUST01105,Australia,2024-01-26 01:00:00,Home & Kitchen,Coffee Maker,1,64.52,0.0,0.0,64.52,64.52,Direct,Debit Card,Completed
ORD003759,CUST00994,USA,2025-01-14 07:00:00,Clothing,Hoodie,1,78.1,5.0,3.9,78.1,74.2,Organic Search,Cash on Delivery,Completed
ORD003760,CUST00195,India,2024-07-01 08:00:00,Books,Biography,1,22.08,5.0,1.1,22.08,20.98,Organic Search,Credit Card,Completed
ORD003761,CUST00749,Canada,2024-10-10 13:00:00,Clothing,T-Shirt,1,79.89,0.0,0.0,79.89,79.89,Direct,UPI,Completed
ORD003762,CUST00719,India,2024-02-03 16:00:00,Clothing,Jeans,1,63.14,10.0,6.31,63.14,56.83,Social Media,UPI,Completed
ORD003763,CUST00551,USA,2024-04-02 05:00:00,Books,Comic,1,19.17,5.0,0.96,19.17,18.21,Paid Ads,Credit Card,Completed
ORD003764,CUST00880,India,2025-01-22 11:00:00,Home & Kitchen,Coffee Maker,1,87.16,0.0,0.0,87.16,87.16,Direct,PayPal,Returned
ORD003765,CUST01085,Australia,2025-02-08 20:00:00,Books,Comic,1,16.09,10.0,1.61,16.09,14.48,Social Media,Credit Card,Completed
ORD003766,CUST01073,India,2024-05-20 07:00:00,Clothing,Sneakers,1,49.27,0.0,0.0,49.27,49.27,Email,Cash on Delivery,Completed
ORD003767,CUST00648,UK,2024-12-16 20:00:00,Electronics,Bluetooth Speaker,1,120.85,0.0,0.0,120.85,120.85,Direct,Debit Card,Completed
ORD003768,CUST00341,USA,2025-04-27 07:00:00,Toys,Board Game,3,16.06,15.0,7.23,48.18,40.95,Social Media,Credit Card,Returned
ORD003769,CUST00668,India,2024-09-06 18:00:00,Electronics,Wireless Earbuds,1,98.15,0.0,0.0,98.15,98.15,Organic Search,Credit Card,Completed
ORD003770,CUST00320,India,2024-02-05 09:00:00,Electronics,USB-C Cable,4,121.93,0.0,0.0,487.72,487.72,Paid Ads,Debit Card,Completed
ORD003771,CUST00332,Germany,2024-09-22 02:00:00,Home & Kitchen,Coffee Maker,1,24.24,0.0,0.0,24.24,24.24,Direct,PayPal,Completed
ORD003772,CUST00788,USA,2024-06-10 20:00:00,Beauty,Lipstick,1,56.78,5.0,2.84,56.78,53.94,Paid Ads,Credit Card,Completed
ORD003773,CUST00984,India,2025-04-03 22:00:00,Toys,Building Blocks,1,13.53,0.0,0.0,13.53,13.53,Direct,Debit Card,Completed
ORD003774,CUST00261,UK,2024-09-27 04:00:00,Beauty,Lipstick,1,13.34,5.0,0.67,13.34,12.67,Organic Search,UPI,Completed
ORD003775,CUST01341,India,2024-05-11 18:00:00,Clothing,Jeans,1,13.26,0.0,0.0,13.26,13.26,Organic Search,PayPal,Completed
ORD003776,CUST01269,UK,2025-04-09 02:00:00,Toys,Building Blocks,1,47.28,10.0,4.73,47.28,42.55,Paid Ads,Credit Card,Completed
ORD003777,CUST00872,India,2024-01-23 16:00:00,Home & Kitchen,Cutlery Set,1,36.75,5.0,1.84,36.75,34.91,Paid Ads,Cash on Delivery,Completed
ORD003778,CUST01401,India,2024-11-12 14:00:00,Clothing,Hoodie,2,23.0,10.0,4.6,46.0,41.4,Social Media,UPI,Completed
ORD003779,CUST01022,India,2024-12-28 14:00:00,Sports,Resistance Bands,4,11.31,0.0,0.0,45.24,45.24,Social Media,Cash on Delivery,Completed
ORD003780,CUST00163,UK,2024-01-08 04:00:00,Clothing,Sneakers,1,61.53,0.0,0.0,61.53,61.53,Direct,UPI,Completed
ORD003781,CUST01221,Australia,2024-03-08 21:00:00,Electronics,USB-C Cable,2,128.12,20.0,51.25,256.24,204.99,Organic Search,Cash on Delivery,Completed
ORD003782,CUST01103,Canada,2025-05-09 21:00:00,Electronics,Wireless Earbuds,1,41.69,10.0,4.17,41.69,37.52,Paid Ads,Credit Card,Completed
ORD003783,CUST00882,UK,2024-06-08 19:00:00,Toys,RC Car,2,35.23,20.0,14.09,70.46,56.37,Paid Ads,UPI,Completed
ORD003784,CUST01008,Canada,2024-05-18 12:00:00,Clothing,T-Shirt,1,63.45,0.0,0.0,63.45,63.45,Social Media,PayPal,Cancelled
ORD003785,CUST00616,Australia,2025-03-25 15:00:00,Toys,RC Car,2,11.56,0.0,0.0,23.12,23.12,Direct,PayPal,Completed
ORD003786,CUST00161,USA,2024-02-07 19:00:00,Electronics,USB-C Cable,2,128.52,0.0,0.0,257.04,257.04,Email,UPI,Completed
ORD003787,CUST00659,UK,2024-12-13 00:00:00,Home & Kitchen,Storage Box,2,56.31,0.0,0.0,112.62,112.62,Paid Ads,PayPal,Completed
ORD003788,CUST00253,Canada,2025-03-18 13:00:00,Clothing,T-Shirt,4,14.29,20.0,11.43,57.16,45.73,Email,UPI,Completed
ORD003789,CUST00774,USA,2024-09-19 03:00:00,Beauty,Sunscreen,1,48.92,0.0,0.0,48.92,48.92,Paid Ads,Debit Card,Completed
ORD003790,CUST01499,USA,2024-09-09 02:00:00,Electronics,Bluetooth Speaker,1,16.96,5.0,0.85,16.96,16.11,Social Media,Credit Card,Completed
ORD003791,CUST01495,UK,2024-11-12 20:00:00,Beauty,Lipstick,1,7.05,0.0,0.0,7.05,7.05,Email,Cash on Delivery,Returned
ORD003792,CUST00383,UK,2024-09-24 13:00:00,Sports,Dumbbells,1,57.9,0.0,0.0,57.9,57.9,Organic Search,Debit Card,Completed
ORD003793,CUST01131,Germany,2024-02-12 15:00:00,Sports,Yoga Mat,4,50.44,0.0,0.0,201.76,201.76,Email,UPI,Completed
ORD003794,CUST01156,Germany,2024-02-25 13:00:00,Sports,Resistance Bands,1,8.08,0.0,0.0,8.08,8.08,Direct,Credit Card,Completed
ORD003795,CUST00537,Canada,2025-02-15 00:00:00,Books,Cookbook,1,19.17,0.0,0.0,19.17,19.17,Organic Search,PayPal,Completed
ORD003796,CUST00324,India,2024-05-11 01:00:00,Home & Kitchen,Coffee Maker,1,87.52,20.0,17.5,87.52,70.02,Email,Credit Card,Completed
ORD003797,CUST01344,Germany,2024-07-19 11:00:00,Beauty,Sunscreen,1,5.21,0.0,0.0,5.21,5.21,Social Media,PayPal,Completed
ORD003798,CUST00831,India,2024-02-01 00:00:00,Toys,RC Car,1,22.51,20.0,4.5,22.51,18.01,Paid Ads,UPI,Completed
ORD003799,CUST00527,USA,2024-04-29 00:00:00,Books,Biography,1,24.3,0.0,0.0,24.3,24.3,Email,Debit Card,Completed
ORD003800,CUST00917,India,2024-06-07 15:00:00,Electronics,Smartphone Case,1,132.55,15.0,19.88,132.55,112.67,Paid Ads,Credit Card,Completed
ORD003801,CUST01367,UK,2024-04-10 07:00:00,Sports,Running Shoes,2,14.03,10.0,2.81,28.06,25.25,Email,Credit Card,Completed
ORD003802,CUST00801,UK,2024-08-29 20:00:00,Electronics,Smartphone Case,2,38.87,0.0,0.0,77.74,77.74,Organic Search,Credit Card,Completed
ORD003803,CUST00468,Canada,2024-09-27 09:00:00,Home & Kitchen,Bed Sheets,1,25.48,15.0,3.82,25.48,21.66,Social Media,Debit Card,Completed
ORD003804,CUST00352,Canada,2024-04-16 13:00:00,Sports,Resistance Bands,3,85.64,0.0,0.0,256.92,256.92,Paid Ads,Cash on Delivery,Completed
ORD003805,CUST00202,India,2024-04-05 01:00:00,Clothing,T-Shirt,2,77.4,0.0,0.0,154.8,154.8,Email,Debit Card,Completed
ORD003806,CUST01126,USA,2025-05-08 12:00:00,Home & Kitchen,Bed Sheets,2,92.43,0.0,0.0,184.86,184.86,Email,Debit Card,Completed
ORD003807,CUST01306,Canada,2025-01-10 22:00:00,Books,Cookbook,1,22.89,0.0,0.0,22.89,22.89,Email,UPI,Completed
ORD003808,CUST00804,UK,2024-07-25 09:00:00,Books,Comic,2,20.69,10.0,4.14,41.38,37.24,Organic Search,UPI,Completed
ORD003809,CUST00831,India,2024-10-31 16:00:00,Beauty,Face Cream,1,13.66,0.0,0.0,13.66,13.66,Direct,Debit Card,Completed
ORD003810,CUST01176,USA,2024-07-20 21:00:00,Electronics,Bluetooth Speaker,1,37.45,5.0,1.87,37.45,35.58,Paid Ads,UPI,Completed
ORD003811,CUST00695,India,2024-09-13 19:00:00,Electronics,Wireless Earbuds,1,45.44,,0.0,45.44,45.44,Organic Search,PayPal,Completed
ORD003812,CUST00734,USA,2024-10-16 11:00:00,Electronics,Bluetooth Speaker,1,132.25,0.0,0.0,132.25,132.25,Organic Search,Cash on Delivery,Completed
ORD003813,CUST00541,Australia,2024-01-25 10:00:00,Electronics,Bluetooth Speaker,1,20.95,10.0,2.1,20.95,18.85,Email,Credit Card,Completed
ORD003814,CUST01293,USA,2024-03-10 14:00:00,Toys,Action Figure,2,24.95,0.0,0.0,49.9,49.9,Direct,PayPal,Completed
ORD003815,CUST01030,Canada,2024-01-15 12:00:00,Books,Self-Help Book,1,19.24,0.0,0.0,19.24,19.24,Organic Search,Credit Card,Completed
ORD003816,CUST00095,Germany,2025-03-19 19:00:00,Clothing,Hoodie,1,50.43,0.0,0.0,50.43,50.43,Organic Search,PayPal,Cancelled
ORD003817,CUST01365,Germany,2024-08-31 06:00:00,Home & Kitchen,Coffee Maker,2,99.52,10.0,19.9,199.04,179.14,Direct,PayPal,Completed
ORD003818,CUST00460,India,2024-09-06 19:00:00,Clothing,Sneakers,1,43.85,5.0,2.19,43.85,41.66,Email,Cash on Delivery,Completed
ORD003819,CUST00809,USA,2025-04-15 04:00:00,Toys,Building Blocks,4,16.84,20.0,13.47,67.36,53.89,Paid Ads,Credit Card,Completed
ORD003820,CUST00236,Germany,2024-04-13 09:00:00,Electronics,Power Bank,1,20.75,0.0,0.0,20.75,20.75,Paid Ads,Debit Card,Completed
ORD003821,CUST00308,India,2024-11-05 05:00:00,Home & Kitchen,Coffee Maker,1,41.29,5.0,2.06,41.29,39.23,Organic Search,Cash on Delivery,Completed
ORD003822,CUST00772,Canada,2024-06-20 17:00:00,Home & Kitchen,Cutlery Set,1,83.98,20.0,16.8,83.98,67.18,Email,Cash on Delivery,Completed
ORD003823,CUST01484,India,2024-03-07 16:00:00,Sports,Running Shoes,4,56.53,,0.0,226.12,226.12,Email,Debit Card,Completed
ORD003824,CUST00241,Australia,2025-04-09 06:00:00,Books,Self-Help Book,1,22.53,0.0,0.0,22.53,22.53,Paid Ads,Cash on Delivery,Completed
ORD003825,CUST00315,Canada,2024-02-09 20:00:00,Beauty,Shampoo,2,10.63,5.0,1.06,21.26,20.2,Organic Search,UPI,Completed
ORD003826,CUST01491,India,2024-10-19 12:00:00,Books,Self-Help Book,1,24.4,0.0,0.0,24.4,24.4,Direct,PayPal,Completed
ORD003827,CUST01285,India,2024-12-06 18:00:00,Home & Kitchen,Bed Sheets,1,18.28,5.0,0.91,18.28,17.37,Email,Cash on Delivery,Completed
ORD003828,CUST00485,USA,2024-09-21 00:00:00,Sports,Water Bottle,2,51.15,0.0,0.0,102.3,102.3,Paid Ads,Debit Card,Completed
ORD003829,CUST00314,Australia,2025-01-19 05:00:00,Electronics,Power Bank,2,35.98,0.0,0.0,71.96,71.96,Paid Ads,Credit Card,Completed
ORD003830,CUST01344,Germany,2025-05-13 16:00:00,Toys,Building Blocks,1,34.68,0.0,0.0,34.68,34.68,Organic Search,Debit Card,Completed
ORD003831,CUST00145,India,2024-05-20 02:00:00,Toys,Board Game,1,31.24,5.0,1.56,31.24,29.68,Social Media,UPI,Completed
ORD003832,CUST01323,Canada,2024-06-20 13:00:00,Sports,Yoga Mat,4,12.56,0.0,0.0,50.24,50.24,Email,Cash on Delivery,Returned
ORD003833,CUST01172,Australia,2025-02-03 10:00:00,Electronics,Power Bank,1,136.67,0.0,0.0,136.67,136.67,Organic Search,Credit Card,Returned
ORD003834,CUST00906,Canada,2024-07-03 09:00:00,Electronics,Power Bank,2,34.49,0.0,0.0,68.98,68.98,Paid Ads,Credit Card,Completed
ORD003835,CUST00402,Canada,2024-08-15 12:00:00,Clothing,Hoodie,1,39.29,0.0,0.0,39.29,39.29,Email,UPI,Completed
ORD003836,CUST00077,Germany,2025-01-28 06:00:00,Electronics,Bluetooth Speaker,4,91.65,0.0,0.0,366.6,366.6,Email,Cash on Delivery,Completed
ORD003837,CUST01146,Canada,2024-08-16 00:00:00,Toys,Puzzle,4,46.3,0.0,0.0,185.2,185.2,Email,Cash on Delivery,Completed
ORD003838,CUST01397,USA,2024-03-01 22:00:00,Electronics,Wireless Earbuds,2,107.23,0.0,0.0,214.46,214.46,Email,Debit Card,Completed
ORD003839,CUST00069,India,2025-01-29 19:00:00,Electronics,Smartphone Case,1,76.34,0.0,0.0,76.34,76.34,Direct,UPI,Completed
ORD003840,CUST00333,India,2024-08-04 20:00:00,Home & Kitchen,Storage Box,1,55.61,0.0,0.0,55.61,55.61,Email,Debit Card,Completed
ORD003841,CUST01331,USA,2025-03-12 21:00:00,Toys,Puzzle,1,16.53,5.0,0.83,16.53,15.7,Organic Search,UPI,Completed
ORD003842,CUST00506,India,2024-09-22 14:00:00,Books,Self-Help Book,1,17.57,0.0,0.0,17.57,17.57,Email,Credit Card,Completed
ORD003843,CUST00687,USA,2025-04-23 11:00:00,Electronics,Power Bank,1,16.03,10.0,1.6,16.03,14.43,Email,Debit Card,Cancelled
ORD003844,CUST01466,India,2024-07-13 11:00:00,Beauty,Face Cream,1,32.94,15.0,4.94,32.94,28.0,Paid Ads,UPI,Completed
ORD003845,CUST01069,USA,2024-01-23 12:00:00,Home & Kitchen,Blender,1,92.93,5.0,4.65,92.93,88.28,Paid Ads,UPI,Returned
ORD003846,CUST00490,Canada,2024-01-30 08:00:00,Beauty,Perfume,1,38.88,0.0,0.0,38.88,38.88,Organic Search,Debit Card,Completed
ORD003847,CUST01427,India,2025-02-19 12:00:00,Sports,Dumbbells,2,12.1,5.0,1.21,24.2,22.99,Paid Ads,Credit Card,Completed
ORD003848,CUST00515,India,2025-02-01 14:00:00,Books,Cookbook,1,17.59,0.0,0.0,17.59,17.59,Paid Ads,Cash on Delivery,Completed
ORD003849,CUST01036,UK,2024-09-11 04:00:00,Electronics,Power Bank,3,132.32,5.0,19.85,396.96,377.11,Organic Search,PayPal,Completed
ORD003850,CUST00643,India,2024-08-05 06:00:00,Toys,Puzzle,4,42.79,0.0,0.0,171.16,171.16,Organic Search,Credit Card,Completed
ORD003851,CUST01468,USA,2024-04-04 00:00:00,Clothing,Jacket,1,56.06,10.0,5.61,56.06,50.45,Paid Ads,UPI,Completed
ORD003852,CUST00141,Australia,2025-01-22 12:00:00,Home & Kitchen,Bed Sheets,2,56.71,0.0,0.0,113.42,113.42,Organic Search,Debit Card,Completed
ORD003853,CUST00673,India,2024-05-27 08:00:00,Clothing,Hoodie,1,22.91,0.0,0.0,22.91,22.91,Social Media,Credit Card,Completed
ORD003854,CUST00209,India,2025-02-12 12:00:00,Electronics,Power Bank,2,17.11,10.0,3.42,34.22,30.8,Paid Ads,Debit Card,Completed
ORD003855,CUST00400,Germany,2024-12-22 16:00:00,Beauty,Face Cream,1,28.9,0.0,0.0,28.9,28.9,Email,Credit Card,Completed
ORD003856,CUST00807,Australia,2024-02-26 03:00:00,Electronics,Smartphone Case,1,106.77,5.0,5.34,106.77,101.43,Paid Ads,Credit Card,Completed
ORD003857,CUST01393,India,2024-07-17 17:00:00,Electronics,Power Bank,1,68.96,0.0,0.0,68.96,68.96,Paid Ads,PayPal,Completed
ORD003858,CUST00685,Australia,2025-04-20 09:00:00,Electronics,Wireless Earbuds,1,31.8,5.0,1.59,31.8,30.21,Organic Search,PayPal,Completed
ORD003859,CUST01496,UK,2024-06-27 04:00:00,Books,Novel,1,10.57,0.0,0.0,10.57,10.57,Organic Search,Credit Card,Completed
ORD003860,CUST00332,Germany,2024-11-13 18:00:00,Electronics,Bluetooth Speaker,1,60.53,0.0,0.0,60.53,60.53,Organic Search,Debit Card,Completed
ORD003861,CUST00201,UK,2024-04-30 05:00:00,Electronics,Power Bank,1,109.38,0.0,0.0,109.38,109.38,Social Media,UPI,Completed
ORD003862,CUST00058,India,2024-11-14 20:00:00,Clothing,Jacket,2,58.37,5.0,5.84,116.74,110.9,Social Media,Cash on Delivery,Completed
ORD003863,CUST00164,USA,2025-01-27 06:00:00,Beauty,Lipstick,1,48.57,10.0,4.86,48.57,43.71,Email,Debit Card,Completed
ORD003864,CUST00391,Australia,2024-01-22 20:00:00,Toys,RC Car,1,11.18,0.0,0.0,11.18,11.18,Organic Search,Credit Card,Completed
ORD003865,CUST00534,USA,2025-03-23 08:00:00,Toys,RC Car,4,27.31,0.0,0.0,109.24,109.24,Organic Search,PayPal,Completed
ORD003866,CUST00549,USA,2024-08-18 19:00:00,Home & Kitchen,Coffee Maker,1,23.95,20.0,4.79,23.95,19.16,Email,Debit Card,Returned
ORD003867,CUST00247,USA,2025-04-06 02:00:00,Toys,Action Figure,1,10.34,0.0,0.0,10.34,10.34,Organic Search,UPI,Completed
ORD003868,CUST00990,Germany,2024-11-08 09:00:00,Electronics,Bluetooth Speaker,1,64.98,5.0,3.25,64.98,61.73,Email,Credit Card,Completed
ORD003869,CUST00348,India,2025-02-25 04:00:00,Home & Kitchen,Bed Sheets,1,50.03,0.0,0.0,50.03,50.03,Paid Ads,PayPal,Completed
ORD003870,CUST00700,USA,2024-06-10 12:00:00,Electronics,Bluetooth Speaker,1,128.73,20.0,25.75,128.73,102.98,Paid Ads,Cash on Delivery,Completed
ORD003871,CUST00190,India,2024-10-22 18:00:00,Electronics,USB-C Cable,1,24.59,20.0,4.92,24.59,19.67,Paid Ads,UPI,Completed
ORD003872,CUST01103,Canada,2024-09-15 08:00:00,Electronics,Wireless Earbuds,1,122.87,0.0,0.0,122.87,122.87,Paid Ads,Debit Card,Completed
ORD003873,CUST01451,USA,2024-11-06 19:00:00,Sports,Water Bottle,4,52.56,20.0,42.05,210.24,168.19,Direct,PayPal,Completed
ORD003874,CUST00353,UK,2024-08-13 04:00:00,Sports,Dumbbells,4,32.09,0.0,0.0,128.36,128.36,Paid Ads,PayPal,Completed
ORD003875,CUST01075,Australia,2024-04-11 04:00:00,Electronics,Power Bank,1,105.51,15.0,15.83,105.51,89.68,Organic Search,PayPal,Completed
ORD003876,CUST00328,UK,2025-02-08 16:00:00,Clothing,Jacket,2,11.08,0.0,0.0,22.16,22.16,Email,UPI,Returned
ORD003877,CUST00287,USA,2024-07-02 08:00:00,Electronics,Smartphone Case,1,40.7,0.0,0.0,40.7,40.7,Paid Ads,Cash on Delivery,Completed
ORD003878,CUST00453,USA,2024-05-08 20:00:00,Home & Kitchen,Storage Box,1,52.06,10.0,5.21,52.06,46.85,Organic Search,UPI,Completed
ORD003879,CUST01370,India,2024-01-16 19:00:00,Beauty,Lipstick,2,44.61,0.0,0.0,89.22,89.22,Organic Search,Credit Card,Completed
ORD003880,CUST00380,India,2024-07-30 19:00:00,Sports,Yoga Mat,1,76.2,0.0,0.0,76.2,76.2,Paid Ads,PayPal,Completed
ORD003881,CUST00912,India,2025-02-20 00:00:00,Home & Kitchen,Coffee Maker,2,45.27,10.0,9.05,90.54,81.49,Paid Ads,Debit Card,Completed
ORD003882,CUST00189,USA,2025-03-21 20:00:00,Electronics,Bluetooth Speaker,4,17.17,0.0,0.0,68.68,68.68,Organic Search,UPI,Completed
ORD003883,CUST00812,Canada,2024-09-19 07:00:00,Electronics,USB-C Cable,1,28.69,0.0,0.0,28.69,28.69,Organic Search,Credit Card,Completed
ORD003884,CUST00522,USA,2024-08-10 17:00:00,Toys,RC Car,1,49.2,0.0,0.0,49.2,49.2,Email,Credit Card,Completed
ORD003885,CUST00147,UK,2024-12-16 15:00:00,Beauty,Sunscreen,1,53.24,5.0,2.66,53.24,50.58,Social Media,Debit Card,Completed
ORD003886,CUST00831,India,2024-06-30 22:00:00,Home & Kitchen,Bed Sheets,4,35.67,0.0,0.0,142.68,142.68,Social Media,UPI,Completed
ORD003887,CUST00217,India,2025-04-04 05:00:00,Sports,Water Bottle,2,61.26,0.0,0.0,122.52,122.52,Paid Ads,PayPal,Completed
ORD003888,CUST00337,Canada,2025-01-13 15:00:00,Toys,Building Blocks,1,40.63,0.0,0.0,40.63,40.63,Paid Ads,UPI,Completed
ORD003889,CUST00996,India,2025-01-24 21:00:00,Beauty,Sunscreen,1,48.89,0.0,0.0,48.89,48.89,Email,Debit Card,Completed
ORD003890,CUST01131,Germany,2024-07-12 00:00:00,Electronics,USB-C Cable,1,47.89,0.0,0.0,47.89,47.89,Direct,Credit Card,Completed
ORD003891,CUST01376,Canada,2024-11-06 01:00:00,Beauty,Shampoo,4,38.88,0.0,0.0,155.52,155.52,Social Media,Cash on Delivery,Completed
ORD003892,CUST00357,India,2024-01-17 08:00:00,Home & Kitchen,Bed Sheets,1,59.79,10.0,5.98,59.79,53.81,Organic Search,Cash on Delivery,Completed
ORD003893,CUST01115,USA,2024-05-11 19:00:00,Electronics,Bluetooth Speaker,1,68.29,5.0,3.41,68.29,64.88,Organic Search,Debit Card,Completed
ORD003894,CUST01498,USA,2025-04-25 02:00:00,Beauty,Lipstick,3,7.12,0.0,0.0,21.36,21.36,Email,UPI,Completed
ORD003895,CUST00441,India,2024-11-17 02:00:00,Clothing,Jacket,2,15.96,0.0,0.0,31.92,31.92,Paid Ads,PayPal,Completed
ORD003896,CUST01121,Canada,2024-09-28 20:00:00,Clothing,Jeans,1,68.44,0.0,0.0,68.44,68.44,Paid Ads,Cash on Delivery,Completed
ORD003897,CUST01258,USA,2025-01-11 19:00:00,Beauty,Sunscreen,3,57.35,0.0,0.0,172.05,172.05,Paid Ads,Cash on Delivery,Completed
ORD003898,CUST00288,USA,2024-05-29 02:00:00,Books,Biography,1,19.09,15.0,2.86,19.09,16.23,Email,Cash on Delivery,Completed
ORD003899,CUST01042,Germany,2024-06-25 06:00:00,Electronics,Wireless Earbuds,4,32.6,0.0,0.0,130.4,130.4,Email,Cash on Delivery,Completed
ORD003900,CUST00351,USA,2024-02-09 00:00:00,Electronics,Power Bank,1,124.95,10.0,12.5,124.95,112.45,Social Media,PayPal,Completed
ORD003901,CUST00828,India,2024-05-23 15:00:00,Electronics,Power Bank,1,33.85,5.0,1.69,33.85,32.16,Email,Credit Card,Completed
ORD003902,CUST01478,Germany,2024-08-01 12:00:00,Electronics,USB-C Cable,1,89.39,0.0,0.0,89.39,89.39,Organic Search,Credit Card,Completed
ORD003903,CUST00229,Canada,2024-06-06 13:00:00,Clothing,Sneakers,1,79.16,0.0,0.0,79.16,79.16,Paid Ads,Debit Card,Completed
ORD003904,CUST00562,India,2024-11-01 18:00:00,Electronics,Power Bank,1,99.41,0.0,0.0,99.41,99.41,Paid Ads,Credit Card,Completed
ORD003905,CUST01203,India,2024-09-13 20:00:00,Home & Kitchen,Bed Sheets,1,79.5,0.0,0.0,79.5,79.5,Paid Ads,Debit Card,Completed
ORD003906,CUST00212,UK,2024-06-14 08:00:00,Books,Biography,2,22.12,5.0,2.21,44.24,42.03,Organic Search,Cash on Delivery,Completed
ORD003907,CUST00097,USA,2024-08-25 09:00:00,Clothing,Sneakers,1,31.56,5.0,1.58,31.56,29.98,Social Media,Cash on Delivery,Completed
ORD003908,CUST00874,USA,2024-02-18 15:00:00,Beauty,Perfume,4,30.56,5.0,6.11,122.24,116.13,Paid Ads,PayPal,Completed
ORD003909,CUST00716,Australia,2024-07-16 02:00:00,Clothing,T-Shirt,2,77.21,0.0,0.0,154.42,154.42,Organic Search,PayPal,Completed
ORD003910,CUST01344,Germany,2024-04-23 22:00:00,Electronics,USB-C Cable,1,29.73,0.0,0.0,29.73,29.73,Paid Ads,Credit Card,Completed
ORD003911,CUST00325,Australia,2024-10-06 22:00:00,Beauty,Sunscreen,1,37.83,0.0,0.0,37.83,37.83,Social Media,UPI,Completed
ORD003912,CUST00231,Germany,2024-04-12 16:00:00,Electronics,Smartphone Case,3,25.05,0.0,0.0,75.15,75.15,Paid Ads,Cash on Delivery,Completed
ORD003913,CUST00306,Australia,2024-08-14 08:00:00,Beauty,Face Cream,2,51.85,0.0,0.0,103.7,103.7,Direct,Debit Card,Cancelled
ORD003914,CUST00934,USA,2025-03-23 19:00:00,Clothing,Jeans,1,59.83,0.0,0.0,59.83,59.83,Paid Ads,UPI,Completed
ORD003915,CUST00339,USA,2025-05-04 05:00:00,Beauty,Perfume,1,25.63,0.0,0.0,25.63,25.63,Social Media,Credit Card,Completed
ORD003916,CUST01458,UK,2025-01-28 21:00:00,Home & Kitchen,Cutlery Set,1,53.03,0.0,0.0,53.03,53.03,Paid Ads,Credit Card,Completed
ORD003917,CUST00427,USA,2024-04-02 21:00:00,Clothing,T-Shirt,1,19.8,0.0,0.0,19.8,19.8,Organic Search,UPI,Completed
ORD003918,CUST00007,India,2025-01-30 16:00:00,Sports,Water Bottle,1,82.42,15.0,12.36,82.42,70.06,Paid Ads,PayPal,Completed
ORD003919,CUST01222,India,2024-10-18 03:00:00,Home & Kitchen,Bed Sheets,1,69.78,10.0,6.98,69.78,62.8,Direct,UPI,Completed
ORD003920,CUST01101,India,2024-07-05 15:00:00,Home & Kitchen,Coffee Maker,3,68.29,0.0,0.0,204.87,204.87,Direct,Credit Card,Completed
ORD003921,CUST00061,USA,2024-04-07 12:00:00,Home & Kitchen,Storage Box,1,40.58,0.0,0.0,40.58,40.58,Organic Search,PayPal,Completed
ORD003922,CUST01349,Australia,2024-08-10 14:00:00,Books,Novel,2,6.84,0.0,0.0,13.68,13.68,Organic Search,Cash on Delivery,Cancelled
ORD003923,CUST00011,India,2024-05-13 02:00:00,Electronics,Bluetooth Speaker,2,47.63,5.0,4.76,95.26,90.5,Social Media,Credit Card,Completed
ORD003924,CUST01199,Germany,2024-06-08 21:00:00,Books,Comic,2,12.49,5.0,1.25,24.98,23.73,Organic Search,Debit Card,Completed
ORD003925,CUST01352,USA,2025-02-25 04:00:00,Home & Kitchen,Blender,1,61.59,0.0,0.0,61.59,61.59,Organic Search,Credit Card,Completed
ORD003926,CUST01173,UK,2024-09-13 09:00:00,Clothing,Jacket,1,45.21,0.0,0.0,45.21,45.21,Organic Search,Cash on Delivery,Returned
ORD003927,CUST00710,UK,2024-11-09 20:00:00,Electronics,Smartphone Case,1,53.78,10.0,5.38,53.78,48.4,Email,Credit Card,Completed
ORD003928,CUST00405,India,2024-11-22 13:00:00,Home & Kitchen,Bed Sheets,1,47.38,5.0,2.37,47.38,45.01,Organic Search,Debit Card,Completed
ORD003929,CUST00837,Canada,2024-07-18 00:00:00,Clothing,Sneakers,1,57.2,0.0,0.0,57.2,57.2,Email,Debit Card,Completed
ORD003930,CUST00115,UK,2025-02-21 13:00:00,Sports,Water Bottle,1,72.95,15.0,10.94,72.95,62.01,Paid Ads,Debit Card,Completed
ORD003931,CUST00451,Germany,2024-01-27 12:00:00,Clothing,Jeans,1,71.33,0.0,0.0,71.33,71.33,Paid Ads,Credit Card,Completed
ORD003932,CUST00259,USA,2025-03-16 18:00:00,Beauty,Lipstick,1,33.55,0.0,0.0,33.55,33.55,Direct,PayPal,Completed
ORD003933,CUST00174,India,2024-07-26 01:00:00,Clothing,T-Shirt,1,46.0,20.0,9.2,46.0,36.8,Email,Credit Card,Completed
ORD003934,CUST00657,India,2024-04-05 17:00:00,Electronics,Bluetooth Speaker,1,59.76,0.0,0.0,59.76,59.76,Email,Credit Card,Completed
ORD003935,CUST00639,India,2024-04-06 20:00:00,Home & Kitchen,Cutlery Set,1,38.61,5.0,1.93,38.61,36.68,Social Media,Credit Card,Completed
ORD003936,CUST00879,India,2025-01-28 15:00:00,Sports,Yoga Mat,1,32.37,0.0,0.0,32.37,32.37,Social Media,Credit Card,Completed
ORD003937,CUST00367,Australia,2025-01-25 12:00:00,Home & Kitchen,Bed Sheets,3,70.26,0.0,0.0,210.78,210.78,Paid Ads,Credit Card,Completed
ORD003938,CUST01429,UK,2024-09-30 14:00:00,Home & Kitchen,Bed Sheets,2,65.69,15.0,19.71,131.38,111.67,Paid Ads,PayPal,Completed
ORD003939,CUST01451,USA,2025-04-29 07:00:00,Beauty,Sunscreen,1,46.88,10.0,4.69,46.88,42.19,Social Media,Debit Card,Completed
ORD003940,CUST00785,India,2025-05-10 19:00:00,Electronics,Smartphone Case,1,112.85,5.0,5.64,112.85,107.21,Paid Ads,Debit Card,Completed
ORD003941,CUST01347,India,2024-01-27 12:00:00,Electronics,Bluetooth Speaker,1,44.92,0.0,0.0,44.92,44.92,Paid Ads,Cash on Delivery,Completed
ORD003942,CUST00510,Germany,2024-06-04 05:00:00,Beauty,Sunscreen,1,40.7,0.0,0.0,40.7,40.7,Paid Ads,Cash on Delivery,Completed
ORD003943,CUST00947,India,2024-04-18 09:00:00,Home & Kitchen,Bed Sheets,3,41.88,0.0,0.0,125.64,125.64,Organic Search,Debit Card,Completed
ORD003944,CUST00101,India,2024-07-07 22:00:00,Beauty,Sunscreen,1,49.88,0.0,0.0,49.88,49.88,Organic Search,Debit Card,Completed
ORD003945,CUST00997,Canada,2024-08-20 00:00:00,Home & Kitchen,Bed Sheets,4,58.16,10.0,23.26,232.64,209.38,Email,Credit Card,Completed
ORD003946,CUST00829,Germany,2025-01-11 00:00:00,Electronics,Bluetooth Speaker,2,115.51,5.0,11.55,231.02,219.47,Organic Search,Debit Card,Completed
ORD003947,CUST01469,Canada,2025-02-02 18:00:00,Clothing,Jeans,1,54.87,0.0,0.0,54.87,54.87,Email,UPI,Completed
ORD003948,CUST00087,Germany,2024-06-24 15:00:00,Beauty,Shampoo,1,35.9,5.0,1.8,35.9,34.1,Organic Search,UPI,Completed
ORD003949,CUST00371,India,2024-01-01 17:00:00,Electronics,Wireless Earbuds,4,39.35,0.0,0.0,157.4,157.4,Organic Search,Credit Card,Completed
ORD003950,CUST00363,USA,2025-04-30 18:00:00,Toys,Building Blocks,1,16.56,0.0,0.0,16.56,16.56,Paid Ads,PayPal,Returned
ORD003951,CUST01374,USA,2025-01-14 19:00:00,Electronics,USB-C Cable,2,70.89,10.0,14.18,141.78,127.6,Paid Ads,Cash on Delivery,Completed
ORD003952,CUST00625,UK,2024-01-20 01:00:00,Clothing,Jeans,1,69.53,5.0,3.48,69.53,66.05,Social Media,Debit Card,Completed
ORD003953,CUST00844,Australia,2024-02-20 09:00:00,Toys,Action Figure,1,35.1,10.0,3.51,35.1,31.59,Paid Ads,Credit Card,Completed
ORD003954,CUST00569,Canada,2024-04-08 13:00:00,Electronics,Power Bank,3,58.66,0.0,0.0,175.98,175.98,Organic Search,Debit Card,Completed
ORD003955,CUST00547,India,2024-11-03 11:00:00,Clothing,T-Shirt,1,51.52,20.0,10.3,51.52,41.22,Paid Ads,Debit Card,Completed
ORD003956,CUST00829,Germany,2024-08-25 21:00:00,Books,Cookbook,1,6.26,0.0,0.0,6.26,6.26,Paid Ads,Credit Card,Completed
ORD003957,CUST01380,USA,2024-08-14 18:00:00,Toys,Building Blocks,1,24.91,0.0,0.0,24.91,24.91,Organic Search,UPI,Cancelled
ORD003958,CUST01382,USA,2025-02-12 04:00:00,Clothing,Hoodie,2,62.44,5.0,6.24,124.88,118.64,Organic Search,Credit Card,Completed
ORD003959,CUST01400,UK,2025-01-05 02:00:00,Clothing,Hoodie,1,41.6,0.0,0.0,41.6,41.6,Organic Search,PayPal,Completed
ORD003960,CUST01148,UK,2024-08-20 14:00:00,Clothing,Jacket,1,43.38,5.0,2.17,43.38,41.21,Email,Cash on Delivery,Completed
ORD003961,CUST00990,Germany,2024-06-28 15:00:00,Electronics,Power Bank,2,82.37,0.0,0.0,164.74,164.74,Direct,Debit Card,Completed
ORD003962,CUST00932,Canada,2025-02-11 01:00:00,Electronics,Wireless Earbuds,3,143.61,5.0,21.54,430.83,409.29,Organic Search,PayPal,Completed
ORD003963,CUST00763,India,2024-10-17 11:00:00,Home & Kitchen,Bed Sheets,1,57.96,0.0,0.0,57.96,57.96,Paid Ads,UPI,Completed
ORD003964,CUST00130,USA,2024-01-11 19:00:00,Books,Cookbook,1,22.32,0.0,0.0,22.32,22.32,Direct,Cash on Delivery,Completed
ORD003965,CUST00346,UK,2024-10-06 13:00:00,Electronics,Wireless Earbuds,1,70.76,0.0,0.0,70.76,70.76,Paid Ads,Cash on Delivery,Completed
ORD003966,CUST01392,India,2024-02-27 01:00:00,Home & Kitchen,Cutlery Set,3,70.56,0.0,0.0,211.68,211.68,Organic Search,UPI,Completed
ORD003967,CUST00096,USA,2024-07-14 11:00:00,Toys,RC Car,1,33.29,5.0,1.66,33.29,31.63,Organic Search,UPI,Completed
ORD003968,CUST00485,USA,2025-05-01 07:00:00,Clothing,Sneakers,1,27.85,0.0,0.0,27.85,27.85,Paid Ads,UPI,Completed
ORD003969,CUST01096,India,2024-07-21 21:00:00,Sports,Running Shoes,1,60.39,10.0,6.04,60.39,54.35,Email,Credit Card,Completed
ORD003970,CUST00549,USA,2024-01-18 16:00:00,Electronics,Wireless Earbuds,1,88.34,15.0,13.25,88.34,75.09,Organic Search,Credit Card,Completed
ORD003971,CUST01132,USA,2024-07-25 21:00:00,Clothing,Hoodie,4,52.96,0.0,0.0,211.84,211.84,Organic Search,PayPal,Completed
ORD003972,CUST00651,India,2024-06-13 03:00:00,Books,Biography,1,14.5,0.0,0.0,14.5,14.5,Organic Search,Cash on Delivery,Completed
ORD003973,CUST00597,UK,2025-03-09 16:00:00,Home & Kitchen,Storage Box,1,60.27,20.0,12.05,60.27,48.22,Social Media,PayPal,Returned
ORD003974,CUST01334,Australia,2024-12-27 01:00:00,Electronics,Power Bank,1,62.12,0.0,0.0,62.12,62.12,Paid Ads,Credit Card,Completed
ORD003975,CUST00386,Germany,2024-03-26 16:00:00,Clothing,Sneakers,1,71.54,0.0,0.0,71.54,71.54,Paid Ads,Credit Card,Completed
ORD003976,CUST00036,Germany,2024-09-26 17:00:00,Clothing,Hoodie,1,57.91,0.0,0.0,57.91,57.91,Social Media,Debit Card,Completed
ORD003977,CUST00884,India,2024-01-02 03:00:00,Electronics,Wireless Earbuds,1,142.22,0.0,0.0,142.22,142.22,Paid Ads,Cash on Delivery,Completed
ORD003978,CUST00091,India,2024-10-07 18:00:00,Clothing,Jacket,1,43.21,0.0,0.0,43.21,43.21,Organic Search,PayPal,Completed
ORD003979,CUST01037,India,2025-01-29 00:00:00,Beauty,Perfume,2,39.4,10.0,7.88,78.8,70.92,Paid Ads,Cash on Delivery,Completed
ORD003980,CUST00256,USA,2024-02-14 01:00:00,Sports,Dumbbells,2,88.63,0.0,0.0,177.26,177.26,Organic Search,Debit Card,Completed
ORD003981,CUST00390,Germany,2024-12-05 03:00:00,Books,Comic,1,10.34,5.0,0.52,10.34,9.82,Organic Search,Credit Card,Completed
ORD003982,CUST00505,UK,2025-04-22 19:00:00,Home & Kitchen,Storage Box,4,45.91,0.0,0.0,183.64,183.64,Paid Ads,UPI,Completed
ORD003983,CUST00926,India,2025-03-23 05:00:00,Toys,Action Figure,2,28.84,0.0,0.0,57.68,57.68,Organic Search,PayPal,Completed
ORD003984,CUST00763,India,2024-03-12 07:00:00,Toys,RC Car,1,20.92,0.0,0.0,20.92,20.92,Direct,PayPal,Completed
ORD003985,CUST00349,USA,2025-02-24 01:00:00,Sports,Yoga Mat,1,41.44,0.0,0.0,41.44,41.44,Organic Search,PayPal,Completed
ORD003986,CUST01191,India,2024-03-08 21:00:00,Clothing,T-Shirt,2,17.06,20.0,6.82,34.12,27.3,Organic Search,UPI,Completed
ORD003987,CUST01086,USA,2025-03-24 03:00:00,Toys,RC Car,1,11.34,20.0,2.27,11.34,9.07,Email,Credit Card,Completed
ORD003988,CUST00694,India,2024-12-06 16:00:00,Home & Kitchen,Cutlery Set,1,71.02,0.0,0.0,71.02,71.02,Direct,Credit Card,Completed
ORD003989,CUST00269,USA,2025-05-11 10:00:00,Toys,Board Game,4,34.09,20.0,27.27,136.36,109.09,Direct,Credit Card,Completed
ORD003990,CUST01304,USA,2024-04-03 15:00:00,Electronics,Smartphone Case,2,51.89,0.0,0.0,103.78,103.78,Paid Ads,Cash on Delivery,Completed
ORD003991,CUST01296,India,2024-01-16 10:00:00,Beauty,Face Cream,1,52.71,0.0,0.0,52.71,52.71,Paid Ads,UPI,Completed
ORD003992,CUST00518,Germany,2025-05-11 16:00:00,Beauty,Sunscreen,1,57.53,0.0,0.0,57.53,57.53,Organic Search,Credit Card,Completed
ORD003993,CUST01287,India,2024-07-23 11:00:00,Sports,Dumbbells,1,53.8,0.0,0.0,53.8,53.8,Paid Ads,Cash on Delivery,Completed
ORD003994,CUST01182,India,2024-03-31 11:00:00,Toys,RC Car,2,27.54,0.0,0.0,55.08,55.08,Social Media,PayPal,Completed
ORD003995,CUST00687,USA,2024-01-22 08:00:00,Books,Self-Help Book,4,13.93,0.0,0.0,55.72,55.72,Organic Search,UPI,Returned
ORD003996,CUST00976,India,2024-05-25 09:00:00,Books,Self-Help Book,1,9.78,0.0,0.0,9.78,9.78,Organic Search,Credit Card,Completed
ORD003997,CUST00758,USA,2024-09-29 02:00:00,Sports,Water Bottle,1,52.46,0.0,0.0,52.46,52.46,Social Media,Cash on Delivery,Completed
ORD003998,CUST00550,Germany,2025-02-19 15:00:00,Toys,Building Blocks,1,14.77,10.0,1.48,14.77,13.29,Organic Search,PayPal,Completed
ORD003999,CUST00381,India,2024-02-16 08:00:00,Books,Novel,1,12.9,0.0,0.0,12.9,12.9,Paid Ads,Debit Card,Completed
ORD004000,CUST01410,Canada,2025-05-01 12:00:00,Home & Kitchen,Bed Sheets,1,36.72,0.0,0.0,36.72,36.72,Paid Ads,Debit Card,Completed
ORD004001,CUST00018,USA,2024-12-25 12:00:00,Electronics,Smartphone Case,2,47.05,5.0,4.7,94.1,89.4,Email,UPI,Completed
ORD004002,CUST01336,UK,2025-04-22 13:00:00,Toys,Puzzle,1,31.72,10.0,3.17,31.72,28.55,Paid Ads,Debit Card,Completed
ORD004003,CUST01320,India,2025-03-14 22:00:00,Books,Biography,1,29.46,0.0,0.0,29.46,29.46,Paid Ads,UPI,Completed
ORD004004,CUST01185,India,2024-11-27 10:00:00,Electronics,Bluetooth Speaker,1,115.02,5.0,5.75,115.02,109.27,Paid Ads,Debit Card,Completed
ORD004005,CUST00540,India,2024-07-18 09:00:00,Clothing,T-Shirt,2,25.76,0.0,0.0,51.52,51.52,Organic Search,UPI,Completed
ORD004006,CUST00712,USA,2025-04-10 10:00:00,Clothing,Hoodie,1,63.91,5.0,3.2,63.91,60.71,Paid Ads,Debit Card,Completed
ORD004007,CUST00413,Australia,2024-08-29 18:00:00,Electronics,Smartphone Case,1,22.94,0.0,0.0,22.94,22.94,Email,Credit Card,Completed
ORD004008,CUST00892,Canada,2024-07-18 03:00:00,Home & Kitchen,Storage Box,4,52.47,0.0,0.0,209.88,209.88,Organic Search,PayPal,Completed
ORD004009,CUST00716,Australia,2024-03-06 03:00:00,Toys,Board Game,1,24.67,10.0,2.47,24.67,22.2,Paid Ads,Cash on Delivery,Completed
ORD004010,CUST00661,USA,2024-06-02 14:00:00,Electronics,Smartphone Case,2,141.67,15.0,42.5,283.34,240.84,Organic Search,Debit Card,Completed
ORD004011,CUST01037,India,2024-04-03 19:00:00,Beauty,Lipstick,2,33.48,0.0,0.0,66.96,66.96,Social Media,UPI,Completed
ORD004012,CUST00912,India,2024-05-17 00:00:00,Toys,Puzzle,3,47.3,0.0,0.0,141.9,141.9,Organic Search,Cash on Delivery,Completed
ORD004013,CUST01408,Germany,2024-08-12 02:00:00,Electronics,Smartphone Case,1,28.12,0.0,0.0,28.12,28.12,Social Media,Cash on Delivery,Completed
ORD004014,CUST01179,Germany,2025-03-30 03:00:00,Electronics,Wireless Earbuds,2,139.15,0.0,0.0,278.3,278.3,Social Media,PayPal,Completed
ORD004015,CUST01405,UK,2025-02-07 20:00:00,Electronics,Bluetooth Speaker,1,44.08,10.0,4.41,44.08,39.67,Email,UPI,Returned
ORD004016,CUST00377,Canada,2025-02-21 03:00:00,Home & Kitchen,Cutlery Set,1,46.31,5.0,2.32,46.31,43.99,Organic Search,Cash on Delivery,Returned
ORD004017,CUST01010,USA,2024-03-16 14:00:00,Toys,RC Car,3,11.43,10.0,3.43,34.29,30.86,Social Media,UPI,Completed
ORD004018,CUST01467,Australia,2024-07-13 08:00:00,Electronics,Bluetooth Speaker,1,127.88,5.0,6.39,127.88,121.49,Paid Ads,Cash on Delivery,Completed
ORD004019,CUST01300,UK,2024-07-18 09:00:00,Beauty,Face Cream,1,20.91,0.0,0.0,20.91,20.91,Organic Search,UPI,Completed
ORD004020,CUST00125,India,2025-04-12 16:00:00,Clothing,Jeans,1,55.54,0.0,0.0,55.54,55.54,Direct,PayPal,Completed
ORD004021,CUST00742,India,2024-05-07 20:00:00,Electronics,Wireless Earbuds,1,101.56,10.0,10.16,101.56,91.4,Email,UPI,Completed
ORD004022,CUST00646,Canada,2024-06-19 15:00:00,Toys,RC Car,1,39.61,0.0,0.0,39.61,39.61,Organic Search,UPI,Completed
ORD004023,CUST00860,India,2024-02-10 02:00:00,Home & Kitchen,Storage Box,3,39.58,0.0,0.0,118.74,118.74,Organic Search,Debit Card,Completed
ORD004024,CUST00906,Canada,2024-04-01 21:00:00,Electronics,Smartphone Case,1,33.63,0.0,0.0,33.63,33.63,Organic Search,Cash on Delivery,Completed
ORD004025,CUST00325,Australia,2025-01-25 07:00:00,Electronics,Wireless Earbuds,1,85.67,0.0,0.0,85.67,85.67,Social Media,Debit Card,Completed
ORD004026,CUST01425,Australia,2024-10-18 14:00:00,Beauty,Perfume,1,14.24,0.0,0.0,14.24,14.24,Organic Search,PayPal,Completed
ORD004027,CUST00924,Germany,2024-04-29 17:00:00,Home & Kitchen,Storage Box,1,25.15,0.0,0.0,25.15,25.15,Email,Cash on Delivery,Completed
ORD004028,CUST00617,India,2025-05-09 10:00:00,Electronics,Bluetooth Speaker,1,104.71,5.0,5.24,104.71,99.47,Organic Search,Cash on Delivery,Completed
ORD004029,CUST00355,India,2024-04-21 03:00:00,Electronics,USB-C Cable,1,130.77,0.0,0.0,130.77,130.77,Organic Search,Cash on Delivery,Completed
ORD004030,CUST00386,Germany,2025-01-26 10:00:00,Home & Kitchen,Storage Box,2,32.32,0.0,0.0,64.64,64.64,Paid Ads,Cash on Delivery,Completed
ORD004031,CUST00086,India,2024-03-16 11:00:00,Books,Comic,1,19.71,20.0,3.94,19.71,15.77,Email,Debit Card,Completed
ORD004032,CUST00123,India,2024-08-15 08:00:00,Home & Kitchen,Blender,1,46.61,5.0,2.33,46.61,44.28,Social Media,Credit Card,Completed
ORD004033,CUST01126,USA,2024-11-23 14:00:00,Electronics,Power Bank,2,84.99,0.0,0.0,169.98,169.98,Paid Ads,Cash on Delivery,Completed
ORD004034,CUST00566,USA,2024-09-15 12:00:00,Electronics,Power Bank,1,131.43,20.0,26.29,131.43,105.14,Direct,Cash on Delivery,Completed
ORD004035,CUST00985,Germany,2024-11-29 12:00:00,Sports,Yoga Mat,2,10.22,0.0,0.0,20.44,20.44,Social Media,Credit Card,Returned
ORD004036,CUST00832,USA,2024-10-28 13:00:00,Sports,Dumbbells,1,37.88,0.0,0.0,37.88,37.88,Social Media,PayPal,Completed
ORD004037,CUST00865,USA,2024-05-23 11:00:00,Electronics,Wireless Earbuds,1,86.6,20.0,17.32,86.6,69.28,Email,Debit Card,Completed
ORD004038,CUST01480,USA,2025-01-13 00:00:00,Books,Novel,1,10.79,20.0,2.16,10.79,8.63,Email,Debit Card,Completed
ORD004039,CUST00706,Australia,2024-11-30 06:00:00,Home & Kitchen,Storage Box,2,84.75,0.0,0.0,169.5,169.5,Email,UPI,Completed
ORD004040,CUST00937,India,2024-08-13 12:00:00,Electronics,Wireless Earbuds,2,51.02,5.0,5.1,102.04,96.94,Organic Search,Credit Card,Completed
ORD004041,CUST00305,Germany,2024-11-11 19:00:00,Beauty,Face Cream,1,56.61,0.0,0.0,56.61,56.61,Email,Debit Card,Completed
ORD004042,CUST00617,India,2024-10-21 15:00:00,Electronics,Wireless Earbuds,1,60.96,0.0,0.0,60.96,60.96,Email,Debit Card,Completed
ORD004043,CUST01384,India,2024-01-06 02:00:00,Books,Cookbook,1,19.54,20.0,3.91,19.54,15.63,Social Media,PayPal,Completed
ORD004044,CUST00674,USA,2024-08-20 14:00:00,Books,Self-Help Book,1,10.09,10.0,1.01,10.09,9.08,Organic Search,Cash on Delivery,Completed
ORD004045,CUST00717,Canada,2025-01-22 13:00:00,Home & Kitchen,Bed Sheets,3,95.38,,14.31,286.14,271.83,Organic Search,UPI,Completed
ORD004046,CUST00733,UK,2024-03-12 14:00:00,Electronics,Power Bank,1,43.19,0.0,0.0,43.19,43.19,Social Media,Debit Card,Completed
ORD004047,CUST01358,USA,2024-05-17 21:00:00,Toys,Action Figure,1,48.45,5.0,2.42,48.45,46.03,Paid Ads,Credit Card,Completed
ORD004048,CUST00524,Canada,2025-02-08 11:00:00,Clothing,Jeans,1,53.73,0.0,0.0,53.73,53.73,Organic Search,Debit Card,Completed
ORD004049,CUST00017,India,2025-03-12 15:00:00,Toys,Building Blocks,1,47.52,0.0,0.0,47.52,47.52,Paid Ads,PayPal,Completed
ORD004050,CUST00096,USA,2025-02-07 03:00:00,Books,Self-Help Book,1,17.17,5.0,0.86,17.17,16.31,Paid Ads,Credit Card,Completed
ORD004051,CUST01051,Canada,2024-01-08 02:00:00,Clothing,T-Shirt,2,74.52,10.0,14.9,149.04,134.14,Paid Ads,PayPal,Completed
ORD004052,CUST01045,Canada,2025-03-22 10:00:00,Home & Kitchen,Blender,1,56.44,0.0,0.0,56.44,56.44,Organic Search,Debit Card,Completed
ORD004053,CUST00634,USA,2024-02-11 07:00:00,Electronics,USB-C Cable,3,66.89,0.0,0.0,200.67,200.67,Social Media,PayPal,Completed
ORD004054,CUST00784,India,2025-02-08 06:00:00,Books,Novel,1,20.83,0.0,0.0,20.83,20.83,Paid Ads,Credit Card,Completed
ORD004055,CUST01063,Germany,2024-01-10 12:00:00,Electronics,Smartphone Case,2,109.88,0.0,0.0,219.76,219.76,Organic Search,Cash on Delivery,Completed
ORD004056,CUST01256,USA,2025-05-09 08:00:00,Electronics,USB-C Cable,2,117.17,5.0,11.72,234.34,222.62,Social Media,UPI,Completed
ORD004057,CUST01442,India,2025-03-10 04:00:00,Electronics,Bluetooth Speaker,1,75.26,15.0,11.29,75.26,63.97,Direct,UPI,Completed
ORD004058,CUST01456,Australia,2025-01-22 12:00:00,Home & Kitchen,Coffee Maker,1,31.13,20.0,6.23,31.13,24.9,Organic Search,Credit Card,Completed
ORD004059,CUST01264,USA,2025-03-17 22:00:00,Electronics,Smartphone Case,3,24.33,0.0,0.0,72.99,72.99,Direct,UPI,Completed
ORD004060,CUST00647,USA,2024-08-28 01:00:00,Clothing,Hoodie,1,17.55,0.0,0.0,17.55,17.55,Organic Search,UPI,Completed
ORD004061,CUST01335,Australia,2024-09-21 14:00:00,Beauty,Face Cream,3,20.09,0.0,0.0,60.27,60.27,Direct,PayPal,Completed
ORD004062,CUST00333,India,2024-08-11 01:00:00,Home & Kitchen,Storage Box,1,46.62,0.0,0.0,46.62,46.62,Organic Search,UPI,Completed
ORD004063,CUST01096,India,2025-01-21 14:00:00,Clothing,Jeans,1,58.98,5.0,2.95,58.98,56.03,Direct,Credit Card,Completed
ORD004064,CUST01111,Germany,2024-02-28 12:00:00,Home & Kitchen,Blender,1,12.4,0.0,0.0,12.4,12.4,Paid Ads,PayPal,Cancelled
ORD004065,CUST01289,India,2024-01-15 16:00:00,Toys,RC Car,2,14.48,5.0,1.45,28.96,27.51,Social Media,Cash on Delivery,Completed
ORD004066,CUST01307,UK,2024-04-28 07:00:00,Clothing,Jacket,4,24.55,5.0,4.91,98.2,93.29,Organic Search,UPI,Completed
ORD004067,CUST01122,Australia,2024-04-18 04:00:00,Clothing,Hoodie,1,58.79,0.0,0.0,58.79,58.79,Organic Search,PayPal,Completed
ORD004068,CUST00559,Germany,2025-04-15 10:00:00,Beauty,Perfume,2,51.49,0.0,0.0,102.98,102.98,Organic Search,Cash on Delivery,Completed
ORD004069,CUST00074,Germany,2024-11-12 08:00:00,Clothing,Sneakers,1,69.58,0.0,0.0,69.58,69.58,Organic Search,UPI,Completed
ORD004070,CUST01155,UK,2024-07-28 15:00:00,Electronics,Smartphone Case,1,53.33,0.0,0.0,53.33,53.33,Paid Ads,PayPal,Completed
ORD004071,CUST00835,USA,2024-12-12 09:00:00,Home & Kitchen,Cutlery Set,1,41.4,0.0,0.0,41.4,41.4,Social Media,Cash on Delivery,Completed
ORD004072,CUST01081,Germany,2024-08-21 15:00:00,Home & Kitchen,Cutlery Set,3,42.18,0.0,0.0,126.54,126.54,Paid Ads,UPI,Returned
ORD004073,CUST00298,India,2024-06-26 14:00:00,Beauty,Sunscreen,1,12.53,0.0,0.0,12.53,12.53,Direct,UPI,Completed
ORD004074,CUST00689,Germany,2024-08-16 05:00:00,Sports,Water Bottle,1,65.7,0.0,0.0,65.7,65.7,Organic Search,Debit Card,Completed
ORD004075,CUST01173,UK,2024-02-03 00:00:00,Sports,Water Bottle,2,38.4,0.0,0.0,76.8,76.8,Organic Search,Debit Card,Completed
ORD004076,CUST00202,India,2025-04-27 19:00:00,Clothing,Sneakers,1,20.57,15.0,3.09,20.57,17.48,Direct,PayPal,Returned
ORD004077,CUST01037,India,2024-08-14 02:00:00,Beauty,Sunscreen,1,53.94,0.0,0.0,53.94,53.94,Organic Search,Credit Card,Cancelled
ORD004078,CUST00314,Australia,2025-01-02 10:00:00,Beauty,Lipstick,1,56.55,10.0,5.66,56.55,50.89,Organic Search,Cash on Delivery,Completed
ORD004079,CUST00317,USA,2024-12-10 18:00:00,Clothing,T-Shirt,1,60.96,5.0,3.05,60.96,57.91,Social Media,PayPal,Completed
ORD004080,CUST00952,UK,2024-09-05 13:00:00,Toys,Building Blocks,1,22.5,0.0,0.0,22.5,22.5,Direct,UPI,Cancelled
ORD004081,CUST00053,Australia,2024-02-14 12:00:00,Home & Kitchen,Cutlery Set,1,52.39,15.0,7.86,52.39,44.53,Organic Search,UPI,Completed
ORD004082,CUST00823,India,2024-10-10 14:00:00,Books,Novel,1,29.59,0.0,0.0,29.59,29.59,Paid Ads,PayPal,Completed
ORD004083,CUST01258,USA,2024-05-22 04:00:00,Toys,Action Figure,2,26.26,,0.0,52.52,52.52,Paid Ads,Debit Card,Completed
ORD004084,CUST00074,Germany,2024-07-21 18:00:00,Electronics,Smartphone Case,1,100.87,0.0,0.0,100.87,100.87,Email,Credit Card,Completed
ORD004085,CUST00455,India,2025-01-09 18:00:00,Books,Novel,1,11.07,0.0,0.0,11.07,11.07,Organic Search,Cash on Delivery,Completed
ORD004086,CUST00260,India,2025-02-21 22:00:00,Clothing,Hoodie,1,21.92,0.0,0.0,21.92,21.92,Email,PayPal,Completed
ORD004087,CUST00686,USA,2024-06-03 02:00:00,Electronics,Smartphone Case,3,81.01,5.0,12.15,243.03,230.88,Social Media,Debit Card,Completed
ORD004088,CUST00515,India,2024-03-24 12:00:00,Clothing,Jeans,1,79.74,15.0,11.96,79.74,67.78,Email,Credit Card,Completed
ORD004089,CUST00090,USA,2024-03-01 17:00:00,Clothing,Hoodie,4,25.01,0.0,0.0,100.04,100.04,Paid Ads,PayPal,Completed
ORD004090,CUST00702,India,2024-08-11 02:00:00,Clothing,Hoodie,1,58.44,0.0,0.0,58.44,58.44,Email,Credit Card,Cancelled
ORD004091,CUST00710,UK,2024-09-16 15:00:00,Sports,Dumbbells,1,72.24,0.0,0.0,72.24,72.24,Email,Credit Card,Completed
ORD004092,CUST01466,India,2024-08-23 16:00:00,Home & Kitchen,Coffee Maker,4,13.67,0.0,0.0,54.68,54.68,Organic Search,PayPal,Completed
ORD004093,CUST01236,USA,2024-07-12 03:00:00,Home & Kitchen,Bed Sheets,1,40.9,0.0,0.0,40.9,40.9,Email,Debit Card,Returned
ORD004094,CUST00554,USA,2024-07-31 13:00:00,Clothing,Jeans,1,22.91,20.0,4.58,22.91,18.33,Social Media,Debit Card,Completed
ORD004095,CUST00791,India,2025-02-27 08:00:00,Electronics,Bluetooth Speaker,1,147.26,5.0,7.36,147.26,139.9,Social Media,UPI,Cancelled
ORD004096,CUST00195,India,2025-02-24 03:00:00,Home & Kitchen,Storage Box,1,38.26,5.0,1.91,38.26,36.35,Organic Search,Debit Card,Completed
ORD004097,CUST01096,India,2024-09-01 12:00:00,Beauty,Face Cream,2,24.45,0.0,0.0,48.9,48.9,Paid Ads,Debit Card,Completed
ORD004098,CUST01400,UK,2025-02-04 21:00:00,Toys,Building Blocks,2,17.41,0.0,0.0,34.82,34.82,Social Media,PayPal,Completed
ORD004099,CUST00823,India,2024-06-15 04:00:00,Books,Self-Help Book,1,13.49,0.0,0.0,13.49,13.49,Paid Ads,Cash on Delivery,Cancelled
ORD004100,CUST01253,India,2024-01-27 19:00:00,Home & Kitchen,Bed Sheets,1,15.53,0.0,0.0,15.53,15.53,Organic Search,Debit Card,Completed
ORD004101,CUST00324,India,2025-01-09 06:00:00,Electronics,Smartphone Case,1,55.46,15.0,8.32,55.46,47.14,Email,Debit Card,Completed
ORD004102,CUST00172,India,2024-08-01 20:00:00,Electronics,Bluetooth Speaker,3,122.22,10.0,36.67,366.66,329.99,Organic Search,Cash on Delivery,Completed
ORD004103,CUST01249,Australia,2024-01-26 09:00:00,Toys,RC Car,1,32.0,0.0,0.0,32.0,32.0,Email,Credit Card,Returned
ORD004104,CUST00818,USA,2024-07-22 03:00:00,Sports,Running Shoes,2,62.06,5.0,6.21,124.12,117.91,Organic Search,PayPal,Completed
ORD004105,CUST01076,USA,2025-04-10 04:00:00,Books,Biography,1,24.49,0.0,0.0,24.49,24.49,Organic Search,Credit Card,Completed
ORD004106,CUST01469,Canada,2025-01-01 15:00:00,Electronics,Power Bank,2,47.41,0.0,0.0,94.82,94.82,Organic Search,PayPal,Completed
ORD004107,CUST00544,UK,2024-04-16 13:00:00,Home & Kitchen,Coffee Maker,2,91.81,20.0,36.72,183.62,146.9,Organic Search,UPI,Completed
ORD004108,CUST00982,Germany,2024-06-26 16:00:00,Beauty,Lipstick,1,45.14,0.0,0.0,45.14,45.14,Social Media,Credit Card,Completed
ORD004109,CUST00697,India,2024-07-24 18:00:00,Sports,Resistance Bands,2,16.07,0.0,0.0,32.14,32.14,Paid Ads,Cash on Delivery,Completed
ORD004110,CUST01292,India,2025-01-01 01:00:00,Clothing,Sneakers,1,17.6,5.0,0.88,17.6,16.72,Social Media,PayPal,Completed
ORD004111,CUST00712,USA,2025-04-06 08:00:00,Toys,Puzzle,1,20.42,5.0,1.02,20.42,19.4,Social Media,PayPal,Completed
ORD004112,CUST00347,UK,2025-05-13 10:00:00,Beauty,Perfume,2,7.08,0.0,0.0,14.16,14.16,Social Media,PayPal,Completed
ORD004113,CUST00642,India,2024-01-30 16:00:00,Electronics,Bluetooth Speaker,1,19.29,0.0,0.0,19.29,19.29,Organic Search,Debit Card,Completed
ORD004114,CUST00566,USA,2024-04-23 19:00:00,Toys,Puzzle,1,14.36,0.0,0.0,14.36,14.36,Social Media,Debit Card,Completed
ORD004115,CUST00772,Canada,2024-07-28 06:00:00,Clothing,Sneakers,1,19.13,20.0,3.83,19.13,15.3,Organic Search,Credit Card,Completed
ORD004116,CUST00503,India,2024-04-05 21:00:00,Books,Self-Help Book,1,16.97,0.0,0.0,16.97,16.97,Organic Search,Debit Card,Completed
ORD004117,CUST00245,India,2024-06-19 12:00:00,Clothing,Sneakers,1,55.36,20.0,11.07,55.36,44.29,Email,Cash on Delivery,Cancelled
ORD004118,CUST00301,India,2024-07-16 10:00:00,Beauty,Shampoo,4,31.23,0.0,0.0,124.92,124.92,Organic Search,Credit Card,Returned
ORD004119,CUST01180,USA,2024-11-25 10:00:00,Clothing,Hoodie,1,70.97,0.0,0.0,70.97,70.97,Paid Ads,PayPal,Completed
ORD004120,CUST00563,India,2024-02-18 10:00:00,Home & Kitchen,Bed Sheets,1,21.18,0.0,0.0,21.18,21.18,Social Media,Debit Card,Completed
ORD004121,CUST00649,Germany,2024-01-07 08:00:00,Electronics,Power Bank,1,50.33,0.0,0.0,50.33,50.33,Organic Search,Credit Card,Completed
ORD004122,CUST00750,UK,2025-01-17 04:00:00,Sports,Running Shoes,1,19.28,15.0,2.89,19.28,16.39,Organic Search,Debit Card,Completed
ORD004123,CUST01474,USA,2025-03-09 22:00:00,Books,Comic,1,23.38,5.0,1.17,23.38,22.21,Paid Ads,PayPal,Completed
ORD004124,CUST01058,USA,2025-02-13 16:00:00,Clothing,Hoodie,1,63.2,0.0,0.0,63.2,63.2,Email,UPI,Completed
ORD004125,CUST00843,India,2025-01-19 04:00:00,Clothing,Hoodie,1,70.58,0.0,0.0,70.58,70.58,Email,Debit Card,Completed
ORD004126,CUST00519,Australia,2024-12-08 14:00:00,Toys,Action Figure,4,45.11,0.0,0.0,180.44,180.44,Organic Search,Debit Card,Completed
ORD004127,CUST01199,Germany,2024-01-18 22:00:00,Electronics,Power Bank,1,32.86,10.0,3.29,32.86,29.57,Email,Credit Card,Completed
ORD004128,CUST01267,USA,2024-12-01 08:00:00,Clothing,Sneakers,2,41.76,0.0,0.0,83.52,83.52,Organic Search,Cash on Delivery,Returned
ORD004129,CUST00835,USA,2024-01-20 16:00:00,Sports,Yoga Mat,2,21.39,20.0,8.56,42.78,34.22,Direct,UPI,Completed
ORD004130,CUST00725,USA,2024-04-30 03:00:00,Beauty,Face Cream,1,37.97,5.0,1.9,37.97,36.07,Social Media,PayPal,Completed
ORD004131,CUST01261,India,2024-02-27 01:00:00,Beauty,Sunscreen,1,49.98,0.0,0.0,49.98,49.98,Social Media,Credit Card,Completed
ORD004132,CUST00669,India,2024-01-03 06:00:00,Electronics,Smartphone Case,2,72.42,20.0,28.97,144.84,115.87,Social Media,UPI,Completed
ORD004133,CUST00705,India,2024-09-25 00:00:00,Beauty,Sunscreen,1,53.54,20.0,10.71,53.54,42.83,Organic Search,Debit Card,Returned
ORD004134,CUST00840,UK,2024-02-20 06:00:00,Home & Kitchen,Blender,1,41.66,5.0,2.08,41.66,39.58,Social Media,Credit Card,Completed
ORD004135,CUST00425,India,2025-02-19 00:00:00,Books,Novel,1,11.61,0.0,0.0,11.61,11.61,Social Media,Credit Card,Completed
ORD004136,CUST00992,UK,2024-09-10 09:00:00,Clothing,Hoodie,2,48.47,0.0,0.0,96.94,96.94,Organic Search,Debit Card,Returned
ORD004137,CUST01244,Canada,2024-06-04 07:00:00,Home & Kitchen,Cutlery Set,3,85.29,5.0,12.79,255.87,243.08,Social Media,PayPal,Completed
ORD004138,CUST01262,Germany,2024-12-28 02:00:00,Clothing,Hoodie,1,14.57,0.0,0.0,14.57,14.57,Organic Search,PayPal,Completed
ORD004139,CUST01222,India,2024-04-25 20:00:00,Beauty,Lipstick,1,40.48,5.0,2.02,40.48,38.46,Organic Search,Debit Card,Completed
ORD004140,CUST01150,Canada,2024-06-12 05:00:00,Beauty,Shampoo,2,22.79,0.0,0.0,45.58,45.58,Social Media,Debit Card,Cancelled
ORD004141,CUST00547,India,2025-04-27 06:00:00,Electronics,USB-C Cable,1,63.8,5.0,3.19,63.8,60.61,Social Media,Cash on Delivery,Completed
ORD004142,CUST00420,Germany,2024-01-03 04:00:00,Sports,Running Shoes,1,48.62,5.0,2.43,48.62,46.19,Organic Search,Debit Card,Returned
ORD004143,CUST00629,India,2024-08-01 04:00:00,Electronics,Power Bank,1,17.46,20.0,3.49,17.46,13.97,Organic Search,Credit Card,Returned
ORD004144,CUST00603,India,2024-07-16 03:00:00,Beauty,Sunscreen,1,34.56,0.0,0.0,34.56,34.56,Organic Search,Cash on Delivery,Completed
ORD004145,CUST01109,UK,2024-07-26 08:00:00,Electronics,USB-C Cable,1,134.9,,13.49,134.9,121.41,Organic Search,Credit Card,Completed
ORD004146,CUST00909,India,2024-06-14 04:00:00,Home & Kitchen,Storage Box,1,13.87,0.0,0.0,13.87,13.87,Paid Ads,Cash on Delivery,Cancelled
ORD004147,CUST00080,India,2024-03-08 02:00:00,Clothing,T-Shirt,1,37.28,0.0,0.0,37.28,37.28,Paid Ads,Credit Card,Completed
ORD004148,CUST00939,India,2025-01-11 18:00:00,Electronics,Bluetooth Speaker,1,60.56,0.0,0.0,60.56,60.56,Social Media,Cash on Delivery,Completed
ORD004149,CUST00614,India,2024-05-25 15:00:00,Books,Comic,1,24.6,0.0,0.0,24.6,24.6,Organic Search,PayPal,Completed
ORD004150,CUST00238,India,2024-09-02 13:00:00,Books,Novel,1,12.29,0.0,0.0,12.29,12.29,Direct,UPI,Completed
ORD004151,CUST00331,USA,2024-06-22 21:00:00,Clothing,Hoodie,1,52.05,0.0,0.0,52.05,52.05,Social Media,PayPal,Completed
ORD004152,CUST01386,India,2024-09-15 17:00:00,Sports,Yoga Mat,1,40.55,0.0,0.0,40.55,40.55,Direct,Debit Card,Completed
ORD004153,CUST01413,India,2024-08-13 02:00:00,Toys,Board Game,1,39.93,0.0,0.0,39.93,39.93,Email,PayPal,Completed
ORD004154,CUST00823,India,2024-02-22 04:00:00,Beauty,Shampoo,1,16.08,0.0,0.0,16.08,16.08,Organic Search,PayPal,Completed
ORD004155,CUST00810,India,2024-01-04 15:00:00,Beauty,Face Cream,3,56.76,5.0,8.51,170.28,161.77,Social Media,Debit Card,Completed
ORD004156,CUST00518,Germany,2024-07-20 14:00:00,Electronics,Smartphone Case,3,116.36,0.0,0.0,349.08,349.08,Direct,Credit Card,Completed
ORD004157,CUST00199,Canada,2025-02-10 15:00:00,Electronics,Power Bank,2,106.9,0.0,0.0,213.8,213.8,Organic Search,Credit Card,Completed
ORD004158,CUST00829,Germany,2025-01-11 10:00:00,Clothing,Jacket,3,22.4,0.0,0.0,67.2,67.2,Paid Ads,Debit Card,Completed
ORD004159,CUST01078,UK,2024-07-19 21:00:00,Toys,RC Car,4,45.58,0.0,0.0,182.32,182.32,Email,Cash on Delivery,Completed
ORD004160,CUST00247,USA,2024-03-29 00:00:00,Clothing,T-Shirt,1,19.08,0.0,0.0,19.08,19.08,Social Media,Credit Card,Completed
ORD004161,CUST00756,Germany,2025-03-09 06:00:00,Books,Novel,1,17.42,0.0,0.0,17.42,17.42,Email,Credit Card,Returned
ORD004162,CUST00914,USA,2024-09-21 07:00:00,Sports,Yoga Mat,1,8.95,0.0,0.0,8.95,8.95,Email,Credit Card,Completed
ORD004163,CUST00058,India,2024-12-14 12:00:00,Beauty,Face Cream,1,33.99,0.0,0.0,33.99,33.99,Email,UPI,Cancelled
ORD004164,CUST00663,UK,2024-10-12 22:00:00,Electronics,Power Bank,1,36.43,10.0,3.64,36.43,32.79,Social Media,Cash on Delivery,Completed
ORD004165,CUST00043,India,2025-04-02 06:00:00,Toys,Board Game,2,20.94,0.0,0.0,41.88,41.88,Paid Ads,Credit Card,Completed
ORD004166,CUST00516,India,2024-08-01 07:00:00,Electronics,Wireless Earbuds,1,28.29,0.0,0.0,28.29,28.29,Organic Search,UPI,Completed
ORD004167,CUST00322,UK,2025-04-14 16:00:00,Electronics,Smartphone Case,4,18.92,0.0,0.0,75.68,75.68,Organic Search,Cash on Delivery,Completed
ORD004168,CUST00428,Canada,2024-07-18 19:00:00,Toys,RC Car,1,29.34,0.0,0.0,29.34,29.34,Organic Search,PayPal,Completed
ORD004169,CUST00917,India,2024-08-20 00:00:00,Home & Kitchen,Storage Box,1,29.53,5.0,1.48,29.53,28.05,Organic Search,Credit Card,Completed
ORD004170,CUST00446,Australia,2024-10-02 17:00:00,Home & Kitchen,Cutlery Set,1,34.06,0.0,0.0,34.06,34.06,Organic Search,UPI,Completed
ORD004171,CUST01278,Australia,2024-08-05 12:00:00,Electronics,Wireless Earbuds,1,66.15,0.0,0.0,66.15,66.15,Email,Debit Card,Completed
ORD004172,CUST01048,India,2025-04-06 12:00:00,Electronics,Bluetooth Speaker,1,127.82,0.0,0.0,127.82,127.82,Email,Cash on Delivery,Completed
ORD004173,CUST00078,India,2025-01-09 10:00:00,Home & Kitchen,Coffee Maker,1,36.76,0.0,0.0,36.76,36.76,Paid Ads,Debit Card,Completed
ORD004174,CUST01413,India,2024-12-19 14:00:00,Toys,Puzzle,1,27.24,0.0,0.0,27.24,27.24,Email,Debit Card,Completed
ORD004175,CUST00620,Germany,2024-01-19 08:00:00,Books,Biography,1,23.82,0.0,0.0,23.82,23.82,Paid Ads,UPI,Completed
ORD004176,CUST00009,UK,2025-03-27 21:00:00,Electronics,Wireless Earbuds,1,82.06,0.0,0.0,82.06,82.06,Organic Search,Debit Card,Completed
ORD004177,CUST00864,USA,2024-05-10 03:00:00,Sports,Running Shoes,3,36.68,0.0,0.0,110.04,110.04,Paid Ads,Debit Card,Completed
ORD004178,CUST01188,India,2024-04-15 02:00:00,Sports,Water Bottle,1,23.18,0.0,0.0,23.18,23.18,Social Media,Credit Card,Completed
ORD004179,CUST01489,USA,2025-04-14 13:00:00,Books,Cookbook,4,28.56,10.0,11.42,114.24,102.82,Social Media,UPI,Completed
ORD004180,CUST00836,USA,2024-05-18 19:00:00,Clothing,Jeans,1,13.72,0.0,0.0,13.72,13.72,Social Media,PayPal,Completed
ORD004181,CUST00773,India,2024-05-11 07:00:00,Electronics,Wireless Earbuds,4,80.13,0.0,0.0,320.52,320.52,Email,Debit Card,Completed
ORD004182,CUST00846,USA,2024-02-23 22:00:00,Beauty,Lipstick,2,17.79,5.0,1.78,35.58,33.8,Email,UPI,Completed
ORD004183,CUST00460,India,2024-02-10 00:00:00,Books,Novel,1,8.1,0.0,0.0,8.1,8.1,Paid Ads,Debit Card,Completed
ORD004184,CUST01395,India,2024-12-09 18:00:00,Home & Kitchen,Storage Box,1,37.12,0.0,0.0,37.12,37.12,Organic Search,UPI,Completed
ORD004185,CUST00409,Canada,2024-07-15 18:00:00,Clothing,Jacket,1,31.42,5.0,1.57,31.42,29.85,Organic Search,PayPal,Completed
ORD004186,CUST00360,USA,2024-07-11 17:00:00,Electronics,Power Bank,1,118.1,0.0,0.0,118.1,118.1,Organic Search,PayPal,Completed
ORD004187,CUST00729,India,2024-08-25 03:00:00,Clothing,Jeans,1,30.82,5.0,1.54,30.82,29.28,Paid Ads,Credit Card,Completed
ORD004188,CUST00537,Canada,2024-01-17 22:00:00,Sports,Dumbbells,1,39.48,0.0,0.0,39.48,39.48,Social Media,Credit Card,Cancelled
ORD004189,CUST00403,USA,2025-03-19 09:00:00,Clothing,Jeans,1,68.23,0.0,0.0,68.23,68.23,Organic Search,PayPal,Completed
ORD004190,CUST01076,USA,2024-11-26 07:00:00,Clothing,Sneakers,1,47.34,5.0,2.37,47.34,44.97,Email,PayPal,Completed
ORD004191,CUST01086,USA,2024-08-19 13:00:00,Home & Kitchen,Coffee Maker,1,71.39,0.0,0.0,71.39,71.39,Paid Ads,Cash on Delivery,Completed
ORD004192,CUST00447,Australia,2025-02-08 06:00:00,Beauty,Perfume,2,5.38,5.0,0.54,10.76,10.22,Direct,PayPal,Completed
ORD004193,CUST00105,Canada,2025-03-03 12:00:00,Books,Novel,1,11.18,0.0,0.0,11.18,11.18,Paid Ads,UPI,Completed
ORD004194,CUST00934,USA,2024-07-22 08:00:00,Clothing,T-Shirt,2,31.95,5.0,3.2,63.9,60.7,Paid Ads,Cash on Delivery,Completed
ORD004195,CUST01125,UK,2024-04-27 19:00:00,Sports,Yoga Mat,1,16.49,0.0,0.0,16.49,16.49,Direct,Debit Card,Completed
ORD004196,CUST01019,Canada,2024-07-22 18:00:00,Sports,Yoga Mat,1,45.43,5.0,2.27,45.43,43.16,Social Media,Debit Card,Returned
ORD004197,CUST00675,USA,2025-02-24 20:00:00,Beauty,Sunscreen,1,24.02,10.0,2.4,24.02,21.62,Paid Ads,Debit Card,Completed
ORD004198,CUST00821,Germany,2024-10-18 18:00:00,Home & Kitchen,Blender,1,93.54,0.0,0.0,93.54,93.54,Organic Search,UPI,Cancelled
ORD004199,CUST00818,USA,2024-10-30 06:00:00,Electronics,USB-C Cable,1,91.73,0.0,0.0,91.73,91.73,Paid Ads,PayPal,Completed
ORD004200,CUST00515,India,2024-04-15 03:00:00,Home & Kitchen,Cutlery Set,1,95.33,0.0,0.0,95.33,95.33,Social Media,Credit Card,Completed
ORD004201,CUST01478,Germany,2024-01-16 20:00:00,Clothing,Jacket,1,61.29,0.0,0.0,61.29,61.29,Organic Search,Cash on Delivery,Cancelled
ORD004202,CUST00928,USA,2024-02-12 07:00:00,Clothing,Jeans,1,29.23,5.0,1.46,29.23,27.77,Paid Ads,PayPal,Completed
ORD004203,CUST01140,USA,2025-02-25 02:00:00,Books,Biography,1,18.7,0.0,0.0,18.7,18.7,Organic Search,UPI,Completed
ORD004204,CUST01382,USA,2024-03-28 05:00:00,Books,Novel,2,12.66,0.0,0.0,25.32,25.32,Paid Ads,Debit Card,Completed
ORD004205,CUST01352,USA,2025-03-28 08:00:00,Electronics,Smartphone Case,3,86.38,0.0,0.0,259.14,259.14,Social Media,Cash on Delivery,Completed
ORD004206,CUST01129,USA,2025-01-22 11:00:00,Books,Comic,1,23.81,0.0,0.0,23.81,23.81,Paid Ads,UPI,Completed
ORD004207,CUST00981,India,2024-08-27 21:00:00,Books,Novel,2,27.67,0.0,0.0,55.34,55.34,Email,Debit Card,Completed
ORD004208,CUST00727,India,2024-01-21 13:00:00,Electronics,USB-C Cable,1,113.17,5.0,5.66,113.17,107.51,Email,PayPal,Completed
ORD004209,CUST00773,India,2025-02-20 10:00:00,Electronics,Bluetooth Speaker,2,76.81,0.0,0.0,153.62,153.62,Organic Search,PayPal,Completed
ORD004210,CUST01289,India,2025-03-11 03:00:00,Books,Self-Help Book,3,21.45,0.0,0.0,64.35,64.35,Direct,UPI,Completed
ORD004211,CUST01389,Australia,2024-11-02 03:00:00,Clothing,Jeans,1,67.71,0.0,0.0,67.71,67.71,Organic Search,Credit Card,Completed
ORD004212,CUST00151,Canada,2024-01-24 11:00:00,Home & Kitchen,Bed Sheets,1,40.86,0.0,0.0,40.86,40.86,Organic Search,Credit Card,Completed
ORD004213,CUST00772,Canada,2024-03-08 20:00:00,Home & Kitchen,Cutlery Set,1,75.11,0.0,0.0,75.11,75.11,Organic Search,Credit Card,Completed
ORD004214,CUST00854,Canada,2024-02-03 03:00:00,Home & Kitchen,Storage Box,1,95.91,0.0,0.0,95.91,95.91,Social Media,Debit Card,Completed
ORD004215,CUST01148,UK,2024-02-07 03:00:00,Beauty,Lipstick,1,46.57,10.0,4.66,46.57,41.91,Email,Cash on Delivery,Completed
ORD004216,CUST00267,UK,2025-04-15 17:00:00,Electronics,Wireless Earbuds,1,138.99,0.0,0.0,138.99,138.99,Organic Search,Cash on Delivery,Completed
ORD004217,CUST01111,Germany,2024-04-08 19:00:00,Home & Kitchen,Cutlery Set,1,99.59,0.0,0.0,99.59,99.59,Organic Search,UPI,Completed
ORD004218,CUST00995,USA,2024-02-03 12:00:00,Home & Kitchen,Blender,2,74.17,0.0,0.0,148.34,148.34,Direct,Debit Card,Completed
ORD004219,CUST00084,India,2025-01-14 21:00:00,Clothing,Hoodie,1,30.23,5.0,1.51,30.23,28.72,Social Media,UPI,Completed
ORD004220,CUST00343,India,2025-01-19 01:00:00,Electronics,Power Bank,2,52.97,0.0,0.0,105.94,105.94,Organic Search,UPI,Cancelled
ORD004221,CUST00679,Australia,2025-04-10 00:00:00,Toys,Building Blocks,1,35.35,0.0,0.0,35.35,35.35,Paid Ads,Credit Card,Completed
ORD004222,CUST00614,India,2024-06-02 16:00:00,Home & Kitchen,Blender,1,40.25,0.0,0.0,40.25,40.25,Paid Ads,PayPal,Completed
ORD004223,CUST00325,Australia,2024-08-29 08:00:00,Clothing,T-Shirt,1,43.78,0.0,0.0,43.78,43.78,Paid Ads,UPI,Completed
ORD004224,CUST00780,UK,2024-02-09 10:00:00,Books,Novel,1,16.02,0.0,0.0,16.02,16.02,Organic Search,Cash on Delivery,Completed
ORD004225,CUST01018,USA,2025-02-06 08:00:00,Home & Kitchen,Bed Sheets,1,36.02,0.0,0.0,36.02,36.02,Organic Search,Credit Card,Completed
ORD004226,CUST00683,India,2024-04-13 05:00:00,Home & Kitchen,Bed Sheets,1,87.93,0.0,0.0,87.93,87.93,Direct,PayPal,Completed
ORD004227,CUST01112,India,2024-05-07 17:00:00,Sports,Resistance Bands,1,10.47,5.0,0.52,10.47,9.95,Paid Ads,Debit Card,Completed
ORD004228,CUST00136,India,2024-12-07 11:00:00,Home & Kitchen,Bed Sheets,3,72.02,0.0,0.0,216.06,216.06,Paid Ads,Debit Card,Completed
ORD004229,CUST00658,USA,2024-08-25 11:00:00,Toys,RC Car,1,34.74,5.0,1.74,34.74,33.0,Social Media,UPI,Completed
ORD004230,CUST00014,India,2024-01-12 04:00:00,Clothing,Hoodie,1,43.19,0.0,0.0,43.19,43.19,Email,Cash on Delivery,Completed
ORD004231,CUST01224,Australia,2025-04-11 16:00:00,Electronics,Wireless Earbuds,1,88.02,0.0,0.0,88.02,88.02,Social Media,Cash on Delivery,Completed
ORD004232,CUST00981,India,2024-12-17 13:00:00,Home & Kitchen,Blender,1,54.05,5.0,2.7,54.05,51.35,Paid Ads,UPI,Completed
ORD004233,CUST01175,UK,2024-09-19 04:00:00,Clothing,Hoodie,1,42.2,0.0,0.0,42.2,42.2,Organic Search,UPI,Returned
ORD004234,CUST01412,India,2024-04-07 08:00:00,Clothing,Jacket,1,43.94,0.0,0.0,43.94,43.94,Paid Ads,Debit Card,Completed
ORD004235,CUST00166,Canada,2024-01-18 02:00:00,Home & Kitchen,Cutlery Set,1,19.22,0.0,0.0,19.22,19.22,Organic Search,Credit Card,Completed
ORD004236,CUST01344,Germany,2024-11-17 19:00:00,Books,Biography,1,27.37,0.0,0.0,27.37,27.37,Organic Search,PayPal,Cancelled
ORD004237,CUST01093,UK,2024-05-28 06:00:00,Electronics,Power Bank,1,53.52,0.0,0.0,53.52,53.52,Social Media,PayPal,Completed
ORD004238,CUST00199,Canada,2025-03-26 15:00:00,Sports,Water Bottle,1,86.87,20.0,17.37,86.87,69.5,Organic Search,Debit Card,Completed
ORD004239,CUST00283,USA,2025-04-15 19:00:00,Clothing,Sneakers,1,61.11,0.0,0.0,61.11,61.11,Social Media,Credit Card,Cancelled
ORD004240,CUST00509,Australia,2024-03-20 09:00:00,Electronics,Power Bank,1,126.07,0.0,0.0,126.07,126.07,Social Media,Cash on Delivery,Completed
ORD004241,CUST00300,India,2024-12-16 09:00:00,Books,Cookbook,1,6.48,15.0,0.97,6.48,5.51,Paid Ads,Cash on Delivery,Completed
ORD004242,CUST00756,Germany,2024-12-28 05:00:00,Home & Kitchen,Blender,1,13.45,0.0,0.0,13.45,13.45,Organic Search,Cash on Delivery,Completed
ORD004243,CUST00483,USA,2024-05-09 11:00:00,Clothing,Jacket,3,35.66,10.0,10.7,106.98,96.28,Paid Ads,Debit Card,Completed
ORD004244,CUST00469,India,2024-10-28 14:00:00,Sports,Yoga Mat,1,45.14,0.0,0.0,45.14,45.14,Organic Search,Debit Card,Cancelled
ORD004245,CUST00657,India,2025-02-21 02:00:00,Clothing,T-Shirt,2,17.14,0.0,0.0,34.28,34.28,Direct,UPI,Completed
ORD004246,CUST00080,India,2025-03-02 22:00:00,Electronics,Smartphone Case,1,146.81,0.0,0.0,146.81,146.81,Paid Ads,Debit Card,Completed
ORD004247,CUST00527,USA,2025-01-23 18:00:00,Books,Comic,1,27.85,20.0,5.57,27.85,22.28,Email,Cash on Delivery,Completed
ORD004248,CUST00051,Australia,2024-11-01 05:00:00,Toys,Building Blocks,1,9.66,0.0,0.0,9.66,9.66,Paid Ads,Cash on Delivery,Completed
ORD004249,CUST01215,UK,2024-08-06 16:00:00,Electronics,Power Bank,1,18.04,0.0,0.0,18.04,18.04,Paid Ads,UPI,Completed
ORD004250,CUST00216,India,2024-03-17 22:00:00,Clothing,Hoodie,1,79.9,0.0,0.0,79.9,79.9,Social Media,PayPal,Completed
ORD004251,CUST01031,India,2024-11-18 12:00:00,Electronics,Power Bank,4,19.57,5.0,3.91,78.28,74.37,Organic Search,Cash on Delivery,Completed
ORD004252,CUST00289,India,2024-04-03 03:00:00,Sports,Dumbbells,1,26.47,10.0,2.65,26.47,23.82,Email,Cash on Delivery,Completed
ORD004253,CUST01005,Germany,2025-03-19 13:00:00,Home & Kitchen,Coffee Maker,1,20.03,0.0,0.0,20.03,20.03,Social Media,Debit Card,Completed
ORD004254,CUST00854,Canada,2024-02-07 16:00:00,Electronics,Power Bank,1,127.18,0.0,0.0,127.18,127.18,Organic Search,Cash on Delivery,Returned
ORD004255,CUST01230,USA,2024-05-20 05:00:00,Clothing,Jacket,3,18.49,0.0,0.0,55.47,55.47,Direct,UPI,Completed
ORD004256,CUST01229,Australia,2024-06-09 17:00:00,Home & Kitchen,Blender,1,55.12,0.0,0.0,55.12,55.12,Organic Search,UPI,Completed
ORD004257,CUST01351,Canada,2025-01-15 07:00:00,Books,Self-Help Book,1,8.62,0.0,0.0,8.62,8.62,Organic Search,Credit Card,Completed
ORD004258,CUST00264,USA,2024-09-26 01:00:00,Beauty,Sunscreen,1,16.08,0.0,0.0,16.08,16.08,Direct,Debit Card,Completed
ORD004259,CUST00859,USA,2024-03-03 05:00:00,Books,Comic,1,9.81,0.0,0.0,9.81,9.81,Organic Search,PayPal,Completed
ORD004260,CUST00714,USA,2024-12-20 15:00:00,Toys,RC Car,1,13.48,10.0,1.35,13.48,12.13,Social Media,Debit Card,Completed
ORD004261,CUST00122,Canada,2024-12-03 20:00:00,Electronics,Smartphone Case,1,67.41,10.0,6.74,67.41,60.67,Social Media,Debit Card,Completed
ORD004262,CUST00996,India,2025-03-15 08:00:00,Beauty,Perfume,3,25.03,0.0,0.0,75.09,75.09,Paid Ads,Debit Card,Completed
ORD004263,CUST00962,UK,2024-09-03 08:00:00,Electronics,Bluetooth Speaker,2,141.16,0.0,0.0,282.32,282.32,Social Media,UPI,Completed
ORD004264,CUST01362,India,2024-12-02 19:00:00,Clothing,T-Shirt,1,55.67,5.0,2.78,55.67,52.89,Paid Ads,Debit Card,Completed
ORD004265,CUST00403,USA,2025-04-30 01:00:00,Toys,RC Car,2,24.17,5.0,2.42,48.34,45.92,Social Media,Credit Card,Completed
ORD004266,CUST00991,Germany,2024-01-18 17:00:00,Electronics,Power Bank,4,135.21,5.0,27.04,540.84,513.8,Organic Search,Credit Card,Completed
ORD004267,CUST00999,Australia,2024-09-04 14:00:00,Electronics,USB-C Cable,1,113.67,0.0,0.0,113.67,113.67,Direct,Cash on Delivery,Cancelled
ORD004268,CUST01411,India,2025-01-27 14:00:00,Electronics,Wireless Earbuds,2,74.13,0.0,0.0,148.26,148.26,Social Media,PayPal,Completed
ORD004269,CUST01137,Canada,2024-07-24 07:00:00,Home & Kitchen,Bed Sheets,2,69.26,0.0,0.0,138.52,138.52,Organic Search,UPI,Returned
ORD004270,CUST00570,India,2024-09-17 14:00:00,Clothing,Sneakers,4,20.69,0.0,0.0,82.76,82.76,Social Media,UPI,Completed
ORD004271,CUST00567,USA,2024-10-10 03:00:00,Home & Kitchen,Blender,1,78.07,0.0,0.0,78.07,78.07,Organic Search,Credit Card,Cancelled
ORD004272,CUST00520,India,2024-10-30 18:00:00,Electronics,Wireless Earbuds,1,87.63,0.0,0.0,87.63,87.63,Organic Search,PayPal,Completed
ORD004273,CUST00058,India,2024-09-07 09:00:00,Sports,Yoga Mat,1,79.71,5.0,3.99,79.71,75.72,Paid Ads,Credit Card,Completed
ORD004274,CUST00285,USA,2025-03-12 15:00:00,Toys,RC Car,1,11.06,15.0,1.66,11.06,9.4,Paid Ads,PayPal,Completed
ORD004275,CUST01222,India,2024-12-24 03:00:00,Clothing,Hoodie,1,74.58,0.0,0.0,74.58,74.58,Paid Ads,UPI,Completed
ORD004276,CUST00276,USA,2024-12-28 00:00:00,Sports,Running Shoes,1,68.03,0.0,0.0,68.03,68.03,Organic Search,UPI,Completed
ORD004277,CUST00597,UK,2024-08-22 19:00:00,Home & Kitchen,Blender,1,88.28,0.0,0.0,88.28,88.28,Social Media,PayPal,Completed
ORD004278,CUST00422,Germany,2024-05-04 12:00:00,Books,Novel,1,17.07,10.0,1.71,17.07,15.36,Organic Search,Debit Card,Completed
ORD004279,CUST00904,USA,2024-05-13 08:00:00,Toys,Puzzle,2,42.4,0.0,0.0,84.8,84.8,Paid Ads,Cash on Delivery,Completed
ORD004280,CUST00905,USA,2024-03-12 06:00:00,Electronics,Smartphone Case,1,131.88,0.0,0.0,131.88,131.88,Email,UPI,Completed
ORD004281,CUST00863,USA,2024-04-19 10:00:00,Books,Cookbook,2,26.58,0.0,0.0,53.16,53.16,Paid Ads,Credit Card,Completed
ORD004282,CUST01029,India,2024-10-30 11:00:00,Books,Cookbook,1,6.65,0.0,0.0,6.65,6.65,Paid Ads,UPI,Completed
ORD004283,CUST01349,Australia,2024-04-13 04:00:00,Electronics,USB-C Cable,1,30.19,0.0,0.0,30.19,30.19,Organic Search,Cash on Delivery,Completed
ORD004284,CUST01437,India,2024-01-31 06:00:00,Electronics,Power Bank,1,69.45,0.0,0.0,69.45,69.45,Organic Search,Debit Card,Completed
ORD004285,CUST00299,UK,2024-10-01 13:00:00,Toys,Puzzle,1,38.29,20.0,7.66,38.29,30.63,Social Media,Credit Card,Completed
ORD004286,CUST00711,Germany,2024-02-18 20:00:00,Clothing,Jeans,1,33.84,0.0,0.0,33.84,33.84,Organic Search,Debit Card,Completed
ORD004287,CUST00645,India,2025-03-14 02:00:00,Electronics,Smartphone Case,2,36.36,0.0,0.0,72.72,72.72,Paid Ads,Cash on Delivery,Completed
ORD004288,CUST00390,Germany,2024-09-13 19:00:00,Clothing,Jeans,1,19.2,0.0,0.0,19.2,19.2,Paid Ads,Cash on Delivery,Completed
ORD004289,CUST00487,India,2025-01-08 19:00:00,Sports,Running Shoes,1,20.39,0.0,0.0,20.39,20.39,Organic Search,PayPal,Cancelled
ORD004290,CUST00289,India,2024-06-12 18:00:00,Toys,Board Game,1,47.92,15.0,7.19,47.92,40.73,Paid Ads,Debit Card,Completed
ORD004291,CUST00596,USA,2025-04-13 02:00:00,Home & Kitchen,Cutlery Set,2,59.04,20.0,23.62,118.08,94.46,Direct,UPI,Completed
ORD004292,CUST00570,India,2024-12-03 10:00:00,Clothing,T-Shirt,4,27.49,0.0,0.0,109.96,109.96,Paid Ads,Debit Card,Completed
ORD004293,CUST00118,India,2024-02-27 03:00:00,Electronics,Bluetooth Speaker,1,74.64,0.0,0.0,74.64,74.64,Organic Search,Cash on Delivery,Completed
ORD004294,CUST00475,USA,2024-09-18 09:00:00,Toys,Action Figure,1,16.83,0.0,0.0,16.83,16.83,Organic Search,Debit Card,Completed
ORD004295,CUST00749,Canada,2024-08-19 18:00:00,Home & Kitchen,Bed Sheets,1,20.76,5.0,1.04,20.76,19.72,Organic Search,Credit Card,Completed
ORD004296,CUST01349,Australia,2025-02-16 19:00:00,Beauty,Shampoo,2,42.64,0.0,0.0,85.28,85.28,Paid Ads,PayPal,Completed
ORD004297,CUST01441,Australia,2024-01-20 22:00:00,Sports,Yoga Mat,1,12.6,0.0,0.0,12.6,12.6,Organic Search,UPI,Completed
ORD004298,CUST00698,USA,2024-07-03 02:00:00,Books,Self-Help Book,2,18.17,0.0,0.0,36.34,36.34,Organic Search,Debit Card,Completed
ORD004299,CUST01184,Australia,2025-05-10 00:00:00,Electronics,USB-C Cable,1,57.6,0.0,0.0,57.6,57.6,Organic Search,UPI,Completed
ORD004300,CUST00846,USA,2025-04-12 15:00:00,Toys,Board Game,1,20.09,20.0,4.02,20.09,16.07,Organic Search,PayPal,Completed
ORD004301,CUST01069,USA,2024-02-08 22:00:00,Clothing,T-Shirt,1,77.09,0.0,0.0,77.09,77.09,Paid Ads,UPI,Returned
ORD004302,CUST00441,India,2024-05-29 10:00:00,Home & Kitchen,Coffee Maker,1,97.35,0.0,0.0,97.35,97.35,Organic Search,Debit Card,Completed
ORD004303,CUST01419,USA,2024-06-16 16:00:00,Electronics,Bluetooth Speaker,1,98.49,0.0,0.0,98.49,98.49,Paid Ads,UPI,Completed
ORD004304,CUST00269,USA,2024-04-25 17:00:00,Electronics,Smartphone Case,3,61.55,0.0,0.0,184.65,184.65,Social Media,Cash on Delivery,Completed
ORD004305,CUST00861,Germany,2025-02-04 18:00:00,Toys,RC Car,1,25.69,0.0,0.0,25.69,25.69,Direct,PayPal,Completed
ORD004306,CUST01470,Germany,2024-07-23 22:00:00,Toys,Building Blocks,4,38.72,15.0,23.23,154.88,131.65,Direct,PayPal,Completed
ORD004307,CUST00681,Germany,2024-10-12 12:00:00,Beauty,Perfume,1,39.65,0.0,0.0,39.65,39.65,Organic Search,PayPal,Completed
ORD004308,CUST01402,India,2024-03-15 13:00:00,Home & Kitchen,Cutlery Set,4,32.27,5.0,6.45,129.08,122.63,Social Media,Cash on Delivery,Completed
ORD004309,CUST00840,United Kingdom,2025-03-02 14:00:00,Beauty,Shampoo,1,49.78,0.0,0.0,49.78,49.78,Email,Cash on Delivery,Completed
ORD004310,CUST00009,UK,2025-01-19 22:00:00,Clothing,T-Shirt,1,77.56,0.0,0.0,77.56,77.56,Organic Search,PayPal,Returned
ORD004311,CUST01354,Germany,2024-02-18 01:00:00,Home & Kitchen,Cutlery Set,1,29.48,0.0,0.0,29.48,29.48,Organic Search,Credit Card,Cancelled
ORD004312,CUST01017,India,2024-10-11 19:00:00,Home & Kitchen,Coffee Maker,2,53.51,10.0,10.7,107.02,96.32,Organic Search,Debit Card,Completed
ORD004313,CUST01486,USA,2024-04-26 01:00:00,Clothing,Jacket,1,47.84,5.0,2.39,47.84,45.45,Email,Debit Card,Completed
ORD004314,CUST00201,UK,2025-04-22 21:00:00,Sports,Yoga Mat,1,74.95,0.0,0.0,74.95,74.95,Social Media,PayPal,Completed
ORD004315,CUST00864,USA,2025-01-03 20:00:00,Beauty,Sunscreen,2,56.26,0.0,0.0,112.52,112.52,Social Media,Cash on Delivery,Completed
ORD004316,CUST00788,USA,2024-08-06 08:00:00,Sports,Dumbbells,1,76.97,0.0,0.0,76.97,76.97,Paid Ads,Debit Card,Completed
ORD004317,CUST00224,USA,2024-09-02 05:00:00,Clothing,Jeans,2,50.24,5.0,5.02,100.48,95.46,Email,UPI,Completed
ORD004318,CUST01229,Australia,2024-12-13 09:00:00,Home & Kitchen,Cutlery Set,1,91.42,0.0,0.0,91.42,91.42,Organic Search,UPI,Completed
ORD004319,CUST01206,Germany,2024-08-27 03:00:00,Home & Kitchen,Coffee Maker,2,27.35,0.0,0.0,54.7,54.7,Social Media,UPI,Completed
ORD004320,CUST01335,Australia,2024-06-27 06:00:00,Home & Kitchen,Cutlery Set,3,81.36,20.0,48.82,244.08,195.26,Organic Search,Debit Card,Completed
ORD004321,CUST01435,India,2024-04-20 13:00:00,Beauty,Perfume,1,56.89,15.0,8.53,56.89,48.36,Email,Debit Card,Completed
ORD004322,CUST00846,USA,2024-07-06 11:00:00,Electronics,Bluetooth Speaker,1,121.52,0.0,0.0,121.52,121.52,Social Media,Cash on Delivery,Cancelled
ORD004323,CUST01068,India,2025-02-28 09:00:00,Clothing,Hoodie,1,16.12,0.0,0.0,16.12,16.12,Organic Search,Credit Card,Completed
ORD004324,CUST00839,USA,2024-09-16 16:00:00,Home & Kitchen,Storage Box,2,25.28,0.0,0.0,50.56,50.56,Social Media,UPI,Completed
ORD004325,CUST00183,Australia,2024-12-16 13:00:00,Clothing,Jacket,2,13.09,0.0,0.0,26.18,26.18,Email,Debit Card,Completed
ORD004326,CUST00421,Germany,2024-08-04 12:00:00,Clothing,Hoodie,1,67.66,0.0,0.0,67.66,67.66,Social Media,Cash on Delivery,Completed
ORD004327,CUST00728,Germany,2024-11-22 16:00:00,Home & Kitchen,Coffee Maker,1,15.61,0.0,0.0,15.61,15.61,Organic Search,Cash on Delivery,Completed
ORD004328,CUST00088,UK,2024-04-26 13:00:00,Books,Cookbook,1,21.87,0.0,0.0,21.87,21.87,Direct,UPI,Cancelled
ORD004329,CUST01121,Canada,2024-11-22 19:00:00,Electronics,Wireless Earbuds,1,81.21,0.0,0.0,81.21,81.21,Email,Credit Card,Completed
ORD004330,CUST00659,UK,2024-10-02 07:00:00,Toys,Building Blocks,1,29.68,5.0,1.48,29.68,28.2,Email,Cash on Delivery,Completed
ORD004331,CUST00833,India,2025-01-19 04:00:00,Books,Novel,1,28.18,0.0,0.0,28.18,28.18,Paid Ads,Credit Card,Completed
ORD004332,CUST01339,India,2024-12-16 09:00:00,Sports,Water Bottle,1,78.53,0.0,0.0,78.53,78.53,Social Media,PayPal,Completed
ORD004333,CUST00967,UK,2024-07-31 04:00:00,Home & Kitchen,Blender,2,14.61,0.0,0.0,29.22,29.22,Organic Search,Credit Card,Completed
ORD004334,CUST01080,Australia,2024-11-22 11:00:00,Clothing,Jacket,1,40.44,0.0,0.0,40.44,40.44,Email,Cash on Delivery,Returned
ORD004335,CUST00755,India,2024-03-28 19:00:00,Electronics,Wireless Earbuds,1,148.63,10.0,14.86,148.63,133.77,Organic Search,PayPal,Returned
ORD004336,CUST00466,USA,2024-11-23 00:00:00,Books,Comic,1,20.99,0.0,0.0,20.99,20.99,Paid Ads,Debit Card,Completed
ORD004337,CUST00924,Germany,2024-03-15 14:00:00,Beauty,Shampoo,1,14.59,15.0,2.19,14.59,12.4,Social Media,Credit Card,Completed
ORD004338,CUST00591,India,2024-08-24 12:00:00,Beauty,Lipstick,1,33.04,0.0,0.0,33.04,33.04,Social Media,Debit Card,Completed
ORD004339,CUST00596,USA,2024-12-11 03:00:00,Books,Cookbook,1,14.51,0.0,0.0,14.51,14.51,Email,PayPal,Completed
ORD004340,CUST00698,USA,2024-09-09 01:00:00,Electronics,Power Bank,1,23.98,0.0,0.0,23.98,23.98,Social Media,UPI,Completed
ORD004341,CUST00173,USA,2024-08-04 09:00:00,Toys,Board Game,1,47.0,5.0,2.35,47.0,44.65,Social Media,Credit Card,Completed
ORD004342,CUST00305,Germany,2025-02-01 15:00:00,Books,Self-Help Book,2,6.6,0.0,0.0,13.2,13.2,Organic Search,Credit Card,Completed
ORD004343,CUST01442,India,2024-09-01 06:00:00,Electronics,USB-C Cable,1,56.85,0.0,0.0,56.85,56.85,Organic Search,UPI,Completed
ORD004344,CUST01420,Australia,2024-08-20 10:00:00,Home & Kitchen,Storage Box,1,34.01,5.0,1.7,34.01,32.31,Paid Ads,Cash on Delivery,Completed
ORD004345,CUST00640,USA,2024-09-09 10:00:00,Beauty,Perfume,1,38.61,5.0,1.93,38.61,36.68,Email,Debit Card,Completed
ORD004346,CUST01223,USA,2024-11-27 12:00:00,Sports,Resistance Bands,1,20.34,5.0,1.02,20.34,19.32,Social Media,PayPal,Completed
ORD004347,CUST00415,UK,2025-02-23 19:00:00,Toys,Puzzle,3,36.22,20.0,21.73,108.66,86.93,Organic Search,PayPal,Completed
ORD004348,CUST00373,India,2024-03-16 06:00:00,Sports,Yoga Mat,1,65.71,0.0,0.0,65.71,65.71,Direct,Debit Card,Completed
ORD004349,CUST00556,USA,2025-03-03 13:00:00,Clothing,Jeans,1,49.03,20.0,9.81,49.03,39.22,Organic Search,Debit Card,Completed
ORD004350,CUST01427,India,2025-01-07 09:00:00,Books,Self-Help Book,1,27.1,0.0,0.0,27.1,27.1,Social Media,Cash on Delivery,Completed
ORD004351,CUST00698,USA,2024-08-17 05:00:00,Electronics,Smartphone Case,1,30.41,0.0,0.0,30.41,30.41,Organic Search,PayPal,Completed
ORD004352,CUST01294,UK,2025-05-01 14:00:00,Clothing,Jacket,3,57.96,0.0,0.0,173.88,173.88,Social Media,Cash on Delivery,Completed
ORD004353,CUST01402,India,2024-02-17 08:00:00,Clothing,T-Shirt,1,74.2,20.0,14.84,74.2,59.36,Email,PayPal,Completed
ORD004354,CUST00422,Germany,2024-01-02 18:00:00,Electronics,Wireless Earbuds,1,34.56,0.0,0.0,34.56,34.56,Paid Ads,PayPal,Completed
ORD004355,CUST01184,Australia,2025-01-10 04:00:00,Home & Kitchen,Coffee Maker,1,47.81,0.0,0.0,47.81,47.81,Paid Ads,PayPal,Completed
ORD004356,CUST00685,Australia,2025-05-04 10:00:00,Home & Kitchen,Cutlery Set,4,70.37,0.0,0.0,281.48,281.48,Direct,Debit Card,Completed
ORD004357,CUST00172,India,2024-05-14 08:00:00,Clothing,Sneakers,1,18.56,5.0,0.93,18.56,17.63,Social Media,Cash on Delivery,Completed
ORD004358,CUST00770,Canada,2024-02-02 14:00:00,Books,Self-Help Book,2,25.54,0.0,0.0,51.08,51.08,Organic Search,PayPal,Completed
ORD004359,CUST00208,UK,2024-08-18 10:00:00,Sports,Running Shoes,2,10.65,20.0,4.26,21.3,17.04,Social Media,Debit Card,Completed
ORD004360,CUST00690,India,2025-04-18 08:00:00,Books,Novel,3,18.62,0.0,0.0,55.86,55.86,Paid Ads,Credit Card,Completed
ORD004361,CUST00370,India,2024-11-26 07:00:00,Home & Kitchen,Blender,1,98.87,0.0,0.0,98.87,98.87,Social Media,Credit Card,Completed
ORD004362,CUST01190,UK,2024-03-02 12:00:00,Electronics,Smartphone Case,3,115.54,0.0,0.0,346.62,346.62,Email,Debit Card,Completed
ORD004363,CUST01151,UK,2024-12-02 09:00:00,Beauty,Shampoo,1,52.21,15.0,7.83,52.21,44.38,Social Media,UPI,Completed
ORD004364,CUST00364,USA,2024-09-21 07:00:00,Clothing,Jeans,1,31.02,20.0,6.2,31.02,24.82,Organic Search,Cash on Delivery,Completed
ORD004365,CUST00597,UK,2024-04-23 03:00:00,Home & Kitchen,Bed Sheets,1,27.18,5.0,1.36,27.18,25.82,Paid Ads,Debit Card,Completed
ORD004366,CUST00490,Canada,2024-03-08 02:00:00,Electronics,Bluetooth Speaker,2,20.11,5.0,2.01,40.22,38.21,Paid Ads,PayPal,Completed
ORD004367,CUST00925,USA,2024-10-28 20:00:00,Sports,Resistance Bands,1,81.79,0.0,0.0,81.79,81.79,Email,UPI,Completed
ORD004368,CUST01222,India,2025-04-28 10:00:00,Toys,Building Blocks,1,45.36,5.0,2.27,45.36,43.09,Organic Search,Cash on Delivery,Completed
ORD004369,CUST01385,UK,2024-03-05 18:00:00,Electronics,Wireless Earbuds,1,125.35,5.0,6.27,125.35,119.08,Social Media,PayPal,Completed
ORD004370,CUST00004,USA,2024-11-19 06:00:00,Books,Cookbook,3,18.43,0.0,0.0,55.29,55.29,Social Media,PayPal,Completed
ORD004371,CUST00185,India,2024-01-15 04:00:00,Home & Kitchen,Bed Sheets,3,44.94,5.0,6.74,134.82,128.08,Social Media,Credit Card,Completed
ORD004372,CUST01435,India,2024-03-11 16:00:00,Sports,Dumbbells,1,18.17,0.0,0.0,18.17,18.17,Organic Search,UPI,Completed
ORD004373,CUST00558,India,2025-01-28 05:00:00,Sports,Running Shoes,1,65.28,0.0,0.0,65.28,65.28,Social Media,PayPal,Completed
ORD004374,CUST00376,India,2024-01-02 00:00:00,Sports,Resistance Bands,3,30.32,0.0,0.0,90.96,90.96,Paid Ads,Credit Card,Completed
ORD004375,CUST01333,India,2024-07-25 07:00:00,Electronics,Wireless Earbuds,1,69.27,5.0,3.46,69.27,65.81,Paid Ads,UPI,Completed
ORD004376,CUST00916,USA,2024-09-21 07:00:00,Sports,Dumbbells,1,49.36,0.0,0.0,49.36,49.36,Organic Search,UPI,Completed
ORD004377,CUST00267,UK,2024-07-16 06:00:00,Electronics,Smartphone Case,2,29.66,15.0,8.9,59.32,50.42,Direct,Credit Card,Completed
ORD004378,CUST00955,USA,2024-04-30 06:00:00,Home & Kitchen,Cutlery Set,3,28.16,0.0,0.0,84.48,84.48,Social Media,Debit Card,Completed
ORD004379,CUST01364,UK,2024-06-19 06:00:00,Home & Kitchen,Storage Box,2,49.07,0.0,0.0,98.14,98.14,Organic Search,Credit Card,Completed
ORD004380,CUST00173,USA,2025-03-28 12:00:00,Electronics,Wireless Earbuds,1,143.09,0.0,0.0,143.09,143.09,Direct,Cash on Delivery,Returned
ORD004381,CUST01359,India,2024-12-29 06:00:00,Home & Kitchen,Coffee Maker,1,85.59,5.0,4.28,85.59,81.31,Paid Ads,PayPal,Completed
ORD004382,CUST00130,USA,2024-09-26 03:00:00,Clothing,Sneakers,4,38.52,10.0,15.41,154.08,138.67,Organic Search,UPI,Returned
ORD004383,CUST00592,UK,2025-04-17 07:00:00,Books,Biography,2,27.82,0.0,0.0,55.64,55.64,Social Media,Debit Card,Completed
ORD004384,CUST00301,India,2024-12-13 17:00:00,Clothing,Sneakers,1,71.44,0.0,0.0,71.44,71.44,Organic Search,UPI,Completed
ORD004385,CUST01283,USA,2024-12-26 22:00:00,Home & Kitchen,Blender,1,20.22,0.0,0.0,20.22,20.22,Social Media,Cash on Delivery,Completed
ORD004386,CUST01179,Germany,2024-09-21 21:00:00,Beauty,Shampoo,1,27.0,0.0,0.0,27.0,27.0,Organic Search,UPI,Completed
ORD004387,CUST00784,India,2024-04-18 20:00:00,Sports,Dumbbells,1,79.53,0.0,0.0,79.53,79.53,Paid Ads,Cash on Delivery,Completed
ORD004388,CUST00213,UK,2025-04-07 14:00:00,Electronics,Bluetooth Speaker,1,80.09,0.0,0.0,80.09,80.09,Organic Search,UPI,Completed
ORD004389,CUST00424,USA,2024-08-16 04:00:00,Clothing,Jacket,1,18.52,0.0,0.0,18.52,18.52,Email,Debit Card,Completed
ORD004390,CUST00159,India,2024-08-22 19:00:00,Toys,Building Blocks,1,34.95,0.0,0.0,34.95,34.95,Organic Search,Cash on Delivery,Completed
ORD004391,CUST01167,Canada,2024-05-09 17:00:00,Beauty,Sunscreen,2,49.54,0.0,0.0,99.08,99.08,Email,Cash on Delivery,Completed
ORD004392,CUST01203,India,2024-10-16 05:00:00,Beauty,Lipstick,2,59.91,0.0,0.0,119.82,119.82,Paid Ads,PayPal,Completed
ORD004393,CUST00114,Germany,2024-12-01 15:00:00,Electronics,Bluetooth Speaker,1,71.44,0.0,0.0,71.44,71.44,Social Media,Debit Card,Completed
ORD004394,CUST01235,UK,2024-06-15 22:00:00,Sports,Yoga Mat,1,43.9,0.0,0.0,43.9,43.9,Social Media,UPI,Completed
ORD004395,CUST00758,USA,2025-02-21 21:00:00,Clothing,Jacket,2,39.16,5.0,3.92,78.32,74.4,Paid Ads,UPI,Completed
ORD004396,CUST00501,UK,2024-08-29 07:00:00,Electronics,Power Bank,1,54.92,5.0,2.75,54.92,52.17,Social Media,PayPal,Completed
ORD004397,CUST00774,USA,2025-04-09 15:00:00,Beauty,Lipstick,1,19.4,0.0,0.0,19.4,19.4,Paid Ads,Cash on Delivery,Returned
ORD004398,CUST00917,India,2024-11-25 14:00:00,Books,Biography,1,18.02,0.0,0.0,18.02,18.02,Social Media,Debit Card,Completed
ORD004399,CUST00073,India,2025-03-04 11:00:00,Electronics,Smartphone Case,1,112.64,5.0,5.63,112.64,107.01,Paid Ads,UPI,Completed
ORD004400,CUST01169,India,2025-01-12 12:00:00,Books,Comic,2,26.22,10.0,5.24,52.44,47.2,Social Media,Debit Card,Completed
ORD004401,CUST00043,India,2024-02-19 14:00:00,Sports,Running Shoes,1,89.43,5.0,4.47,89.43,84.96,Paid Ads,Cash on Delivery,Completed
ORD004402,CUST00491,USA,2024-06-06 12:00:00,Electronics,Bluetooth Speaker,1,78.84,0.0,0.0,78.84,78.84,Direct,Credit Card,Completed
ORD004403,CUST00612,Germany,2024-02-09 14:00:00,Clothing,Jeans,4,14.86,0.0,0.0,59.44,59.44,Organic Search,Credit Card,Completed
ORD004404,CUST00039,UK,2024-11-27 03:00:00,Clothing,Jacket,1,52.18,0.0,0.0,52.18,52.18,Social Media,PayPal,Completed
ORD004405,CUST01154,UK,2024-10-04 10:00:00,Sports,Water Bottle,1,85.94,0.0,0.0,85.94,85.94,Paid Ads,PayPal,Completed
ORD004406,CUST00789,USA,2025-02-20 19:00:00,Toys,Action Figure,1,33.58,0.0,0.0,33.58,33.58,Organic Search,PayPal,Completed
ORD004407,CUST01471,USA,2024-09-01 08:00:00,Electronics,Power Bank,1,67.72,0.0,0.0,67.72,67.72,Paid Ads,Cash on Delivery,Completed
ORD004408,CUST00387,India,2025-02-21 07:00:00,Electronics,Bluetooth Speaker,2,80.65,0.0,0.0,161.3,161.3,Organic Search,UPI,Completed
ORD004409,CUST01399,UK,2025-04-17 15:00:00,Sports,Water Bottle,1,71.65,0.0,0.0,71.65,71.65,Organic Search,PayPal,Completed
ORD004410,CUST01408,Germany,2024-10-23 04:00:00,Home & Kitchen,Coffee Maker,3,27.37,0.0,0.0,82.11,82.11,Paid Ads,UPI,Completed
ORD004411,CUST00590,India,2024-12-07 17:00:00,Electronics,Smartphone Case,1,135.1,20.0,27.02,135.1,108.08,Email,Cash on Delivery,Completed
ORD004412,CUST00358,USA,2024-01-06 04:00:00,Toys,Building Blocks,3,12.0,0.0,0.0,36.0,36.0,Paid Ads,UPI,Returned
ORD004413,CUST00655,USA,2024-06-14 12:00:00,Electronics,Smartphone Case,2,144.14,0.0,0.0,288.28,288.28,Email,Cash on Delivery,Cancelled
ORD004414,CUST01494,India,2024-10-13 04:00:00,Clothing,Jacket,1,45.13,0.0,0.0,45.13,45.13,Direct,Credit Card,Completed
ORD004415,CUST00242,Australia,2024-06-14 11:00:00,Beauty,Face Cream,3,18.91,0.0,0.0,56.73,56.73,Paid Ads,UPI,Completed
ORD004416,CUST01152,Canada,2024-06-14 09:00:00,Toys,RC Car,1,42.05,0.0,0.0,42.05,42.05,Social Media,Cash on Delivery,Returned
ORD004417,CUST00765,India,2024-01-17 08:00:00,Toys,RC Car,2,49.13,0.0,0.0,98.26,98.26,Social Media,Cash on Delivery,Completed
ORD004418,CUST00543,India,2024-01-10 17:00:00,Electronics,Wireless Earbuds,1,143.36,0.0,0.0,143.36,143.36,Paid Ads,Debit Card,Returned
ORD004419,CUST01203,India,2024-04-17 03:00:00,Toys,RC Car,2,31.81,10.0,6.36,63.62,57.26,Organic Search,Cash on Delivery,Completed
ORD004420,CUST01001,India,2024-09-23 08:00:00,Electronics,USB-C Cable,1,49.43,5.0,2.47,49.43,46.96,Organic Search,Cash on Delivery,Completed
ORD004421,CUST00352,Canada,2024-02-01 16:00:00,Beauty,Perfume,1,8.91,5.0,0.45,8.91,8.46,Direct,Debit Card,Completed
ORD004422,CUST00769,India,2024-03-24 20:00:00,Beauty,Shampoo,2,6.21,0.0,0.0,12.42,12.42,Email,UPI,Completed
ORD004423,CUST00364,USA,2025-03-18 14:00:00,Books,Biography,3,10.29,0.0,0.0,30.87,30.87,Paid Ads,Debit Card,Completed
ORD004424,CUST00167,India,2024-01-03 09:00:00,Clothing,Jeans,1,73.22,0.0,0.0,73.22,73.22,Paid Ads,Credit Card,Completed
ORD004425,CUST01350,India,2025-01-01 08:00:00,Electronics,Bluetooth Speaker,1,138.54,0.0,0.0,138.54,138.54,Direct,Credit Card,Completed
ORD004426,CUST00262,Australia,2024-05-28 15:00:00,Clothing,T-Shirt,4,37.84,0.0,0.0,151.36,151.36,Social Media,PayPal,Cancelled
ORD004427,CUST00345,USA,2024-02-24 08:00:00,Beauty,Lipstick,2,6.2,20.0,2.48,12.4,9.92,Email,Cash on Delivery,Completed
ORD004428,CUST00434,India,2024-12-12 06:00:00,Clothing,Jacket,1,74.83,5.0,3.74,74.83,71.09,Paid Ads,Cash on Delivery,Completed
ORD004429,CUST01008,Canada,2024-05-02 21:00:00,Books,Biography,1,8.9,0.0,0.0,8.9,8.9,Organic Search,PayPal,Returned
ORD004430,CUST00138,UK,2024-12-05 01:00:00,Electronics,Power Bank,2,117.2,0.0,0.0,234.4,234.4,Paid Ads,Credit Card,Completed
ORD004431,CUST00785,India,2024-08-03 12:00:00,Books,Comic,1,15.75,0.0,0.0,15.75,15.75,Paid Ads,Credit Card,Completed
ORD004432,CUST00989,India,2024-02-16 12:00:00,Electronics,Bluetooth Speaker,4,95.65,5.0,19.13,382.6,363.47,Social Media,Debit Card,Completed
ORD004433,CUST00996,India,2024-02-29 22:00:00,Beauty,Shampoo,3,53.33,0.0,0.0,159.99,159.99,Email,Debit Card,Completed
ORD004434,CUST00708,Germany,2024-12-21 00:00:00,Home & Kitchen,Blender,1,73.27,0.0,0.0,73.27,73.27,Organic Search,Credit Card,Completed
ORD004435,CUST00713,USA,2025-04-29 13:00:00,Electronics,Smartphone Case,1,84.55,0.0,0.0,84.55,84.55,Social Media,Debit Card,Completed
ORD004436,CUST00749,Canada,2024-11-10 02:00:00,Home & Kitchen,Storage Box,1,32.25,0.0,0.0,32.25,32.25,Paid Ads,PayPal,Completed
ORD004437,CUST01303,India,2025-04-25 10:00:00,Beauty,Shampoo,1,5.81,10.0,0.58,5.81,5.23,Paid Ads,Credit Card,Completed
ORD004438,CUST00136,India,2024-03-01 18:00:00,Beauty,Shampoo,1,33.09,10.0,3.31,33.09,29.78,Organic Search,PayPal,Completed
ORD004439,CUST00917,India,2025-04-11 01:00:00,Clothing,Hoodie,1,69.76,0.0,0.0,69.76,69.76,Organic Search,Credit Card,Completed
ORD004440,CUST01054,Germany,2024-06-17 02:00:00,Clothing,T-Shirt,2,32.18,0.0,0.0,64.36,64.36,Paid Ads,UPI,Completed
ORD004441,CUST01199,Germany,2024-06-04 19:00:00,Home & Kitchen,Storage Box,1,82.86,0.0,0.0,82.86,82.86,Organic Search,Debit Card,Completed
ORD004442,CUST01402,India,2024-12-04 05:00:00,Clothing,Jeans,1,79.66,5.0,3.98,79.66,75.68,Organic Search,Credit Card,Completed
ORD004443,CUST01319,India,2024-05-06 22:00:00,Sports,Water Bottle,1,74.78,0.0,0.0,74.78,74.78,Social Media,UPI,Completed
ORD004444,CUST01174,India,2024-04-20 17:00:00,Electronics,Smartphone Case,1,53.78,0.0,0.0,53.78,53.78,Direct,Cash on Delivery,Completed
ORD004445,CUST00664,India,2025-02-12 02:00:00,Clothing,Jacket,1,16.55,0.0,0.0,16.55,16.55,Organic Search,Cash on Delivery,Cancelled
ORD004446,CUST00035,Australia,2024-03-13 09:00:00,Beauty,Sunscreen,1,34.08,5.0,1.7,34.08,32.38,Social Media,Credit Card,Completed
ORD004447,CUST01459,India,2024-03-25 05:00:00,Toys,Action Figure,1,25.61,0.0,0.0,25.61,25.61,Social Media,UPI,Completed
ORD004448,CUST01468,USA,2024-05-06 10:00:00,Clothing,T-Shirt,3,47.78,5.0,7.17,143.34,136.17,Social Media,PayPal,Completed
ORD004449,CUST00908,India,2024-09-23 03:00:00,Books,Novel,1,21.94,0.0,0.0,21.94,21.94,Paid Ads,UPI,Completed
ORD004450,CUST00903,India,2024-04-11 16:00:00,Sports,Yoga Mat,1,53.97,10.0,5.4,53.97,48.57,Email,Cash on Delivery,Completed
ORD004451,CUST00896,India,2024-04-18 02:00:00,Electronics,Wireless Earbuds,2,141.72,0.0,0.0,283.44,283.44,Paid Ads,PayPal,Completed
ORD004452,CUST01400,UK,2024-09-16 21:00:00,Home & Kitchen,Storage Box,1,39.53,10.0,3.95,39.53,35.58,Social Media,Cash on Delivery,Completed
ORD004453,CUST00177,UK,2024-10-19 16:00:00,Toys,RC Car,1,36.0,5.0,1.8,36.0,34.2,Paid Ads,Cash on Delivery,Completed
ORD004454,CUST00927,India,2024-09-04 04:00:00,Home & Kitchen,Coffee Maker,2,56.69,0.0,0.0,113.38,113.38,Direct,Debit Card,Completed
ORD004455,CUST00691,India,2025-04-14 06:00:00,Clothing,Sneakers,1,52.57,0.0,0.0,52.57,52.57,Organic Search,Credit Card,Cancelled
ORD004456,CUST01001,India,2024-02-18 19:00:00,Electronics,Bluetooth Speaker,1,119.18,0.0,0.0,119.18,119.18,Organic Search,UPI,Completed
ORD004457,CUST00158,Germany,2024-06-23 15:00:00,Clothing,Jeans,1,40.94,0.0,0.0,40.94,40.94,Paid Ads,UPI,Completed
ORD004458,CUST00623,USA,2024-08-16 22:00:00,Beauty,Lipstick,2,23.68,5.0,2.37,47.36,44.99,Email,Cash on Delivery,Cancelled
ORD004459,CUST01137,Canada,2024-03-05 11:00:00,Beauty,Lipstick,1,27.11,0.0,0.0,27.11,27.11,Direct,Debit Card,Completed
ORD004460,CUST00309,Germany,2024-08-27 05:00:00,Home & Kitchen,Bed Sheets,2,68.42,10.0,13.68,136.84,123.16,Direct,Credit Card,Completed
ORD004461,CUST01253,India,2024-09-02 07:00:00,Toys,RC Car,1,43.4,0.0,0.0,43.4,43.4,Social Media,Credit Card,Completed
ORD004462,CUST01241,Canada,2024-07-30 06:00:00,Toys,RC Car,3,23.46,0.0,0.0,70.38,70.38,Paid Ads,Debit Card,Completed
ORD004463,CUST00057,India,2024-11-25 16:00:00,Books,Self-Help Book,1,19.86,5.0,0.99,19.86,18.87,Email,Debit Card,Completed
ORD004464,CUST00449,USA,2025-02-18 10:00:00,Electronics,Wireless Earbuds,1,106.47,15.0,15.97,106.47,90.5,Organic Search,UPI,Completed
ORD004465,CUST00937,India,2024-02-21 17:00:00,Beauty,Lipstick,3,12.94,0.0,0.0,38.82,38.82,Social Media,Cash on Delivery,Completed
ORD004466,CUST00117,Germany,2024-10-14 10:00:00,Sports,Yoga Mat,1,8.75,15.0,1.31,8.75,7.44,Social Media,PayPal,Completed
ORD004467,CUST01143,UK,2024-07-01 06:00:00,Sports,Yoga Mat,1,62.31,0.0,0.0,62.31,62.31,Organic Search,Debit Card,Completed
ORD004468,CUST00193,Canada,2024-11-23 05:00:00,Electronics,USB-C Cable,1,26.98,0.0,0.0,26.98,26.98,Social Media,Credit Card,Returned
ORD004469,CUST00721,Australia,2024-07-02 09:00:00,Electronics,USB-C Cable,2,25.05,5.0,2.5,50.1,47.6,Social Media,Cash on Delivery,Completed
ORD004470,CUST00156,India,2025-02-16 20:00:00,Books,Biography,2,27.69,0.0,0.0,55.38,55.38,Email,PayPal,Completed
ORD004471,CUST00050,India,2024-03-21 08:00:00,Home & Kitchen,Coffee Maker,1,52.35,10.0,5.24,52.35,47.11,Social Media,Debit Card,Completed
ORD004472,CUST00854,Canada,2024-02-16 12:00:00,Beauty,Lipstick,1,9.22,0.0,0.0,9.22,9.22,Social Media,Debit Card,Completed
ORD004473,CUST00167,India,2024-09-01 15:00:00,Electronics,Wireless Earbuds,1,129.09,0.0,0.0,129.09,129.09,Paid Ads,Cash on Delivery,Completed
ORD004474,CUST01466,India,2024-10-22 10:00:00,Home & Kitchen,Blender,1,75.24,0.0,0.0,75.24,75.24,Paid Ads,Cash on Delivery,Completed
ORD004475,CUST00238,India,2024-03-20 19:00:00,Clothing,Jacket,1,68.89,0.0,0.0,68.89,68.89,Paid Ads,UPI,Completed
ORD004476,CUST00833,India,2024-08-02 08:00:00,Home & Kitchen,Coffee Maker,1,37.93,0.0,0.0,37.93,37.93,Organic Search,Credit Card,Completed
ORD004477,CUST00415,UK,2024-12-11 17:00:00,Books,Novel,1,24.91,0.0,0.0,24.91,24.91,Direct,Cash on Delivery,Completed
ORD004478,CUST00988,USA,2024-11-18 12:00:00,Beauty,Shampoo,1,19.59,0.0,0.0,19.59,19.59,Organic Search,Debit Card,Returned
ORD004479,CUST00019,USA,2024-08-29 07:00:00,Electronics,Wireless Earbuds,1,116.4,0.0,0.0,116.4,116.4,Social Media,PayPal,Completed
ORD004480,CUST00720,Germany,2025-04-02 03:00:00,Home & Kitchen,Bed Sheets,4,63.64,15.0,38.18,254.56,216.38,Organic Search,Cash on Delivery,Completed
ORD004481,CUST01257,India,2025-01-13 15:00:00,Electronics,Wireless Earbuds,1,148.39,5.0,7.42,148.39,140.97,Organic Search,Debit Card,Completed
ORD004482,CUST00648,UK,2024-04-16 01:00:00,Toys,Puzzle,1,40.26,0.0,0.0,40.26,40.26,Paid Ads,Cash on Delivery,Completed
ORD004483,CUST00600,India,2024-01-19 13:00:00,Books,Novel,2,8.17,0.0,0.0,16.34,16.34,Email,PayPal,Completed
ORD004484,CUST00572,Germany,2025-01-11 17:00:00,Beauty,Face Cream,3,11.09,0.0,0.0,33.27,33.27,Organic Search,UPI,Completed
ORD004485,CUST01379,USA,2025-04-14 08:00:00,Electronics,Power Bank,1,141.46,5.0,7.07,141.46,134.39,Paid Ads,UPI,Completed
ORD004486,CUST01496,UK,2024-09-01 17:00:00,Beauty,Shampoo,1,59.76,0.0,0.0,59.76,59.76,Organic Search,Cash on Delivery,Completed
ORD004487,CUST00219,UK,2024-02-24 08:00:00,Sports,Yoga Mat,1,73.55,0.0,0.0,73.55,73.55,Email,PayPal,Completed
ORD004488,CUST00499,Australia,2025-01-30 19:00:00,Home & Kitchen,Cutlery Set,1,24.72,0.0,0.0,24.72,24.72,Social Media,Cash on Delivery,Completed
ORD004489,CUST00464,USA,2024-08-17 12:00:00,Books,Comic,1,11.08,0.0,0.0,11.08,11.08,Social Media,UPI,Completed
ORD004490,CUST00994,USA,2024-09-23 11:00:00,Beauty,Perfume,2,54.46,0.0,0.0,108.92,108.92,Social Media,Credit Card,Completed
ORD004491,CUST01485,India,2025-03-10 20:00:00,Beauty,Lipstick,1,33.69,10.0,3.37,33.69,30.32,Organic Search,Cash on Delivery,Completed
ORD004492,CUST00523,Australia,2024-07-15 02:00:00,Clothing,T-Shirt,3,67.58,0.0,0.0,202.74,202.74,Organic Search,Debit Card,Completed
ORD004493,CUST01340,India,2024-08-29 17:00:00,Home & Kitchen,Coffee Maker,1,47.41,15.0,7.11,47.41,40.3,Organic Search,Cash on Delivery,Completed
ORD004494,CUST01061,Canada,2024-07-26 12:00:00,Clothing,Jeans,4,79.85,0.0,0.0,319.4,319.4,Social Media,Credit Card,Completed
ORD004495,CUST00860,India,2024-01-01 19:00:00,Beauty,Face Cream,1,51.11,0.0,0.0,51.11,51.11,Paid Ads,UPI,Cancelled
ORD004496,CUST00916,USA,2024-11-21 06:00:00,Electronics,Wireless Earbuds,1,108.22,10.0,10.82,108.22,97.4,Organic Search,Cash on Delivery,Completed
ORD004497,CUST01060,UK,2024-06-14 00:00:00,Clothing,T-Shirt,1,58.63,0.0,0.0,58.63,58.63,Organic Search,Credit Card,Completed
ORD004498,CUST00417,India,2024-07-17 07:00:00,Beauty,Lipstick,1,42.42,0.0,0.0,42.42,42.42,Direct,PayPal,Completed
ORD004499,CUST00172,India,2025-05-06 00:00:00,Clothing,T-Shirt,1,49.46,0.0,0.0,49.46,49.46,Social Media,Cash on Delivery,Completed
ORD004500,CUST00413,Australia,2025-04-11 01:00:00,Toys,RC Car,1,44.16,0.0,0.0,44.16,44.16,Organic Search,Credit Card,Completed
ORD004501,CUST00381,India,2025-04-18 05:00:00,Electronics,USB-C Cable,1,100.31,0.0,0.0,100.31,100.31,Paid Ads,Credit Card,Completed
ORD004502,CUST01484,India,2024-12-24 06:00:00,Toys,RC Car,1,28.9,0.0,0.0,28.9,28.9,Paid Ads,Debit Card,Completed
ORD004503,CUST01341,India,2024-11-18 08:00:00,Electronics,Power Bank,1,47.4,5.0,2.37,47.4,45.03,Organic Search,Debit Card,Completed
ORD004504,CUST01006,UK,2024-02-27 22:00:00,Electronics,Bluetooth Speaker,1,125.2,0.0,0.0,125.2,125.2,Social Media,Credit Card,Completed
ORD004505,CUST01211,USA,2024-08-08 17:00:00,Beauty,Lipstick,1,18.51,0.0,0.0,18.51,18.51,Paid Ads,Debit Card,Completed
ORD004506,CUST00270,India,2024-03-05 22:00:00,Books,Cookbook,1,27.64,0.0,0.0,27.64,27.64,Paid Ads,Debit Card,Returned
ORD004507,CUST01298,India,2025-01-07 02:00:00,Home & Kitchen,Coffee Maker,3,63.16,0.0,0.0,189.48,189.48,Social Media,PayPal,Completed
ORD004508,CUST00323,UK,2024-06-07 01:00:00,Home & Kitchen,Bed Sheets,2,41.73,0.0,0.0,83.46,83.46,Social Media,PayPal,Completed
ORD004509,CUST01228,India,2024-08-27 10:00:00,Electronics,Power Bank,3,121.35,5.0,18.2,364.05,345.85,Organic Search,Debit Card,Completed
ORD004510,CUST00644,India,2025-01-23 06:00:00,Electronics,Wireless Earbuds,2,126.62,0.0,0.0,253.24,253.24,Social Media,Debit Card,Completed
ORD004511,CUST00313,India,2024-08-28 19:00:00,Electronics,Power Bank,1,99.41,0.0,0.0,99.41,99.41,Organic Search,Debit Card,Completed
ORD004512,CUST00026,Germany,2024-01-22 12:00:00,Beauty,Shampoo,1,51.17,0.0,0.0,51.17,51.17,Social Media,Credit Card,Completed
ORD004513,CUST00174,India,2024-05-30 11:00:00,Electronics,Smartphone Case,1,83.4,0.0,0.0,83.4,83.4,Social Media,PayPal,Completed
ORD004514,CUST00689,Germany,2024-09-05 09:00:00,Home & Kitchen,Bed Sheets,1,36.47,10.0,3.65,36.47,32.82,Paid Ads,Credit Card,Completed
ORD004515,CUST00010,UK,2024-01-01 14:00:00,Clothing,Hoodie,1,41.47,5.0,2.07,41.47,39.4,Direct,Cash on Delivery,Completed
ORD004516,CUST00755,India,2025-01-31 06:00:00,Electronics,Bluetooth Speaker,1,15.32,0.0,0.0,15.32,15.32,Social Media,PayPal,Completed
ORD004517,CUST01234,India,2024-05-03 15:00:00,Sports,Yoga Mat,1,30.67,5.0,1.53,30.67,29.14,Paid Ads,Debit Card,Completed
ORD004518,CUST00897,India,2024-04-02 18:00:00,Sports,Resistance Bands,1,48.47,0.0,0.0,48.47,48.47,Organic Search,Credit Card,Completed
ORD004519,CUST01063,Germany,2025-03-05 13:00:00,Clothing,Hoodie,1,29.06,0.0,0.0,29.06,29.06,Direct,Debit Card,Completed
ORD004520,CUST00273,Canada,2025-02-25 10:00:00,Home & Kitchen,Bed Sheets,1,66.68,0.0,0.0,66.68,66.68,Paid Ads,UPI,Completed
ORD004521,CUST00678,USA,2024-09-02 16:00:00,Sports,Running Shoes,2,49.7,10.0,9.94,99.4,89.46,Direct,Credit Card,Completed
ORD004522,CUST00062,India,2025-02-25 20:00:00,Electronics,Bluetooth Speaker,1,101.19,0.0,0.0,101.19,101.19,Email,PayPal,Returned
ORD004523,CUST00698,USA,2024-07-27 01:00:00,Books,Novel,1,26.76,0.0,0.0,26.76,26.76,Email,Credit Card,Completed
ORD004524,CUST00972,Australia,2024-01-30 13:00:00,Clothing,Jacket,1,54.32,0.0,0.0,54.32,54.32,Paid Ads,UPI,Completed
ORD004525,CUST00267,UK,2024-12-04 09:00:00,Sports,Running Shoes,1,72.14,0.0,0.0,72.14,72.14,Organic Search,PayPal,Completed
ORD004526,CUST00325,Australia,2024-08-08 15:00:00,Electronics,Bluetooth Speaker,1,27.81,0.0,0.0,27.81,27.81,Organic Search,PayPal,Completed
ORD004527,CUST00279,UK,2024-09-21 06:00:00,Books,Self-Help Book,1,22.35,0.0,0.0,22.35,22.35,Organic Search,UPI,Completed
ORD004528,CUST00172,India,2024-07-28 10:00:00,Clothing,Sneakers,1,37.79,0.0,0.0,37.79,37.79,Organic Search,PayPal,Completed
ORD004529,CUST00664,India,2024-02-23 18:00:00,Beauty,Sunscreen,1,47.24,10.0,4.72,47.24,42.52,Paid Ads,Debit Card,Completed
ORD004530,CUST01451,USA,2024-05-13 21:00:00,Electronics,Smartphone Case,1,29.35,5.0,1.47,29.35,27.88,Organic Search,Debit Card,Completed
ORD004531,CUST00077,Germany,2024-10-31 04:00:00,Electronics,Smartphone Case,1,31.34,0.0,0.0,31.34,31.34,Email,PayPal,Completed
ORD004532,CUST00562,India,2025-01-28 22:00:00,Books,Biography,1,9.62,5.0,0.48,9.62,9.14,Paid Ads,Cash on Delivery,Completed
ORD004533,CUST00006,India,2024-03-08 03:00:00,Sports,Resistance Bands,1,25.04,0.0,0.0,25.04,25.04,Email,UPI,Completed
ORD004534,CUST01021,UK,2024-02-28 14:00:00,Beauty,Perfume,2,21.27,10.0,4.25,42.54,38.29,Paid Ads,Cash on Delivery,Completed
ORD004535,CUST00490,Canada,2024-01-28 12:00:00,Home & Kitchen,Cutlery Set,2,51.65,5.0,5.16,103.3,98.14,Direct,PayPal,Completed
ORD004536,CUST00741,USA,2025-02-18 11:00:00,Electronics,USB-C Cable,2,137.02,0.0,0.0,274.04,274.04,Email,Cash on Delivery,Completed
ORD004537,CUST01044,UK,2024-04-14 04:00:00,Beauty,Shampoo,3,17.39,5.0,2.61,52.17,49.56,Direct,Credit Card,Returned
ORD004538,CUST01352,USA,2024-06-05 14:00:00,Toys,Puzzle,3,19.36,0.0,0.0,58.08,58.08,Social Media,Credit Card,Completed
ORD004539,CUST00111,India,2025-02-11 11:00:00,Electronics,Power Bank,2,39.48,0.0,0.0,78.96,78.96,Organic Search,Debit Card,Completed
ORD004540,CUST00952,UK,2024-12-04 10:00:00,Electronics,Bluetooth Speaker,1,78.44,0.0,0.0,78.44,78.44,Paid Ads,Credit Card,Cancelled
ORD004541,CUST01255,UK,2024-04-02 18:00:00,Clothing,Sneakers,1,11.39,10.0,1.14,11.39,10.25,Email,Debit Card,Completed
ORD004542,CUST01036,UK,2024-04-19 14:00:00,Books,Biography,1,7.51,0.0,0.0,7.51,7.51,Organic Search,PayPal,Completed
ORD004543,CUST00805,USA,2025-02-11 20:00:00,Home & Kitchen,Storage Box,4,18.98,0.0,0.0,75.92,75.92,Organic Search,PayPal,Completed
ORD004544,CUST00589,India,2024-01-01 06:00:00,Beauty,Face Cream,1,50.37,0.0,0.0,50.37,50.37,Direct,Credit Card,Completed
ORD004545,CUST00966,USA,2024-04-06 03:00:00,Toys,Board Game,1,25.42,0.0,0.0,25.42,25.42,Direct,Debit Card,Completed
ORD004546,CUST00497,USA,2024-10-30 12:00:00,Toys,RC Car,1,28.1,0.0,0.0,28.1,28.1,Paid Ads,PayPal,Completed
ORD004547,CUST00628,Germany,2024-06-26 14:00:00,Electronics,Bluetooth Speaker,1,18.06,10.0,1.81,18.06,16.25,Email,Cash on Delivery,Completed
ORD004548,CUST00943,UK,2024-12-06 06:00:00,Electronics,Bluetooth Speaker,1,68.87,20.0,13.77,68.87,55.1,Organic Search,Debit Card,Completed
ORD004549,CUST00015,India,2024-07-27 03:00:00,Home & Kitchen,Cutlery Set,1,56.73,0.0,0.0,56.73,56.73,Organic Search,Credit Card,Completed
ORD004550,CUST01156,Germany,2025-01-18 13:00:00,Electronics,USB-C Cable,1,35.25,5.0,1.76,35.25,33.49,Paid Ads,Credit Card,Completed
ORD004551,CUST00885,Germany,2025-03-25 10:00:00,Beauty,Face Cream,3,29.87,0.0,0.0,89.61,89.61,Social Media,PayPal,Completed
ORD004552,CUST00123,India,2024-04-17 04:00:00,Electronics,Power Bank,3,135.07,5.0,20.26,405.21,384.95,Organic Search,Credit Card,Completed
ORD004553,CUST00685,Australia,2024-11-18 19:00:00,Beauty,Lipstick,2,7.92,0.0,0.0,15.84,15.84,Social Media,PayPal,Completed
ORD004554,CUST00046,UK,2025-03-01 13:00:00,Electronics,Smartphone Case,1,51.78,20.0,10.36,51.78,41.42,Direct,PayPal,Returned
ORD004555,CUST00265,Canada,2025-05-07 07:00:00,Toys,Action Figure,1,18.92,10.0,1.89,18.92,17.03,Paid Ads,Credit Card,Returned
ORD004556,CUST00054,Canada,2025-03-20 03:00:00,Home & Kitchen,Blender,1,50.97,10.0,5.1,50.97,45.87,Direct,UPI,Completed
ORD004557,CUST01343,Canada,2024-09-30 19:00:00,Clothing,Jeans,1,18.37,0.0,0.0,18.37,18.37,Organic Search,UPI,Completed
ORD004558,CUST00428,Canada,2024-10-12 04:00:00,Home & Kitchen,Storage Box,1,85.68,0.0,0.0,85.68,85.68,Organic Search,Cash on Delivery,Completed
ORD004559,CUST00769,India,2024-03-22 06:00:00,Beauty,Face Cream,1,45.82,0.0,0.0,45.82,45.82,Organic Search,Cash on Delivery,Completed
ORD004560,CUST00778,Germany,2024-12-02 14:00:00,Beauty,Perfume,1,5.85,0.0,0.0,5.85,5.85,Organic Search,UPI,Completed
ORD004561,CUST00886,India,2025-04-30 22:00:00,Electronics,Smartphone Case,2,104.82,0.0,0.0,209.64,209.64,Organic Search,UPI,Completed
ORD004562,CUST01352,USA,2025-01-05 06:00:00,Sports,Running Shoes,1,18.3,0.0,0.0,18.3,18.3,Email,Debit Card,Returned
ORD004563,CUST00053,Australia,2024-12-28 17:00:00,Clothing,T-Shirt,1,47.87,0.0,0.0,47.87,47.87,Direct,Credit Card,Completed
ORD004564,CUST01113,India,2024-09-14 20:00:00,Books,Comic,1,15.82,10.0,1.58,15.82,14.24,Paid Ads,UPI,Completed
ORD004565,CUST01010,USA,2024-10-07 20:00:00,Clothing,Jeans,1,33.46,0.0,0.0,33.46,33.46,Organic Search,Debit Card,Completed
ORD004566,CUST00138,UK,2025-04-06 04:00:00,Sports,Running Shoes,2,56.72,0.0,0.0,113.44,113.44,Paid Ads,Debit Card,Completed
ORD004567,CUST01185,India,2025-01-10 07:00:00,Home & Kitchen,Blender,1,89.45,0.0,0.0,89.45,89.45,Paid Ads,Cash on Delivery,Completed
ORD004568,CUST00577,India,2024-03-16 05:00:00,Toys,Action Figure,2,15.21,0.0,0.0,30.42,30.42,Organic Search,Debit Card,Completed
ORD004569,CUST00201,UK,2025-01-31 07:00:00,Books,Biography,1,11.49,0.0,0.0,11.49,11.49,Paid Ads,PayPal,Completed
ORD004570,CUST01361,Canada,2025-02-26 15:00:00,Electronics,Bluetooth Speaker,1,55.72,15.0,8.36,55.72,47.36,Organic Search,Debit Card,Completed
ORD004571,CUST00044,Canada,2024-12-17 03:00:00,Clothing,Hoodie,1,42.06,0.0,0.0,42.06,42.06,Social Media,Cash on Delivery,Completed
ORD004572,CUST00805,USA,2024-04-16 06:00:00,Sports,Dumbbells,1,49.02,0.0,0.0,49.02,49.02,Paid Ads,Credit Card,Completed
ORD004573,CUST00705,India,2025-01-31 19:00:00,Electronics,Smartphone Case,2,147.83,10.0,29.57,295.66,266.09,Email,Cash on Delivery,Completed
ORD004574,CUST01413,India,2024-07-09 22:00:00,Home & Kitchen,Storage Box,4,45.9,20.0,36.72,183.6,146.88,Paid Ads,PayPal,Completed
ORD004575,CUST00694,India,2024-10-15 21:00:00,Clothing,Jacket,4,56.14,0.0,0.0,224.56,224.56,Direct,Debit Card,Completed
ORD004576,CUST00121,Germany,2024-11-06 03:00:00,Electronics,Smartphone Case,2,97.49,0.0,0.0,194.98,194.98,Organic Search,Cash on Delivery,Returned
ORD004577,CUST00047,India,2024-04-08 08:00:00,Sports,Yoga Mat,1,82.17,5.0,4.11,82.17,78.06,Email,Cash on Delivery,Completed
ORD004578,CUST00540,India,2024-10-17 04:00:00,Beauty,Sunscreen,1,42.28,0.0,0.0,42.28,42.28,Email,UPI,Completed
ORD004579,CUST00542,UK,2024-08-05 04:00:00,Clothing,Jeans,1,38.55,0.0,0.0,38.55,38.55,Email,Cash on Delivery,Completed
ORD004580,CUST00643,India,2025-04-24 21:00:00,Electronics,Smartphone Case,1,93.57,0.0,0.0,93.57,93.57,Email,UPI,Completed
ORD004581,CUST01478,Germany,2024-12-23 21:00:00,Electronics,Smartphone Case,2,93.39,10.0,18.68,186.78,168.1,Organic Search,PayPal,Returned
ORD004582,CUST00792,USA,2024-02-14 10:00:00,Home & Kitchen,Storage Box,1,56.82,0.0,0.0,56.82,56.82,Email,PayPal,Completed
ORD004583,CUST01210,Australia,2024-05-24 07:00:00,Sports,Running Shoes,1,15.2,0.0,0.0,15.2,15.2,Social Media,Cash on Delivery,Completed
ORD004584,CUST01097,India,2025-04-06 05:00:00,Books,Comic,1,25.76,0.0,0.0,25.76,25.76,Paid Ads,Cash on Delivery,Completed
ORD004585,CUST00406,Canada,2025-02-14 07:00:00,Home & Kitchen,Blender,2,17.3,10.0,3.46,34.6,31.14,Paid Ads,Credit Card,Completed
ORD004586,CUST01179,Germany,2024-03-11 18:00:00,Electronics,Wireless Earbuds,1,109.27,0.0,0.0,109.27,109.27,Social Media,UPI,Completed
ORD004587,CUST01053,Australia,2025-03-13 16:00:00,Sports,Resistance Bands,1,79.47,0.0,0.0,79.47,79.47,Social Media,UPI,Completed
ORD004588,CUST00421,Germany,2025-03-07 12:00:00,Clothing,Jacket,2,73.48,0.0,0.0,146.96,146.96,Social Media,UPI,Completed
ORD004589,CUST01361,Canada,2025-04-18 14:00:00,Sports,Yoga Mat,2,61.02,10.0,12.2,122.04,109.84,Paid Ads,Debit Card,Completed
ORD004590,CUST00256,USA,2024-07-06 11:00:00,Clothing,Jeans,1,42.23,0.0,0.0,42.23,42.23,Paid Ads,Credit Card,Returned
ORD004591,CUST01072,India,2025-04-07 08:00:00,Home & Kitchen,Cutlery Set,1,64.66,0.0,0.0,64.66,64.66,Organic Search,PayPal,Completed
ORD004592,CUST00657,India,2024-07-24 10:00:00,Home & Kitchen,Coffee Maker,1,85.8,0.0,0.0,85.8,85.8,Paid Ads,UPI,Cancelled
ORD004593,CUST01342,USA,2024-07-02 04:00:00,Sports,Yoga Mat,1,34.77,0.0,0.0,34.77,34.77,Organic Search,Credit Card,Completed
ORD004594,CUST00875,India,2024-12-21 17:00:00,Beauty,Sunscreen,1,50.53,5.0,2.53,50.53,48.0,Paid Ads,Debit Card,Returned
ORD004595,CUST00575,Canada,2025-02-02 19:00:00,Clothing,T-Shirt,1,72.61,0.0,0.0,72.61,72.61,Organic Search,UPI,Completed
ORD004596,CUST00832,USA,2024-11-07 09:00:00,Beauty,Shampoo,1,12.96,0.0,0.0,12.96,12.96,Paid Ads,Debit Card,Completed
ORD004597,CUST00610,UK,2024-10-22 02:00:00,Beauty,Perfume,1,36.92,0.0,0.0,36.92,36.92,Email,UPI,Completed
ORD004598,CUST01001,India,2024-09-22 02:00:00,Beauty,Shampoo,1,23.0,10.0,2.3,23.0,20.7,Email,Cash on Delivery,Completed
ORD004599,CUST01388,India,2024-06-04 05:00:00,Beauty,Face Cream,1,21.02,0.0,0.0,21.02,21.02,Social Media,Cash on Delivery,Completed
ORD004600,CUST01303,India,2025-02-09 15:00:00,Clothing,Jacket,1,30.54,5.0,1.53,30.54,29.01,Direct,Credit Card,Completed
ORD004601,CUST01075,Australia,2024-01-30 19:00:00,Home & Kitchen,Storage Box,1,81.58,5.0,4.08,81.58,77.5,Organic Search,UPI,Completed
ORD004602,CUST00943,UK,2024-08-07 22:00:00,Toys,Puzzle,1,26.38,0.0,0.0,26.38,26.38,Direct,Debit Card,Completed
ORD004603,CUST00486,Canada,2024-03-20 19:00:00,Clothing,Jeans,4,27.93,5.0,5.59,111.72,106.13,Organic Search,Debit Card,Completed
ORD004604,CUST00617,India,2024-07-22 16:00:00,Books,Cookbook,1,13.14,10.0,1.31,13.14,11.83,Paid Ads,UPI,Completed
ORD004605,CUST01421,India,2024-02-16 18:00:00,Home & Kitchen,Cutlery Set,2,33.41,0.0,0.0,66.82,66.82,Paid Ads,Cash on Delivery,Completed
ORD004606,CUST00329,USA,2024-03-30 19:00:00,Beauty,Face Cream,1,25.89,0.0,0.0,25.89,25.89,Email,Cash on Delivery,Completed
ORD004607,CUST00599,India,2024-08-30 16:00:00,Electronics,Smartphone Case,1,73.79,0.0,0.0,73.79,73.79,Organic Search,UPI,Completed
ORD004608,CUST00490,Canada,2024-01-31 09:00:00,Toys,Action Figure,1,28.01,0.0,0.0,28.01,28.01,Paid Ads,UPI,Completed
ORD004609,CUST00213,UK,2025-01-08 05:00:00,Electronics,Bluetooth Speaker,1,95.97,0.0,0.0,95.97,95.97,Organic Search,Debit Card,Completed
ORD004610,CUST00281,Canada,2024-11-13 16:00:00,Clothing,Hoodie,2,54.36,0.0,0.0,108.72,108.72,Email,Credit Card,Completed
ORD004611,CUST00461,India,2024-05-10 03:00:00,Home & Kitchen,Blender,1,43.58,0.0,0.0,43.58,43.58,Organic Search,Debit Card,Completed
ORD004612,CUST01469,Canada,2025-02-19 08:00:00,Electronics,Power Bank,4,102.29,0.0,0.0,409.16,409.16,Social Media,Credit Card,Completed
ORD004613,CUST01415,USA,2024-10-03 06:00:00,Electronics,Smartphone Case,1,59.61,20.0,11.92,59.61,47.69,Social Media,Debit Card,Completed
ORD004614,CUST00962,UK,2025-05-06 06:00:00,Home & Kitchen,Cutlery Set,1,49.82,0.0,0.0,49.82,49.82,Organic Search,PayPal,Completed
ORD004615,CUST00672,Canada,2024-03-17 06:00:00,Electronics,USB-C Cable,1,17.07,10.0,1.71,17.07,15.36,Organic Search,PayPal,Completed
ORD004616,CUST00534,USA,2024-11-15 15:00:00,Electronics,Power Bank,1,131.14,0.0,0.0,131.14,131.14,Organic Search,UPI,Completed
ORD004617,CUST01341,India,2024-12-30 13:00:00,Sports,Yoga Mat,2,64.92,0.0,0.0,129.84,129.84,Email,Debit Card,Completed
ORD004618,CUST00609,USA,2024-07-20 07:00:00,Beauty,Lipstick,1,46.19,0.0,0.0,46.19,46.19,Email,PayPal,Completed
ORD004619,CUST01119,India,2025-01-28 07:00:00,Sports,Yoga Mat,1,52.35,0.0,0.0,52.35,52.35,Paid Ads,Credit Card,Completed
ORD004620,CUST00668,India,2024-02-21 14:00:00,Clothing,T-Shirt,2,36.21,5.0,3.62,72.42,68.8,Organic Search,UPI,Completed
ORD004621,CUST00336,India,2024-10-04 21:00:00,Electronics,Bluetooth Speaker,2,23.88,0.0,0.0,47.76,47.76,Paid Ads,PayPal,Completed
ORD004622,CUST01193,India,2024-01-17 05:00:00,Home & Kitchen,Bed Sheets,2,75.77,0.0,0.0,151.54,151.54,Paid Ads,Cash on Delivery,Completed
ORD004623,CUST00709,India,2024-11-18 12:00:00,Electronics,Wireless Earbuds,2,67.99,10.0,13.6,135.98,122.38,Email,Cash on Delivery,Cancelled
ORD004624,CUST01397,USA,2024-02-25 20:00:00,Clothing,Sneakers,3,74.9,15.0,33.7,224.7,191.0,Email,PayPal,Completed
ORD004625,CUST00340,India,2025-04-08 02:00:00,Electronics,Bluetooth Speaker,1,45.76,0.0,0.0,45.76,45.76,Organic Search,Credit Card,Completed
ORD004626,CUST00943,UK,2024-09-26 02:00:00,Clothing,Sneakers,4,14.28,5.0,2.86,57.12,54.26,Paid Ads,Debit Card,Completed
ORD004627,CUST00943,UK,2024-06-27 22:00:00,Sports,Resistance Bands,1,50.48,0.0,0.0,50.48,50.48,Email,Credit Card,Completed
ORD004628,CUST00668,India,2024-07-16 22:00:00,Beauty,Perfume,1,40.3,0.0,0.0,40.3,40.3,Direct,PayPal,Completed
ORD004629,CUST00537,Canada,2024-01-23 08:00:00,Electronics,Power Bank,3,138.69,0.0,0.0,416.07,416.07,Paid Ads,Cash on Delivery,Completed
ORD004630,CUST00683,India,2025-04-27 04:00:00,Home & Kitchen,Coffee Maker,1,96.02,0.0,0.0,96.02,96.02,Organic Search,Credit Card,Completed
ORD004631,CUST00522,USA,2024-07-01 05:00:00,Beauty,Shampoo,1,45.14,0.0,0.0,45.14,45.14,Direct,Cash on Delivery,Completed
ORD004632,CUST00013,Canada,2024-08-13 21:00:00,Electronics,Power Bank,1,62.08,0.0,0.0,62.08,62.08,Organic Search,PayPal,Completed
ORD004633,CUST00339,USA,2024-01-27 20:00:00,Clothing,T-Shirt,1,46.74,0.0,0.0,46.74,46.74,Organic Search,Debit Card,Completed
ORD004634,CUST00711,Germany,2025-05-09 14:00:00,Electronics,Wireless Earbuds,1,132.39,0.0,0.0,132.39,132.39,Organic Search,Cash on Delivery,Completed
ORD004635,CUST00681,Germany,2024-05-10 08:00:00,Books,Novel,1,19.66,0.0,0.0,19.66,19.66,Email,PayPal,Completed
ORD004636,CUST00637,USA,2024-05-29 11:00:00,Sports,Dumbbells,1,19.06,0.0,0.0,19.06,19.06,Social Media,PayPal,Completed
ORD004637,CUST00054,Canada,2024-09-07 00:00:00,Books,Comic,1,10.21,0.0,0.0,10.21,10.21,Social Media,Cash on Delivery,Returned
ORD004638,CUST01230,USA,2024-01-24 06:00:00,Beauty,Shampoo,1,57.87,0.0,0.0,57.87,57.87,Direct,PayPal,Completed
ORD004639,CUST01157,India,2025-01-23 04:00:00,Toys,Action Figure,1,14.2,20.0,2.84,14.2,11.36,Social Media,Cash on Delivery,Completed
ORD004640,CUST00408,India,2025-02-21 01:00:00,Sports,Running Shoes,1,77.95,0.0,0.0,77.95,77.95,Organic Search,PayPal,Returned
ORD004641,CUST00165,India,2024-07-15 19:00:00,Toys,RC Car,1,36.78,0.0,0.0,36.78,36.78,Paid Ads,PayPal,Completed
ORD004642,CUST00960,Germany,2025-01-25 14:00:00,Electronics,Smartphone Case,2,122.36,20.0,48.94,244.72,195.78,Email,Credit Card,Completed
ORD004643,CUST01267,USA,2024-10-08 04:00:00,Electronics,Wireless Earbuds,1,45.0,0.0,0.0,45.0,45.0,Paid Ads,PayPal,Completed
ORD004644,CUST00950,USA,2024-09-23 04:00:00,Beauty,Shampoo,1,38.16,0.0,0.0,38.16,38.16,Paid Ads,Credit Card,Completed
ORD004645,CUST00751,India,2024-01-12 18:00:00,Home & Kitchen,Cutlery Set,1,37.61,0.0,0.0,37.61,37.61,Email,UPI,Completed
ORD004646,CUST00603,India,2024-11-05 15:00:00,Beauty,Shampoo,1,56.68,0.0,0.0,56.68,56.68,Social Media,Debit Card,Completed
ORD004647,CUST00302,USA,2024-07-19 12:00:00,Books,Cookbook,1,6.9,0.0,0.0,6.9,6.9,Organic Search,UPI,Completed
ORD004648,CUST00974,India,2024-02-04 16:00:00,Home & Kitchen,Bed Sheets,1,73.46,0.0,0.0,73.46,73.46,Organic Search,Credit Card,Completed
ORD004649,CUST01155,UK,2024-02-02 02:00:00,Electronics,Bluetooth Speaker,1,133.04,0.0,0.0,133.04,133.04,Organic Search,UPI,Completed
ORD004650,CUST00689,Germany,2024-09-30 22:00:00,Books,Biography,1,21.69,0.0,0.0,21.69,21.69,Paid Ads,Debit Card,Completed
ORD004651,CUST01343,Canada,2024-08-18 22:00:00,Electronics,Smartphone Case,1,110.46,0.0,0.0,110.46,110.46,Social Media,Credit Card,Completed
ORD004652,CUST00417,India,2024-01-20 05:00:00,Electronics,Smartphone Case,1,109.1,0.0,0.0,109.1,109.1,Direct,PayPal,Completed
ORD004653,CUST00522,USA,2024-07-31 06:00:00,Clothing,Jacket,1,14.88,0.0,0.0,14.88,14.88,Direct,Cash on Delivery,Completed
ORD004654,CUST00191,India,2025-05-01 08:00:00,Beauty,Face Cream,1,57.41,0.0,0.0,57.41,57.41,Organic Search,Cash on Delivery,Completed
ORD004655,CUST01273,Germany,2024-07-22 02:00:00,Electronics,Power Bank,1,35.62,0.0,0.0,35.62,35.62,Email,Cash on Delivery,Completed
ORD004656,CUST00262,Australia,2024-11-23 07:00:00,Beauty,Shampoo,1,35.25,0.0,0.0,35.25,35.25,Direct,PayPal,Completed
ORD004657,CUST00148,USA,2024-10-06 08:00:00,Electronics,Power Bank,1,140.18,10.0,14.02,140.18,126.16,Social Media,Debit Card,Completed
ORD004658,CUST00557,India,2025-04-14 20:00:00,Electronics,Wireless Earbuds,1,37.62,5.0,1.88,37.62,35.74,Paid Ads,UPI,Completed
ORD004659,CUST00175,UK,2025-03-21 10:00:00,Electronics,Bluetooth Speaker,2,87.43,0.0,0.0,174.86,174.86,Social Media,Cash on Delivery,Completed
ORD004660,CUST01031,India,2025-01-16 13:00:00,Clothing,Sneakers,1,66.6,0.0,0.0,66.6,66.6,Organic Search,Cash on Delivery,Completed
ORD004661,CUST00050,India,2025-04-13 11:00:00,Electronics,Power Bank,1,72.42,20.0,14.48,72.42,57.94,Email,UPI,Completed
ORD004662,CUST00863,USA,2024-01-22 08:00:00,Clothing,Sneakers,1,52.42,0.0,0.0,52.42,52.42,Email,UPI,Completed
ORD004663,CUST00864,USA,2024-08-18 18:00:00,Sports,Yoga Mat,2,11.45,0.0,0.0,22.9,22.9,Direct,UPI,Completed
ORD004664,CUST00933,Australia,2024-08-21 10:00:00,Books,Novel,4,11.98,15.0,7.19,47.92,40.73,Direct,UPI,Completed
ORD004665,CUST01277,India,2024-11-17 11:00:00,Electronics,Power Bank,1,61.0,5.0,3.05,61.0,57.95,Paid Ads,PayPal,Completed
ORD004666,CUST01355,USA,2024-02-10 09:00:00,Clothing,Sneakers,1,63.3,0.0,0.0,63.3,63.3,Direct,PayPal,Completed
ORD004667,CUST00686,USA,2024-05-03 04:00:00,Electronics,Power Bank,1,43.67,0.0,0.0,43.67,43.67,Email,PayPal,Completed
ORD004668,CUST00658,USA,2024-11-18 22:00:00,Home & Kitchen,Bed Sheets,1,78.0,10.0,7.8,78.0,70.2,Paid Ads,UPI,Completed
ORD004669,CUST00798,USA,2024-06-13 08:00:00,Beauty,Lipstick,4,28.45,5.0,5.69,113.8,108.11,Paid Ads,Credit Card,Completed
ORD004670,CUST01058,USA,2024-09-10 12:00:00,Electronics,Power Bank,3,115.9,0.0,0.0,347.7,347.7,Paid Ads,Cash on Delivery,Completed
ORD004671,CUST00467,India,2024-02-26 07:00:00,Books,Self-Help Book,3,12.85,10.0,3.86,38.55,34.69,Email,UPI,Completed
ORD004672,CUST00632,Canada,2024-05-02 21:00:00,Beauty,Face Cream,1,45.26,5.0,2.26,45.26,43.0,Paid Ads,Cash on Delivery,Completed
ORD004673,CUST00005,India,2024-10-12 03:00:00,Clothing,Hoodie,2,44.13,5.0,4.41,88.26,83.85,Paid Ads,Credit Card,Completed
ORD004674,CUST00913,UK,2025-01-29 02:00:00,Electronics,Power Bank,3,92.01,0.0,0.0,276.03,276.03,Direct,Credit Card,Completed
ORD004675,CUST00827,India,2024-01-13 20:00:00,Electronics,Bluetooth Speaker,1,20.02,0.0,0.0,20.02,20.02,Social Media,PayPal,Completed
ORD004676,CUST00115,UK,2025-03-08 20:00:00,Books,Self-Help Book,1,25.32,15.0,3.8,25.32,21.52,Paid Ads,PayPal,Completed
ORD004677,CUST00550,Germany,2025-05-03 14:00:00,Beauty,Lipstick,1,49.56,0.0,0.0,49.56,49.56,Organic Search,Debit Card,Completed
ORD004678,CUST00142,India,2024-11-14 05:00:00,Electronics,Smartphone Case,2,110.92,0.0,0.0,221.84,221.84,Paid Ads,PayPal,Completed
ORD004679,CUST00919,Germany,2024-02-06 15:00:00,Toys,Action Figure,2,47.22,0.0,0.0,94.44,94.44,Organic Search,PayPal,Completed
ORD004680,CUST00501,UK,2024-12-06 05:00:00,Toys,RC Car,1,25.14,0.0,0.0,25.14,25.14,Email,Cash on Delivery,Completed
ORD004681,CUST00459,India,2024-07-22 08:00:00,Home & Kitchen,Cutlery Set,2,47.82,0.0,0.0,95.64,95.64,Social Media,PayPal,Completed
ORD004682,CUST00127,Germany,2025-05-03 09:00:00,Clothing,T-Shirt,1,23.99,5.0,1.2,23.99,22.79,Social Media,Cash on Delivery,Completed
ORD004683,CUST00422,Germany,2024-10-13 05:00:00,Beauty,Perfume,1,14.34,0.0,0.0,14.34,14.34,Paid Ads,UPI,Completed
ORD004684,CUST00210,India,2025-02-12 07:00:00,Home & Kitchen,Coffee Maker,2,70.47,0.0,0.0,140.94,140.94,Direct,PayPal,Completed
ORD004685,CUST00301,India,2024-04-02 06:00:00,Toys,RC Car,2,30.57,0.0,0.0,61.14,61.14,Organic Search,Debit Card,Completed
ORD004686,CUST00393,USA,2024-04-16 12:00:00,Clothing,Jacket,2,26.38,20.0,10.55,52.76,42.21,Organic Search,Debit Card,Completed
ORD004687,CUST00593,India,2025-04-19 18:00:00,Clothing,Hoodie,1,25.95,5.0,1.3,25.95,24.65,Direct,PayPal,Completed
ORD004688,CUST00666,India,2024-07-11 22:00:00,Electronics,Bluetooth Speaker,1,45.83,0.0,0.0,45.83,45.83,Paid Ads,Cash on Delivery,Completed
ORD004689,CUST00980,USA,2024-05-29 08:00:00,Toys,Puzzle,1,21.09,0.0,0.0,21.09,21.09,Paid Ads,Credit Card,Completed
ORD004690,CUST00734,USA,2025-01-23 17:00:00,Books,Self-Help Book,1,18.61,5.0,0.93,18.61,17.68,Email,PayPal,Completed
ORD004691,CUST00455,India,2024-12-25 06:00:00,Clothing,T-Shirt,2,57.98,5.0,5.8,115.96,110.16,Email,Cash on Delivery,Completed
ORD004692,CUST00306,Australia,2025-03-25 05:00:00,Home & Kitchen,Coffee Maker,1,98.48,0.0,0.0,98.48,98.48,Organic Search,Debit Card,Completed
ORD004693,CUST00753,UK,2024-05-11 12:00:00,Books,Comic,1,28.25,15.0,4.24,28.25,24.01,Social Media,Debit Card,Completed
ORD004694,CUST00533,Australia,2024-09-29 22:00:00,Toys,Action Figure,2,44.05,5.0,4.4,88.1,83.7,Organic Search,Debit Card,Completed
ORD004695,CUST00316,UK,2024-05-19 08:00:00,Home & Kitchen,Bed Sheets,1,20.69,0.0,0.0,20.69,20.69,Organic Search,Credit Card,Completed
ORD004696,CUST00650,USA,2024-09-17 01:00:00,Beauty,Perfume,3,9.0,10.0,2.7,27.0,24.3,Social Media,Credit Card,Completed
ORD004697,CUST01188,India,2024-12-18 15:00:00,Electronics,Wireless Earbuds,1,21.39,0.0,0.0,21.39,21.39,Email,PayPal,Completed
ORD004698,CUST00961,India,2025-04-17 07:00:00,Beauty,Face Cream,1,39.1,0.0,0.0,39.1,39.1,Social Media,Credit Card,Completed
ORD004699,CUST01160,India,2024-01-19 04:00:00,Electronics,Wireless Earbuds,1,50.02,15.0,7.5,50.02,42.52,Email,Cash on Delivery,Completed
ORD004700,CUST00206,India,2025-02-10 01:00:00,Home & Kitchen,Coffee Maker,1,66.26,0.0,0.0,66.26,66.26,Paid Ads,Debit Card,Completed
ORD004701,CUST00169,India,2024-03-18 07:00:00,Toys,Puzzle,1,39.7,0.0,0.0,39.7,39.7,Organic Search,PayPal,Completed
ORD004702,CUST00045,India,2024-10-16 17:00:00,Electronics,Smartphone Case,2,25.33,10.0,5.07,50.66,45.59,Organic Search,UPI,Cancelled
ORD004703,CUST00496,USA,2024-05-12 04:00:00,Electronics,Power Bank,1,109.86,15.0,16.48,109.86,93.38,Social Media,Credit Card,Completed
ORD004704,CUST01133,India,2024-12-28 09:00:00,Electronics,Smartphone Case,1,123.29,5.0,6.16,123.29,117.13,Paid Ads,Debit Card,Completed
ORD004705,CUST00491,USA,2024-07-10 03:00:00,Home & Kitchen,Storage Box,1,55.87,5.0,2.79,55.87,53.08,Email,Debit Card,Cancelled
ORD004706,CUST00406,Canada,2024-08-20 20:00:00,Clothing,Sneakers,1,33.12,0.0,0.0,33.12,33.12,Organic Search,PayPal,Completed
ORD004707,CUST01183,UK,2025-04-14 15:00:00,Toys,Puzzle,1,30.82,0.0,0.0,30.82,30.82,Email,Cash on Delivery,Completed
ORD004708,CUST00375,India,2024-09-15 12:00:00,Beauty,Face Cream,2,55.5,5.0,5.55,111.0,105.45,Direct,Credit Card,Completed
ORD004709,CUST01162,India,2024-02-18 00:00:00,Sports,Running Shoes,1,80.88,10.0,8.09,80.88,72.79,Organic Search,Credit Card,Completed
ORD004710,CUST00494,India,2024-11-26 04:00:00,Beauty,Face Cream,1,55.23,0.0,0.0,55.23,55.23,Social Media,PayPal,Completed
ORD004711,CUST01263,India,2024-07-11 13:00:00,Electronics,Power Bank,1,24.52,0.0,0.0,24.52,24.52,Organic Search,UPI,Completed
ORD004712,CUST00466,USA,2024-02-11 03:00:00,Electronics,Wireless Earbuds,1,98.13,0.0,0.0,98.13,98.13,Email,UPI,Completed
ORD004713,CUST01185,India,2024-07-04 06:00:00,Home & Kitchen,Storage Box,3,39.86,0.0,0.0,119.58,119.58,Social Media,Credit Card,Completed
ORD004714,CUST01394,USA,2024-03-16 21:00:00,Home & Kitchen,Bed Sheets,1,22.2,5.0,1.11,22.2,21.09,Organic Search,Cash on Delivery,Completed
ORD004715,CUST01249,Australia,2024-10-16 12:00:00,Clothing,Jeans,1,77.37,0.0,0.0,77.37,77.37,Paid Ads,Debit Card,Completed
ORD004716,CUST00677,India,2024-04-03 22:00:00,Electronics,Bluetooth Speaker,1,138.18,0.0,0.0,138.18,138.18,Direct,Credit Card,Completed
ORD004717,CUST00430,India,2024-11-15 08:00:00,Electronics,USB-C Cable,1,76.58,20.0,15.32,76.58,61.26,Organic Search,UPI,Completed
ORD004718,CUST00687,USA,2024-04-10 15:00:00,Books,Novel,1,20.63,0.0,0.0,20.63,20.63,Paid Ads,Cash on Delivery,Completed
ORD004719,CUST01258,USA,2024-06-10 11:00:00,Books,Cookbook,1,23.97,0.0,0.0,23.97,23.97,Organic Search,PayPal,Returned
ORD004720,CUST00196,India,2024-06-17 19:00:00,Books,Novel,1,24.08,10.0,2.41,24.08,21.67,Direct,Debit Card,Completed
ORD004721,CUST00434,India,2025-05-10 03:00:00,Electronics,Wireless Earbuds,1,29.86,0.0,0.0,29.86,29.86,Email,PayPal,Completed
ORD004722,CUST01467,Australia,2024-12-30 14:00:00,Beauty,Lipstick,1,39.32,5.0,1.97,39.32,37.35,Social Media,Debit Card,Completed
ORD004723,CUST00634,USA,2025-02-05 03:00:00,Electronics,USB-C Cable,1,28.05,0.0,0.0,28.05,28.05,Email,Credit Card,Completed
ORD004724,CUST01066,Germany,2024-10-10 21:00:00,Home & Kitchen,Storage Box,1,45.6,0.0,0.0,45.6,45.6,Direct,PayPal,Completed
ORD004725,CUST01370,India,2024-09-26 07:00:00,Books,Self-Help Book,1,20.31,0.0,0.0,20.31,20.31,Social Media,PayPal,Completed
ORD004726,CUST01469,Canada,2024-06-26 18:00:00,Clothing,Hoodie,1,18.51,10.0,1.85,18.51,16.66,Paid Ads,Cash on Delivery,Completed
ORD004727,CUST00270,India,2025-03-21 01:00:00,Clothing,Jacket,1,72.37,15.0,10.86,72.37,61.51,Email,UPI,Completed
ORD004728,CUST01187,UK,2025-02-25 21:00:00,Clothing,T-Shirt,1,42.06,0.0,0.0,42.06,42.06,Paid Ads,Debit Card,Completed
ORD004729,CUST00332,Germany,2024-09-28 14:00:00,Sports,Resistance Bands,1,41.68,0.0,0.0,41.68,41.68,Paid Ads,PayPal,Completed
ORD004730,CUST01254,India,2024-12-02 13:00:00,Electronics,Wireless Earbuds,1,59.49,10.0,5.95,59.49,53.54,Direct,Debit Card,Completed
ORD004731,CUST01014,India,2024-01-28 11:00:00,Electronics,USB-C Cable,1,67.79,0.0,0.0,67.79,67.79,Email,PayPal,Completed
ORD004732,CUST00708,Germany,2025-04-13 06:00:00,Electronics,Power Bank,1,48.65,0.0,0.0,48.65,48.65,Organic Search,Debit Card,Completed
ORD004733,CUST00393,USA,2024-12-23 18:00:00,Electronics,USB-C Cable,1,38.66,0.0,0.0,38.66,38.66,Paid Ads,UPI,Completed
ORD004734,CUST01119,India,2024-02-15 01:00:00,Toys,RC Car,1,31.82,0.0,0.0,31.82,31.82,Email,Credit Card,Completed
ORD004735,CUST00115,UK,2024-03-23 06:00:00,Sports,Running Shoes,1,80.31,15.0,12.05,80.31,68.26,Organic Search,Cash on Delivery,Completed
ORD004736,CUST00764,Germany,2024-04-26 19:00:00,Electronics,USB-C Cable,1,143.71,0.0,0.0,143.71,143.71,Social Media,Cash on Delivery,Completed
ORD004737,CUST00125,India,2024-10-23 03:00:00,Books,Self-Help Book,1,29.99,20.0,6.0,29.99,23.99,Social Media,UPI,Returned
ORD004738,CUST00040,USA,2024-01-27 03:00:00,Toys,Board Game,3,37.09,5.0,5.56,111.27,105.71,Organic Search,UPI,Completed
ORD004739,CUST00943,UK,2024-08-18 02:00:00,Toys,Board Game,2,46.17,15.0,13.85,92.34,78.49,Paid Ads,UPI,Completed
ORD004740,CUST00005,India,2025-01-25 03:00:00,Clothing,Jeans,1,56.81,0.0,0.0,56.81,56.81,Paid Ads,Credit Card,Completed
ORD004741,CUST00310,India,2024-03-01 22:00:00,Beauty,Lipstick,1,26.5,0.0,0.0,26.5,26.5,Paid Ads,Debit Card,Completed
ORD004742,CUST00560,UK,2024-07-12 21:00:00,Home & Kitchen,Storage Box,1,77.96,5.0,3.9,77.96,74.06,Social Media,Debit Card,Returned
ORD004743,CUST00908,India,2024-02-28 16:00:00,Beauty,Face Cream,1,19.01,0.0,0.0,19.01,19.01,Paid Ads,Cash on Delivery,Completed
ORD004744,CUST00433,UK,2024-08-20 02:00:00,Clothing,Jeans,2,69.61,0.0,0.0,139.22,139.22,Social Media,PayPal,Completed
ORD004745,CUST00852,Germany,2024-09-09 12:00:00,Clothing,Jacket,3,69.53,0.0,0.0,208.59,208.59,Email,Credit Card,Completed
ORD004746,CUST00745,India,2025-02-07 16:00:00,Home & Kitchen,Blender,1,42.51,20.0,8.5,42.51,34.01,Direct,Cash on Delivery,Completed
ORD004747,CUST00388,India,2024-11-05 17:00:00,Electronics,USB-C Cable,1,25.25,15.0,3.79,25.25,21.46,Social Media,Cash on Delivery,Completed
ORD004748,CUST00556,USA,2024-02-29 03:00:00,Electronics,USB-C Cable,2,27.27,0.0,0.0,54.54,54.54,Paid Ads,Cash on Delivery,Completed
ORD004749,CUST00658,USA,2025-03-04 13:00:00,Books,Comic,3,7.85,0.0,0.0,23.55,23.55,Direct,Cash on Delivery,Completed
ORD004750,CUST00751,India,2024-11-14 10:00:00,Beauty,Shampoo,4,45.38,0.0,0.0,181.52,181.52,Social Media,Cash on Delivery,Completed
ORD004751,CUST00055,USA,2025-05-09 22:00:00,Sports,Dumbbells,1,56.12,10.0,5.61,56.12,50.51,Organic Search,Cash on Delivery,Completed
ORD004752,CUST00166,Canada,2025-04-16 14:00:00,Beauty,Lipstick,1,53.78,5.0,2.69,53.78,51.09,Social Media,Debit Card,Completed
ORD004753,CUST00597,UK,2024-10-24 03:00:00,Books,Cookbook,1,17.43,10.0,1.74,17.43,15.69,Organic Search,Credit Card,Cancelled
ORD004754,CUST00514,Canada,2025-02-02 16:00:00,Electronics,Smartphone Case,1,55.83,0.0,0.0,55.83,55.83,Organic Search,UPI,Completed
ORD004755,CUST00905,USA,2024-12-03 06:00:00,Clothing,Jeans,1,78.73,0.0,0.0,78.73,78.73,Organic Search,PayPal,Completed
ORD004756,CUST00248,Australia,2024-04-24 20:00:00,Toys,Board Game,1,45.48,0.0,0.0,45.48,45.48,Paid Ads,PayPal,Completed
ORD004757,CUST00188,USA,2024-07-12 00:00:00,Beauty,Perfume,1,45.47,0.0,0.0,45.47,45.47,Organic Search,UPI,Completed
ORD004758,CUST00864,USA,2024-04-30 06:00:00,Electronics,Power Bank,1,55.35,0.0,0.0,55.35,55.35,Organic Search,Debit Card,Completed
ORD004759,CUST01424,India,2024-04-17 10:00:00,Books,Self-Help Book,1,16.94,15.0,2.54,16.94,14.4,Email,Credit Card,Completed
ORD004760,CUST01008,Canada,2024-07-24 05:00:00,Electronics,Wireless Earbuds,1,16.61,0.0,0.0,16.61,16.61,Organic Search,Debit Card,Completed
ORD004761,CUST01452,UK,2024-04-11 00:00:00,Home & Kitchen,Bed Sheets,2,92.27,0.0,0.0,184.54,184.54,Organic Search,PayPal,Completed
ORD004762,CUST00631,UK,2025-05-05 04:00:00,Clothing,Jeans,1,60.79,0.0,0.0,60.79,60.79,Email,PayPal,Completed
ORD004763,CUST00581,USA,2024-11-24 13:00:00,Sports,Water Bottle,1,87.19,5.0,4.36,87.19,82.83,Paid Ads,Credit Card,Completed
ORD004764,CUST01494,India,2024-12-25 00:00:00,Electronics,Bluetooth Speaker,1,130.27,0.0,0.0,130.27,130.27,Email,UPI,Returned
ORD004765,CUST01224,Australia,2024-08-28 09:00:00,Beauty,Lipstick,1,28.34,0.0,0.0,28.34,28.34,Social Media,UPI,Completed
ORD004766,CUST01204,India,2025-04-02 21:00:00,Home & Kitchen,Storage Box,1,41.03,0.0,0.0,41.03,41.03,Social Media,Cash on Delivery,Completed
ORD004767,CUST00468,Canada,2024-03-31 03:00:00,Clothing,Sneakers,1,42.41,0.0,0.0,42.41,42.41,Social Media,PayPal,Completed
ORD004768,CUST00491,USA,2024-12-08 18:00:00,Books,Comic,1,12.93,0.0,0.0,12.93,12.93,Social Media,PayPal,Completed
ORD004769,CUST01128,USA,2024-09-23 12:00:00,Toys,RC Car,1,35.0,0.0,0.0,35.0,35.0,Paid Ads,Debit Card,Completed
ORD004770,CUST00236,Germany,2024-10-15 06:00:00,Electronics,Smartphone Case,1,58.34,5.0,2.92,58.34,55.42,Paid Ads,PayPal,Returned
ORD004771,CUST00532,Australia,2024-05-11 12:00:00,Clothing,Hoodie,1,44.55,10.0,4.46,44.55,40.09,Social Media,UPI,Completed
ORD004772,CUST00226,India,2024-08-06 12:00:00,Clothing,Sneakers,1,13.76,0.0,0.0,13.76,13.76,Paid Ads,PayPal,Completed
ORD004773,CUST00842,UK,2025-01-18 02:00:00,Electronics,Bluetooth Speaker,1,95.8,0.0,0.0,95.8,95.8,Organic Search,PayPal,Completed
ORD004774,CUST00831,India,2024-07-26 06:00:00,Books,Self-Help Book,1,6.93,0.0,0.0,6.93,6.93,Organic Search,UPI,Completed
ORD004775,CUST00565,USA,2024-11-04 06:00:00,Clothing,Jeans,1,75.77,0.0,0.0,75.77,75.77,Social Media,Debit Card,Completed
ORD004776,CUST00228,USA,2024-05-31 05:00:00,Toys,Board Game,1,34.58,0.0,0.0,34.58,34.58,Social Media,Credit Card,Cancelled
ORD004777,CUST00780,UK,2024-05-11 10:00:00,Clothing,Jacket,1,27.37,15.0,4.11,27.37,23.26,Paid Ads,UPI,Completed
ORD004778,CUST00228,USA,2024-05-26 06:00:00,Sports,Running Shoes,4,36.1,5.0,7.22,144.4,137.18,Social Media,Debit Card,Completed
ORD004779,CUST00054,Canada,2024-10-07 20:00:00,Electronics,Smartphone Case,2,125.98,0.0,0.0,251.96,251.96,Organic Search,Cash on Delivery,Completed
ORD004780,CUST00144,India,2024-01-15 19:00:00,Clothing,T-Shirt,1,29.92,0.0,0.0,29.92,29.92,Paid Ads,PayPal,Completed
ORD004781,CUST01146,Canada,2024-03-10 19:00:00,Electronics,Power Bank,1,82.51,0.0,0.0,82.51,82.51,Paid Ads,Cash on Delivery,Completed
ORD004782,CUST00057,India,2024-07-08 18:00:00,Electronics,Power Bank,1,129.83,0.0,0.0,129.83,129.83,Paid Ads,PayPal,Completed
ORD004783,CUST01343,Canada,2024-12-13 04:00:00,Home & Kitchen,Bed Sheets,1,30.89,0.0,0.0,30.89,30.89,Organic Search,Debit Card,Completed
ORD004784,CUST00436,UK,2025-01-05 07:00:00,Electronics,Bluetooth Speaker,1,44.05,0.0,0.0,44.05,44.05,Paid Ads,Debit Card,Completed
ORD004785,CUST00487,India,2024-06-28 04:00:00,Beauty,Face Cream,1,38.41,15.0,5.76,38.41,32.65,Organic Search,Credit Card,Completed
ORD004786,CUST01394,USA,2024-07-11 03:00:00,Home & Kitchen,Blender,1,44.3,0.0,0.0,44.3,44.3,Email,UPI,Completed
ORD004787,CUST00938,Canada,2025-03-20 17:00:00,Clothing,Jeans,1,13.58,0.0,0.0,13.58,13.58,Social Media,UPI,Completed
ORD004788,CUST00840,UK,2024-07-20 02:00:00,Electronics,Wireless Earbuds,1,141.23,20.0,28.25,141.23,112.98,Organic Search,Debit Card,Completed
ORD004789,CUST00205,UK,2024-01-16 17:00:00,Beauty,Perfume,2,8.82,0.0,0.0,17.64,17.64,Email,Debit Card,Completed
ORD004790,CUST01102,Australia,2024-12-30 02:00:00,Toys,Puzzle,1,41.45,0.0,0.0,41.45,41.45,Social Media,Debit Card,Completed
ORD004791,CUST01447,UK,2024-11-02 01:00:00,Toys,Building Blocks,1,23.55,5.0,1.18,23.55,22.37,Social Media,Cash on Delivery,Completed
ORD004792,CUST00070,Australia,2024-03-16 14:00:00,Electronics,USB-C Cable,1,40.76,0.0,0.0,40.76,40.76,Organic Search,PayPal,Completed
ORD004793,CUST00750,UK,2024-12-11 01:00:00,Books,Self-Help Book,2,25.55,0.0,0.0,51.1,51.1,Paid Ads,Credit Card,Completed
ORD004794,CUST00311,USA,2025-03-08 10:00:00,Books,Self-Help Book,1,18.97,0.0,0.0,18.97,18.97,Social Media,Debit Card,Completed
ORD004795,CUST00814,Australia,2024-01-16 13:00:00,Home & Kitchen,Cutlery Set,3,30.3,0.0,0.0,90.9,90.9,Social Media,UPI,Completed
ORD004796,CUST01178,India,2024-03-03 13:00:00,Toys,Puzzle,1,46.96,0.0,0.0,46.96,46.96,Social Media,PayPal,Completed
ORD004797,CUST01128,USA,2024-04-01 15:00:00,Toys,RC Car,1,29.68,0.0,0.0,29.68,29.68,Email,Debit Card,Completed
ORD004798,CUST01353,USA,2024-07-23 13:00:00,Toys,Puzzle,4,41.5,0.0,0.0,166.0,166.0,Social Media,PayPal,Completed
ORD004799,CUST00757,UK,2024-08-07 11:00:00,Books,Comic,1,16.4,0.0,0.0,16.4,16.4,Direct,Cash on Delivery,Returned
ORD004800,CUST01381,India,2025-05-14 19:00:00,Home & Kitchen,Cutlery Set,1,53.71,0.0,0.0,53.71,53.71,Social Media,UPI,Completed
ORD004801,CUST00584,India,2025-03-31 19:00:00,Electronics,Wireless Earbuds,1,136.89,0.0,0.0,136.89,136.89,Organic Search,Cash on Delivery,Completed
ORD004802,CUST01286,USA,2024-11-29 08:00:00,Books,Cookbook,1,5.82,0.0,0.0,5.82,5.82,Paid Ads,Credit Card,Completed
ORD004803,CUST00960,Germany,2024-09-27 16:00:00,Books,Cookbook,2,25.09,0.0,0.0,50.18,50.18,Direct,UPI,Completed
ORD004804,CUST00022,India,2024-12-09 08:00:00,Clothing,T-Shirt,1,11.66,0.0,0.0,11.66,11.66,Social Media,Credit Card,Completed
ORD004805,CUST00612,Germany,2024-02-25 13:00:00,Sports,Running Shoes,1,53.27,0.0,0.0,53.27,53.27,Paid Ads,Credit Card,Returned
ORD004806,CUST00806,Germany,2024-05-23 07:00:00,Clothing,Hoodie,1,45.08,0.0,0.0,45.08,45.08,Organic Search,Credit Card,Returned
ORD004807,CUST00361,USA,2024-07-22 10:00:00,Clothing,Jacket,1,30.67,15.0,4.6,30.67,26.07,Social Media,Credit Card,Completed
ORD004808,CUST01472,Germany,2024-12-12 00:00:00,Sports,Water Bottle,1,38.5,0.0,0.0,38.5,38.5,Direct,Credit Card,Returned
ORD004809,CUST00957,USA,2024-08-16 00:00:00,Sports,Yoga Mat,1,89.87,5.0,4.49,89.87,85.38,Email,PayPal,Completed
ORD004810,CUST00377,Canada,2024-02-11 03:00:00,Electronics,Bluetooth Speaker,2,64.1,0.0,0.0,128.2,128.2,Organic Search,Credit Card,Completed
ORD004811,CUST00172,India,2024-06-25 02:00:00,Toys,Action Figure,1,45.86,0.0,0.0,45.86,45.86,Paid Ads,UPI,Completed
ORD004812,CUST01386,India,2025-03-26 01:00:00,Books,Comic,1,6.15,20.0,1.23,6.15,4.92,Paid Ads,PayPal,Completed
ORD004813,CUST00214,India,2024-06-18 00:00:00,Clothing,Sneakers,1,10.07,0.0,0.0,10.07,10.07,Direct,UPI,Completed
ORD004814,CUST00135,Australia,2024-03-09 00:00:00,Clothing,Hoodie,3,29.8,0.0,0.0,89.4,89.4,Paid Ads,Credit Card,Completed
ORD004815,CUST00177,UK,2024-10-11 00:00:00,Beauty,Lipstick,1,23.63,5.0,1.18,23.63,22.45,Social Media,PayPal,Completed
ORD004816,CUST00541,Australia,2024-09-13 16:00:00,Beauty,Perfume,1,54.42,0.0,0.0,54.42,54.42,Paid Ads,Debit Card,Completed
ORD004817,CUST01194,UK,2024-02-19 18:00:00,Sports,Water Bottle,1,31.22,0.0,0.0,31.22,31.22,Social Media,Cash on Delivery,Cancelled
ORD004818,CUST00624,USA,2024-12-28 01:00:00,Electronics,USB-C Cable,1,109.5,5.0,5.48,109.5,104.02,Organic Search,Debit Card,Completed
ORD004819,CUST00472,Australia,2024-10-16 00:00:00,Toys,Building Blocks,1,26.35,10.0,2.64,26.35,23.71,Paid Ads,Debit Card,Completed
ORD004820,CUST01435,India,2024-09-24 18:00:00,Books,Cookbook,2,24.08,0.0,0.0,48.16,48.16,Social Media,Credit Card,Completed
ORD004821,CUST01367,UK,2024-04-03 22:00:00,Beauty,Lipstick,1,17.61,0.0,0.0,17.61,17.61,Paid Ads,Cash on Delivery,Completed
ORD004822,CUST00977,USA,2025-05-04 13:00:00,Home & Kitchen,Storage Box,2,28.31,10.0,5.66,56.62,50.96,Paid Ads,Cash on Delivery,Completed
ORD004823,CUST00966,USA,2024-05-09 14:00:00,Clothing,T-Shirt,1,37.47,5.0,1.87,37.47,35.6,Email,UPI,Completed
ORD004824,CUST00269,USA,2024-09-10 22:00:00,Beauty,Perfume,2,19.08,0.0,0.0,38.16,38.16,Email,PayPal,Completed
ORD004825,CUST01339,India,2024-01-12 06:00:00,Books,Comic,1,24.77,0.0,0.0,24.77,24.77,Social Media,PayPal,Completed
ORD004826,CUST01240,India,2024-12-21 03:00:00,Beauty,Shampoo,1,29.91,0.0,0.0,29.91,29.91,Organic Search,Debit Card,Completed
ORD004827,CUST01464,UK,2024-12-09 17:00:00,Electronics,Power Bank,1,113.87,0.0,0.0,113.87,113.87,Organic Search,Credit Card,Completed
ORD004828,CUST00296,USA,2025-03-10 05:00:00,Beauty,Perfume,2,29.5,0.0,0.0,59.0,59.0,Email,Credit Card,Completed
ORD004829,CUST01387,Germany,2024-09-15 22:00:00,Electronics,Bluetooth Speaker,1,65.47,15.0,9.82,65.47,55.65,Social Media,PayPal,Completed
ORD004830,CUST01125,UK,2024-11-01 15:00:00,Home & Kitchen,Cutlery Set,1,62.77,0.0,0.0,62.77,62.77,Organic Search,Cash on Delivery,Completed
ORD004831,CUST00672,Canada,2024-10-10 19:00:00,Clothing,Jacket,1,47.73,0.0,0.0,47.73,47.73,Paid Ads,UPI,Completed
ORD004832,CUST00260,India,2025-04-24 17:00:00,Beauty,Shampoo,1,57.44,0.0,0.0,57.44,57.44,Paid Ads,PayPal,Completed
ORD004833,CUST00885,Germany,2024-02-11 01:00:00,Toys,Puzzle,1,10.65,20.0,2.13,10.65,8.52,Email,Debit Card,Completed
ORD004834,CUST01420,Australia,2024-01-17 21:00:00,Books,Biography,1,17.02,5.0,0.85,17.02,16.17,Organic Search,Cash on Delivery,Completed
ORD004835,CUST00527,USA,2024-05-03 00:00:00,Books,Novel,1,5.88,5.0,0.29,5.88,5.59,Social Media,Credit Card,Completed
ORD004836,CUST00218,Germany,2024-07-02 12:00:00,Beauty,Shampoo,1,18.01,20.0,3.6,18.01,14.41,Paid Ads,Debit Card,Completed
ORD004837,CUST01268,USA,2024-06-07 21:00:00,Home & Kitchen,Cutlery Set,1,51.16,10.0,5.12,51.16,46.04,Social Media,PayPal,Completed
ORD004838,CUST00357,India,2024-01-07 12:00:00,Books,Biography,1,6.53,0.0,0.0,6.53,6.53,Organic Search,UPI,Completed
ORD004839,CUST01115,USA,2025-03-10 22:00:00,Electronics,Wireless Earbuds,2,94.02,0.0,0.0,188.04,188.04,Email,Cash on Delivery,Completed
ORD004840,CUST00733,UK,2024-03-30 05:00:00,Clothing,Hoodie,1,55.64,0.0,0.0,55.64,55.64,Social Media,Cash on Delivery,Completed
ORD004841,CUST00642,India,2024-04-28 21:00:00,Toys,RC Car,3,49.33,10.0,14.8,147.99,133.19,Direct,Debit Card,Completed
ORD004842,CUST00055,USA,2025-04-15 07:00:00,Beauty,Lipstick,1,22.21,20.0,4.44,22.21,17.77,Paid Ads,Debit Card,Completed
ORD004843,CUST00550,Germany,2024-10-06 00:00:00,Toys,Action Figure,1,46.88,0.0,0.0,46.88,46.88,Social Media,PayPal,Completed
ORD004844,CUST01236,USA,2025-04-11 14:00:00,Beauty,Lipstick,2,8.71,0.0,0.0,17.42,17.42,Direct,PayPal,Completed
ORD004845,CUST01228,India,2024-01-19 17:00:00,Books,Comic,1,26.58,5.0,1.33,26.58,25.25,Organic Search,Credit Card,Completed
ORD004846,CUST00990,Germany,2024-05-12 11:00:00,Home & Kitchen,Coffee Maker,1,21.1,0.0,0.0,21.1,21.1,Organic Search,Cash on Delivery,Completed
ORD004847,CUST01419,USA,2024-07-23 09:00:00,Toys,Puzzle,2,11.93,0.0,0.0,23.86,23.86,Email,PayPal,Completed
ORD004848,CUST00852,Germany,2024-07-03 03:00:00,Books,Cookbook,1,11.16,0.0,0.0,11.16,11.16,Paid Ads,PayPal,Completed
ORD004849,CUST00149,India,2025-05-01 14:00:00,Sports,Resistance Bands,2,80.56,0.0,0.0,161.12,161.12,Organic Search,PayPal,Completed
ORD004850,CUST00614,India,2024-04-26 09:00:00,Sports,Running Shoes,1,65.26,0.0,0.0,65.26,65.26,Organic Search,Cash on Delivery,Completed
ORD004851,CUST00121,Germany,2024-09-07 16:00:00,Sports,Dumbbells,4,33.23,0.0,0.0,132.92,132.92,Direct,Debit Card,Completed
ORD004852,CUST00938,Canada,2024-06-18 09:00:00,Toys,Action Figure,4,47.14,0.0,0.0,188.56,188.56,Paid Ads,Cash on Delivery,Completed
ORD004853,CUST00959,India,2025-03-13 15:00:00,Clothing,Hoodie,2,19.87,10.0,3.97,39.74,35.77,Social Media,Cash on Delivery,Completed
ORD004854,CUST00651,India,2024-10-28 14:00:00,Home & Kitchen,Bed Sheets,2,70.74,0.0,0.0,141.48,141.48,Organic Search,UPI,Completed
ORD004855,CUST00198,Canada,2024-08-19 19:00:00,Toys,Action Figure,2,21.43,15.0,6.43,42.86,36.43,Social Media,UPI,Completed
ORD004856,CUST00099,India,2025-02-04 15:00:00,Home & Kitchen,Blender,2,77.73,5.0,7.77,155.46,147.69,Paid Ads,UPI,Completed
ORD004857,CUST00464,USA,2025-03-09 20:00:00,Beauty,Face Cream,2,27.99,5.0,2.8,55.98,53.18,Direct,PayPal,Completed
ORD004858,CUST01458,UK,2024-09-27 21:00:00,Electronics,Bluetooth Speaker,1,32.58,0.0,0.0,32.58,32.58,Direct,Cash on Delivery,Completed
ORD004859,CUST00986,USA,2025-05-14 22:00:00,Sports,Resistance Bands,1,71.35,0.0,0.0,71.35,71.35,Social Media,PayPal,Completed
ORD004860,CUST01275,USA,2024-03-14 06:00:00,Beauty,Lipstick,1,53.42,20.0,10.68,53.42,42.74,Organic Search,UPI,Cancelled
ORD004861,CUST01118,Canada,2025-02-13 01:00:00,Sports,Dumbbells,1,78.17,0.0,0.0,78.17,78.17,Direct,Debit Card,Completed
ORD004862,CUST00135,Australia,2024-06-11 02:00:00,Clothing,Jeans,1,49.06,0.0,0.0,49.06,49.06,Paid Ads,UPI,Completed
ORD004863,CUST00549,USA,2024-02-19 22:00:00,Electronics,USB-C Cable,1,141.39,0.0,0.0,141.39,141.39,Email,PayPal,Cancelled
ORD004864,CUST00428,Canada,2024-02-24 07:00:00,Electronics,Smartphone Case,4,41.73,15.0,25.04,166.92,141.88,Organic Search,Credit Card,Completed
ORD004865,CUST00253,Canada,2025-03-25 22:00:00,Home & Kitchen,Bed Sheets,1,70.35,0.0,0.0,70.35,70.35,Social Media,Debit Card,Completed
ORD004866,CUST00130,USA,2024-09-24 05:00:00,Beauty,Lipstick,1,39.17,0.0,0.0,39.17,39.17,Email,PayPal,Completed
ORD004867,CUST01115,USA,2024-05-09 04:00:00,Books,Biography,1,8.45,0.0,0.0,8.45,8.45,Paid Ads,PayPal,Completed
ORD004868,CUST00387,India,2024-01-24 18:00:00,Home & Kitchen,Storage Box,1,21.17,0.0,0.0,21.17,21.17,Direct,Credit Card,Completed
ORD004869,CUST01201,Germany,2024-10-04 21:00:00,Home & Kitchen,Cutlery Set,2,94.66,5.0,9.47,189.32,179.85,Social Media,Debit Card,Completed
ORD004870,CUST00802,India,2024-04-08 07:00:00,Sports,Water Bottle,1,74.25,0.0,0.0,74.25,74.25,Organic Search,UPI,Completed
ORD004871,CUST01352,USA,2024-05-12 01:00:00,Books,Cookbook,1,12.04,0.0,0.0,12.04,12.04,Paid Ads,Credit Card,Completed
ORD004872,CUST00925,USA,2024-10-08 16:00:00,Home & Kitchen,Cutlery Set,1,68.34,0.0,0.0,68.34,68.34,Direct,Debit Card,Completed
ORD004873,CUST00107,USA,2024-09-10 00:00:00,Electronics,Bluetooth Speaker,2,78.52,15.0,23.56,157.04,133.48,Organic Search,Credit Card,Completed
ORD004874,CUST01385,UK,2024-10-04 13:00:00,Books,Cookbook,1,16.6,0.0,0.0,16.6,16.6,Organic Search,Debit Card,Completed
ORD004875,CUST01478,Germany,2024-03-30 16:00:00,Books,Self-Help Book,1,27.63,15.0,4.14,27.63,23.49,Social Media,Debit Card,Completed
ORD004876,CUST00582,Australia,2025-01-14 21:00:00,Clothing,Jacket,2,63.61,0.0,0.0,127.22,127.22,Paid Ads,Cash on Delivery,Completed
ORD004877,CUST01028,Canada,2024-08-20 19:00:00,Home & Kitchen,Blender,1,75.84,0.0,0.0,75.84,75.84,Social Media,PayPal,Completed
ORD004878,CUST00778,Germany,2024-01-10 16:00:00,Books,Comic,4,15.42,0.0,0.0,61.68,61.68,Organic Search,Debit Card,Returned
ORD004879,CUST00851,India,2025-05-13 13:00:00,Electronics,Power Bank,2,56.05,0.0,0.0,112.1,112.1,Organic Search,Cash on Delivery,Completed
ORD004880,CUST00118,India,2024-04-09 13:00:00,Beauty,Perfume,1,41.23,0.0,0.0,41.23,41.23,Social Media,UPI,Completed
ORD004881,CUST01417,India,2024-11-03 10:00:00,Home & Kitchen,Storage Box,2,58.86,0.0,0.0,117.72,117.72,Social Media,Credit Card,Completed
ORD004882,CUST00856,India,2024-08-08 16:00:00,Electronics,Smartphone Case,1,136.6,15.0,20.49,136.6,116.11,Organic Search,Debit Card,Completed
ORD004883,CUST01068,India,2024-11-11 08:00:00,Home & Kitchen,Cutlery Set,1,99.48,0.0,0.0,99.48,99.48,Organic Search,Credit Card,Completed
ORD004884,CUST00422,Germany,2024-06-16 15:00:00,Home & Kitchen,Blender,1,80.74,0.0,0.0,80.74,80.74,Social Media,Credit Card,Completed
ORD004885,CUST00704,India,2024-10-06 10:00:00,Clothing,Hoodie,3,48.81,0.0,0.0,146.43,146.43,Social Media,Debit Card,Completed
ORD004886,CUST00817,USA,2024-09-20 04:00:00,Toys,RC Car,1,44.36,0.0,0.0,44.36,44.36,Organic Search,UPI,Completed
ORD004887,CUST00390,Germany,2024-06-07 06:00:00,Clothing,T-Shirt,1,41.47,0.0,0.0,41.47,41.47,Organic Search,UPI,Completed
ORD004888,CUST00398,USA,2024-11-27 22:00:00,Home & Kitchen,Blender,2,68.69,0.0,0.0,137.38,137.38,Paid Ads,UPI,Completed
ORD004889,CUST00017,India,2024-03-02 22:00:00,Books,Cookbook,1,24.05,0.0,0.0,24.05,24.05,Organic Search,Cash on Delivery,Cancelled
ORD004890,CUST00797,Australia,2024-01-23 13:00:00,Toys,RC Car,2,42.31,10.0,8.46,84.62,76.16,Paid Ads,Cash on Delivery,Completed
ORD004891,CUST01038,Germany,2024-03-26 15:00:00,Home & Kitchen,Storage Box,1,48.41,10.0,4.84,48.41,43.57,Organic Search,Credit Card,Completed
ORD004892,CUST00771,India,2025-05-08 05:00:00,Sports,Dumbbells,1,85.1,0.0,0.0,85.1,85.1,Paid Ads,UPI,Completed
ORD004893,CUST00487,India,2025-03-29 09:00:00,Clothing,Sneakers,2,53.32,0.0,0.0,106.64,106.64,Paid Ads,UPI,Completed
ORD004894,CUST01448,Canada,2024-12-27 13:00:00,Home & Kitchen,Storage Box,4,15.94,0.0,0.0,63.76,63.76,Paid Ads,Credit Card,Completed
ORD004895,CUST00778,Germany,2024-06-10 01:00:00,Toys,Board Game,1,29.69,0.0,0.0,29.69,29.69,Organic Search,UPI,Completed
ORD004896,CUST00144,India,2024-10-28 06:00:00,Sports,Running Shoes,1,41.28,5.0,2.06,41.28,39.22,Email,Credit Card,Completed
ORD004897,CUST01365,Germany,2024-12-07 09:00:00,Clothing,T-Shirt,2,70.09,10.0,14.02,140.18,126.16,Direct,Debit Card,Completed
ORD004898,CUST00149,India,2024-01-09 13:00:00,Beauty,Lipstick,1,41.8,0.0,0.0,41.8,41.8,Paid Ads,UPI,Completed
ORD004899,CUST00985,Germany,2024-03-15 20:00:00,Clothing,T-Shirt,2,33.92,0.0,0.0,67.84,67.84,Direct,PayPal,Completed
ORD004900,CUST01268,USA,2024-09-27 00:00:00,Electronics,Bluetooth Speaker,1,96.75,5.0,4.84,96.75,91.91,Social Media,Cash on Delivery,Completed
ORD004901,CUST00925,USA,2024-07-03 11:00:00,Books,Comic,1,5.79,10.0,0.58,5.79,5.21,Direct,UPI,Cancelled
ORD004902,CUST01037,India,2024-03-25 09:00:00,Electronics,Smartphone Case,2,116.36,0.0,0.0,232.72,232.72,Email,UPI,Completed
ORD004903,CUST00800,Australia,2025-01-21 08:00:00,Sports,Yoga Mat,2,77.67,0.0,0.0,155.34,155.34,Social Media,UPI,Completed
ORD004904,CUST01499,USA,2024-04-24 08:00:00,Clothing,Jacket,4,38.78,0.0,0.0,155.12,155.12,Direct,PayPal,Completed
ORD004905,CUST00502,USA,2025-02-05 17:00:00,Clothing,Sneakers,2,19.62,0.0,0.0,39.24,39.24,Organic Search,UPI,Completed
ORD004906,CUST00786,Canada,2024-06-12 18:00:00,Beauty,Lipstick,1,14.25,5.0,0.71,14.25,13.54,Social Media,UPI,Completed
ORD004907,CUST00894,USA,2024-04-11 22:00:00,Beauty,Shampoo,1,39.28,,0.0,39.28,39.28,Organic Search,Cash on Delivery,Completed
ORD004908,CUST00819,India,2025-05-14 01:00:00,Books,Comic,1,10.43,0.0,0.0,10.43,10.43,Organic Search,Debit Card,Completed
ORD004909,CUST01262,Germany,2024-12-03 16:00:00,Sports,Yoga Mat,1,53.34,0.0,0.0,53.34,53.34,Paid Ads,UPI,Completed
ORD004910,CUST01385,UK,2024-11-03 13:00:00,Electronics,Wireless Earbuds,1,29.31,20.0,5.86,29.31,23.45,Paid Ads,Cash on Delivery,Completed
ORD004911,CUST00071,Germany,2024-03-01 08:00:00,Electronics,Wireless Earbuds,2,52.63,0.0,0.0,105.26,105.26,Social Media,Credit Card,Returned
ORD004912,CUST00251,India,2024-04-23 15:00:00,Clothing,Jeans,1,24.36,0.0,0.0,24.36,24.36,Email,PayPal,Completed
ORD004913,CUST00601,India,2025-01-27 14:00:00,Clothing,Jeans,1,39.77,0.0,0.0,39.77,39.77,Organic Search,Credit Card,Cancelled
ORD004914,CUST01292,India,2024-06-04 05:00:00,Home & Kitchen,Coffee Maker,3,87.6,0.0,0.0,262.8,262.8,Email,Cash on Delivery,Completed
ORD004915,CUST01137,Canada,2024-04-29 15:00:00,Books,Novel,4,7.25,0.0,0.0,29.0,29.0,Paid Ads,Credit Card,Completed
ORD004916,CUST01235,UK,2024-06-20 20:00:00,Electronics,Bluetooth Speaker,1,22.73,0.0,0.0,22.73,22.73,Email,UPI,Cancelled
ORD004917,CUST00947,India,2024-01-19 06:00:00,Beauty,Perfume,1,44.98,0.0,0.0,44.98,44.98,Organic Search,Cash on Delivery,Completed
ORD004918,CUST01117,India,2025-02-09 10:00:00,Clothing,Jacket,1,23.09,0.0,0.0,23.09,23.09,Organic Search,UPI,Completed
ORD004919,CUST01251,Germany,2024-04-02 00:00:00,Electronics,Wireless Earbuds,1,109.45,0.0,0.0,109.45,109.45,Paid Ads,Debit Card,Completed
ORD004920,CUST01159,Canada,2025-03-24 07:00:00,Sports,Resistance Bands,1,72.29,5.0,3.61,72.29,68.68,Organic Search,Credit Card,Completed
ORD004921,CUST00488,India,2025-01-18 05:00:00,Toys,Building Blocks,3,48.77,5.0,7.32,146.31,138.99,Social Media,PayPal,Completed
ORD004922,CUST00614,India,2024-02-02 03:00:00,Clothing,T-Shirt,2,16.46,0.0,0.0,32.92,32.92,Paid Ads,Debit Card,Completed
ORD004923,CUST00272,Germany,2024-06-09 17:00:00,Beauty,Lipstick,1,5.93,0.0,0.0,5.93,5.93,Organic Search,Cash on Delivery,Completed
ORD004924,CUST01403,India,2025-05-09 20:00:00,Beauty,Shampoo,1,24.33,15.0,3.65,24.33,20.68,Organic Search,PayPal,Completed
ORD004925,CUST00603,India,2024-01-13 11:00:00,Electronics,Bluetooth Speaker,1,92.75,0.0,0.0,92.75,92.75,Paid Ads,Credit Card,Completed
ORD004926,CUST00067,India,2024-03-23 01:00:00,Electronics,Wireless Earbuds,1,23.73,20.0,4.75,23.73,18.98,Direct,Credit Card,Completed
ORD004927,CUST01046,UK,2024-08-21 19:00:00,Clothing,T-Shirt,1,67.89,15.0,10.18,67.89,57.71,Paid Ads,Debit Card,Completed
ORD004928,CUST00315,Canada,2025-01-25 00:00:00,Electronics,Smartphone Case,1,139.11,20.0,27.82,139.11,111.29,Organic Search,UPI,Cancelled
ORD004929,CUST01395,India,2024-05-09 12:00:00,Sports,Water Bottle,1,67.39,5.0,3.37,67.39,64.02,Social Media,Debit Card,Completed
ORD004930,CUST01420,Australia,2025-04-02 17:00:00,Books,Self-Help Book,1,19.87,0.0,0.0,19.87,19.87,Organic Search,PayPal,Completed
ORD004931,CUST00431,India,2024-10-25 03:00:00,Beauty,Perfume,4,36.99,5.0,7.4,147.96,140.56,Organic Search,Cash on Delivery,Completed
ORD004932,CUST01470,Germany,2024-08-30 01:00:00,Home & Kitchen,Storage Box,1,71.26,5.0,3.56,71.26,67.7,Direct,PayPal,Completed
ORD004933,CUST01481,Germany,2024-02-12 05:00:00,Clothing,Jeans,1,77.79,0.0,0.0,77.79,77.79,Organic Search,Cash on Delivery,Completed
ORD004934,CUST01430,Canada,2024-02-14 00:00:00,Home & Kitchen,Bed Sheets,2,87.85,0.0,0.0,175.7,175.7,Social Media,Credit Card,Completed
ORD004935,CUST01195,India,2024-09-08 04:00:00,Clothing,Hoodie,1,47.99,20.0,9.6,47.99,38.39,Organic Search,Debit Card,Completed
ORD004936,CUST00918,Australia,2025-04-07 05:00:00,Sports,Yoga Mat,1,41.45,0.0,0.0,41.45,41.45,Email,Debit Card,Completed
ORD004937,CUST00112,India,2024-06-25 04:00:00,Electronics,USB-C Cable,3,147.38,0.0,0.0,442.14,442.14,Email,Cash on Delivery,Completed
ORD004938,CUST00360,USA,2024-02-18 01:00:00,Home & Kitchen,Cutlery Set,2,86.82,0.0,0.0,173.64,173.64,Paid Ads,UPI,Completed
ORD004939,CUST00179,Australia,2024-03-03 20:00:00,Clothing,Hoodie,1,78.29,5.0,3.91,78.29,74.38,Email,PayPal,Completed
ORD004940,CUST00647,USA,2025-05-06 15:00:00,Clothing,T-Shirt,1,13.97,0.0,0.0,13.97,13.97,Direct,PayPal,Completed
ORD004941,CUST01312,Canada,2024-06-25 00:00:00,Beauty,Perfume,1,24.82,10.0,2.48,24.82,22.34,Email,PayPal,Completed
ORD004942,CUST00997,Canada,2024-02-06 12:00:00,Sports,Water Bottle,1,80.67,0.0,0.0,80.67,80.67,Email,PayPal,Completed
ORD004943,CUST01041,USA,2024-02-29 14:00:00,Beauty,Perfume,1,22.7,15.0,3.4,22.7,19.3,Social Media,Debit Card,Completed
ORD004944,CUST01488,UK,2025-01-12 18:00:00,Clothing,T-Shirt,1,68.49,5.0,3.42,68.49,65.07,Social Media,Credit Card,Completed
ORD004945,CUST01214,Germany,2024-05-14 15:00:00,Books,Novel,2,23.72,0.0,0.0,47.44,47.44,Direct,Credit Card,Completed
ORD004946,CUST00081,Canada,2025-03-14 01:00:00,Toys,Board Game,1,44.29,20.0,8.86,44.29,35.43,Organic Search,UPI,Completed
ORD004947,CUST01205,USA,2025-02-06 20:00:00,Clothing,T-Shirt,1,44.86,20.0,8.97,44.86,35.89,Email,UPI,Completed
ORD004948,CUST00488,India,2025-02-06 22:00:00,Books,Comic,2,13.04,15.0,3.91,26.08,22.17,Direct,Cash on Delivery,Completed
ORD004949,CUST00949,Canada,2024-01-04 15:00:00,Home & Kitchen,Cutlery Set,1,92.61,0.0,0.0,92.61,92.61,Social Media,PayPal,Completed
ORD004950,CUST00130,USA,2024-08-06 04:00:00,Beauty,Lipstick,1,18.68,15.0,2.8,18.68,15.88,Social Media,UPI,Completed
ORD004951,CUST01015,UK,2024-01-16 22:00:00,Books,Cookbook,1,8.31,5.0,0.42,8.31,7.89,Organic Search,PayPal,Completed
ORD004952,CUST00402,Canada,2024-01-04 18:00:00,Beauty,Perfume,2,40.89,0.0,0.0,81.78,81.78,Direct,PayPal,Completed
ORD004953,CUST00073,India,2025-04-26 08:00:00,Home & Kitchen,Storage Box,1,73.56,0.0,0.0,73.56,73.56,Organic Search,Cash on Delivery,Completed
ORD004954,CUST01189,India,2024-10-06 04:00:00,Beauty,Face Cream,3,14.19,0.0,0.0,42.57,42.57,Direct,Credit Card,Returned
ORD004955,CUST00502,USA,2024-04-03 12:00:00,Electronics,Smartphone Case,1,111.52,15.0,16.73,111.52,94.79,Organic Search,Credit Card,Completed
ORD004956,CUST00587,India,2025-04-16 14:00:00,Electronics,Power Bank,1,53.25,0.0,0.0,53.25,53.25,Social Media,Credit Card,Cancelled
ORD004957,CUST00241,Australia,2025-01-17 10:00:00,Beauty,Sunscreen,1,27.15,5.0,1.36,27.15,25.79,Paid Ads,UPI,Completed
ORD004958,CUST00877,UK,2024-12-31 08:00:00,Home & Kitchen,Cutlery Set,3,57.7,5.0,8.65,173.1,164.45,Organic Search,Cash on Delivery,Completed
ORD004959,CUST01019,Canada,2024-12-21 15:00:00,Electronics,Power Bank,1,139.68,0.0,0.0,139.68,139.68,Paid Ads,Debit Card,Completed
ORD004960,CUST00869,Canada,2024-10-25 10:00:00,Beauty,Perfume,1,11.86,0.0,0.0,11.86,11.86,Organic Search,Debit Card,Cancelled
ORD004961,CUST00112,India,2024-06-12 08:00:00,Clothing,Hoodie,1,79.92,5.0,4.0,79.92,75.92,Organic Search,Credit Card,Returned
ORD004962,CUST00612,Germany,2025-05-01 01:00:00,Clothing,Hoodie,1,51.12,15.0,7.67,51.12,43.45,Paid Ads,Cash on Delivery,Returned
ORD004963,CUST00550,Germany,2024-05-18 13:00:00,Books,Comic,1,13.13,0.0,0.0,13.13,13.13,Paid Ads,Cash on Delivery,Completed
ORD004964,CUST00350,UK,2025-04-19 21:00:00,Electronics,USB-C Cable,1,137.83,20.0,27.57,137.83,110.26,Organic Search,Cash on Delivery,Completed
ORD004965,CUST01019,Canada,2024-12-08 09:00:00,Sports,Running Shoes,2,87.22,0.0,0.0,174.44,174.44,Social Media,Cash on Delivery,Completed
ORD004966,CUST00630,India,2024-03-25 14:00:00,Clothing,Hoodie,1,39.35,0.0,0.0,39.35,39.35,Organic Search,PayPal,Completed
ORD004967,CUST01410,Canada,2025-02-24 20:00:00,Toys,RC Car,1,12.97,20.0,2.59,12.97,10.38,Paid Ads,PayPal,Cancelled
ORD004968,CUST00919,Germany,2025-03-08 15:00:00,Home & Kitchen,Blender,1,65.64,5.0,3.28,65.64,62.36,Organic Search,Cash on Delivery,Completed
ORD004969,CUST01008,Canada,2024-01-05 20:00:00,Toys,RC Car,2,39.44,0.0,0.0,78.88,78.88,Organic Search,Cash on Delivery,Completed
ORD004970,CUST00689,Germany,2025-01-06 16:00:00,Home & Kitchen,Coffee Maker,1,72.31,0.0,0.0,72.31,72.31,Organic Search,Cash on Delivery,Completed
ORD004971,CUST00110,India,2024-12-19 20:00:00,Home & Kitchen,Bed Sheets,1,18.35,0.0,0.0,18.35,18.35,Organic Search,PayPal,Completed
ORD004972,CUST01497,UK,2024-02-08 15:00:00,Electronics,Smartphone Case,1,141.05,10.0,14.1,141.05,126.95,Email,Credit Card,Completed
ORD004973,CUST00432,Germany,2024-10-10 22:00:00,Clothing,Sneakers,1,23.23,0.0,0.0,23.23,23.23,Paid Ads,UPI,Completed
ORD004974,CUST00952,UK,2025-03-19 06:00:00,Beauty,Perfume,1,37.36,5.0,1.87,37.36,35.49,Email,UPI,Completed
ORD004975,CUST01290,India,2025-01-27 17:00:00,Electronics,Power Bank,1,97.32,0.0,0.0,97.32,97.32,Email,Debit Card,Completed
ORD004976,CUST01321,India,2024-09-23 10:00:00,Clothing,T-Shirt,1,32.45,10.0,3.24,32.45,29.21,Email,Credit Card,Completed
ORD004977,CUST00328,UK,2024-02-16 00:00:00,Books,Novel,1,22.08,5.0,1.1,22.08,20.98,Social Media,Cash on Delivery,Completed
ORD004978,CUST01243,Germany,2024-01-03 03:00:00,Sports,Running Shoes,1,13.22,0.0,0.0,13.22,13.22,Email,Cash on Delivery,Completed
ORD004979,CUST01280,USA,2024-07-03 21:00:00,Sports,Resistance Bands,1,65.26,5.0,3.26,65.26,62.0,Social Media,UPI,Completed
ORD004980,CUST01205,USA,2024-08-21 12:00:00,Books,Comic,1,26.79,0.0,0.0,26.79,26.79,Email,Debit Card,Returned
ORD004981,CUST00549,USA,2024-07-24 10:00:00,Clothing,T-Shirt,2,13.23,0.0,0.0,26.46,26.46,Social Media,Credit Card,Completed
ORD004982,CUST00140,Australia,2024-05-16 04:00:00,Clothing,Sneakers,1,10.46,0.0,0.0,10.46,10.46,Organic Search,Cash on Delivery,Completed
ORD004983,CUST00160,Germany,2025-05-14 11:00:00,Electronics,Bluetooth Speaker,1,55.53,0.0,0.0,55.53,55.53,Direct,PayPal,Completed
ORD004984,CUST00386,Germany,2024-05-06 18:00:00,Sports,Running Shoes,1,85.29,0.0,0.0,85.29,85.29,Organic Search,Cash on Delivery,Completed
ORD004985,CUST01143,UK,2025-02-06 05:00:00,Sports,Resistance Bands,3,53.99,20.0,32.39,161.97,129.58,Email,Credit Card,Completed
ORD004986,CUST00254,India,2024-05-02 05:00:00,Books,Cookbook,1,25.88,5.0,1.29,25.88,24.59,Paid Ads,Cash on Delivery,Completed
ORD004987,CUST01382,USA,2025-05-09 10:00:00,Clothing,Jeans,1,32.24,5.0,1.61,32.24,30.63,Organic Search,UPI,Completed
ORD004988,CUST01257,India,2024-09-24 06:00:00,Toys,Action Figure,1,31.04,5.0,1.55,31.04,29.49,Paid Ads,Debit Card,Completed
ORD004989,CUST01264,USA,2024-09-30 05:00:00,Home & Kitchen,Blender,2,66.34,5.0,6.63,132.68,126.05,Paid Ads,Credit Card,Completed
ORD004990,CUST01089,Australia,2025-02-25 13:00:00,Clothing,Jeans,3,37.24,0.0,0.0,111.72,111.72,Social Media,PayPal,Completed
ORD004991,CUST00895,UK,2025-04-13 18:00:00,Home & Kitchen,Coffee Maker,2,24.28,15.0,7.28,48.56,41.28,Organic Search,UPI,Completed
ORD004992,CUST01348,USA,2025-02-08 10:00:00,Electronics,Bluetooth Speaker,1,105.7,0.0,0.0,105.7,105.7,Organic Search,UPI,Completed
ORD004993,CUST00218,Germany,2024-10-13 12:00:00,Beauty,Sunscreen,1,16.53,5.0,0.83,16.53,15.7,Organic Search,Credit Card,Completed
ORD004994,CUST00360,USA,2024-12-30 12:00:00,Sports,Dumbbells,4,18.29,0.0,0.0,73.16,73.16,Paid Ads,Cash on Delivery,Completed
ORD004995,CUST01272,Canada,2025-03-10 21:00:00,Clothing,Jacket,2,32.8,10.0,6.56,65.6,59.04,Organic Search,Credit Card,Completed
ORD004996,CUST00027,India,2024-12-05 08:00:00,Electronics,Wireless Earbuds,1,108.73,0.0,0.0,108.73,108.73,Organic Search,Credit Card,Completed
ORD004997,CUST00846,USA,2025-01-27 13:00:00,Electronics,Power Bank,1,26.43,0.0,0.0,26.43,26.43,Paid Ads,Cash on Delivery,Completed
ORD004998,CUST00934,USA,2024-02-04 10:00:00,Home & Kitchen,Cutlery Set,1,69.06,0.0,0.0,69.06,69.06,Organic Search,Cash on Delivery,Completed
ORD004999,CUST00932,Canada,2025-01-03 14:00:00,Beauty,Perfume,1,40.62,20.0,8.12,40.62,32.5,Paid Ads,UPI,Completed
ORD005000,CUST00980,USA,2024-02-25 06:00:00,Toys,RC Car,1,29.15,0.0,0.0,29.15,29.15,Paid Ads,Cash on Delivery,Completed
ORD002765,CUST00567,USA,2024-09-19 13:00:00,Books,Comic,1,21.94,0.0,0.0,21.94,21.94,Email,Debit Card,Completed
ORD004768,CUST00491,USA,2024-12-08 18:00:00,Books,Comic,1,12.93,0.0,0.0,12.93,12.93,Social Media,PayPal,Completed
ORD003815,CUST01030,Canada,2024-01-15 12:00:00,Books,Self-Help Book,1,19.24,0.0,0.0,19.24,19.24,Organic Search,Credit Card,Completed
ORD003500,CUST00913,UK,2024-06-08 16:00:00,Home & Kitchen,Blender,1,24.38,5.0,1.22,24.38,23.16,Organic Search,Credit Card,Completed
ORD002736,CUST00982,Germany,2024-06-27 03:00:00,Home & Kitchen,Cutlery Set,1,30.04,0.0,0.0,30.04,30.04,Social Media,UPI,Completed
ORD003923,CUST00011,India,2024-05-13 02:00:00,Electronics,Bluetooth Speaker,2,47.63,5.0,4.76,95.26,90.5,Social Media,Credit Card,Completed
ORD002702,CUST00754,India,2025-01-14 02:00:00,Toys,RC Car,1,33.32,0.0,0.0,33.32,33.32,Social Media,Credit Card,Completed
ORD001180,CUST01007,UK,2024-02-02 01:00:00,Electronics,Smartphone Case,1,23.71,0.0,0.0,23.71,23.71,Social Media,PayPal,Returned
ORD000933,CUST00464,USA,2024-09-13 04:00:00,Home & Kitchen,Storage Box,3,31.84,5.0,4.78,95.52,90.74,Social Media,UPI,Completed
ORD000793,CUST00861,Germany,2025-04-11 03:00:00,Electronics,Wireless Earbuds,4,77.34,0.0,0.0,309.36,309.36,Social Media,Cash on Delivery,Returned
ORD001853,CUST00901,India,2024-04-13 10:00:00,Electronics,Smartphone Case,1,46.85,0.0,0.0,46.85,46.85,Organic Search,PayPal,Returned
ORD001186,CUST00974,India,2025-01-31 11:00:00,Sports,Water Bottle,1,61.01,20.0,12.2,61.01,48.81,Social Media,UPI,Completed
ORD001725,CUST00823,India,2025-02-23 04:00:00,Toys,RC Car,2,43.42,0.0,0.0,86.84,86.84,Organic Search,Debit Card,Completed
ORD004081,CUST00053,Australia,2024-02-14 12:00:00,Home & Kitchen,Cutlery Set,1,52.39,15.0,7.86,52.39,44.53,Organic Search,UPI,Completed
ORD003824,CUST00241,Australia,2025-04-09 06:00:00,Books,Self-Help Book,1,22.53,0.0,0.0,22.53,22.53,Paid Ads,Cash on Delivery,Completed
